2026-06-01 09:15:22.325 | WARNING  | logging:callHandlers:1762 - StatReload detected changes in 'app/plugin/module_salesmanagement/marketing_resources/model.py'. Reloading...
2026-06-01 09:15:23.825 | WARNING  | logging:callHandlers:1762 - StatReload detected changes in 'app/plugin/module_salesmanagement/marketing_resources/schema.py'. Reloading...
2026-06-01 09:15:25.082 | INFO     | app.core.discover:get_dynamic_router:69 - 🚀 开始动态路由发现与注册
2026-06-01 09:15:25.988 | INFO     | app.core.discover:get_dynamic_router:159 - ✅️ 注册容器: /ai (子路由数: 6)
2026-06-01 09:15:25.996 | INFO     | app.core.discover:get_dynamic_router:159 - ✅️ 注册容器: /example (子路由数: 18)
2026-06-01 09:15:26.001 | INFO     | app.core.discover:get_dynamic_router:159 - ✅️ 注册容器: /generator (子路由数: 12)
2026-06-01 09:15:26.004 | INFO     | app.core.discover:get_dynamic_router:159 - ✅️ 注册容器: /salesmanagement (子路由数: 6)
2026-06-01 09:15:26.017 | INFO     | app.core.discover:get_dynamic_router:159 - ✅️ 注册容器: /task (子路由数: 37)
2026-06-01 09:15:26.017 | INFO     | app.core.discover:get_dynamic_router:161 - ✅️ 动态路由发现完成: 共 5 个容器前缀
2026-06-01 09:15:26.181 | WARNING  | app.scripts.initialize:__init_data:76 - ⚠️  跳过 sys_tenant 表数据初始化（表已存在 1 条记录）
2026-06-01 09:15:26.182 | WARNING  | app.scripts.initialize:__init_data:76 - ⚠️  跳过 sys_menu 表数据初始化（表已存在 194 条记录）
2026-06-01 09:15:26.183 | WARNING  | app.scripts.initialize:__init_data:76 - ⚠️  跳过 sys_param 表数据初始化（表已存在 17 条记录）
2026-06-01 09:15:26.184 | WARNING  | app.scripts.initialize:__init_data:76 - ⚠️  跳过 sys_dept 表数据初始化（表已存在 4 条记录）
2026-06-01 09:15:26.186 | WARNING  | app.scripts.initialize:__init_data:76 - ⚠️  跳过 sys_role 表数据初始化（表已存在 5 条记录）
2026-06-01 09:15:26.187 | WARNING  | app.scripts.initialize:__init_data:76 - ⚠️  跳过 sys_dict_type 表数据初始化（表已存在 10 条记录）
2026-06-01 09:15:26.189 | WARNING  | app.scripts.initialize:__init_data:76 - ⚠️  跳过 sys_dict_data 表数据初始化（表已存在 34 条记录）
2026-06-01 09:15:26.190 | WARNING  | app.scripts.initialize:__init_data:76 - ⚠️  跳过 sys_position 表数据初始化（表已存在 5 条记录）
2026-06-01 09:15:26.192 | WARNING  | app.scripts.initialize:__init_data:76 - ⚠️  跳过 sys_user 表数据初始化（表已存在 8 条记录）
2026-06-01 09:15:26.193 | WARNING  | app.scripts.initialize:__init_data:76 - ⚠️  跳过 sys_user_roles 表数据初始化（表已存在 11 条记录）
2026-06-01 09:15:26.193 | INFO     | app.scripts.init_app:lifespan:44 - ✅ postgres数据库初始化完成
2026-06-01 09:15:26.195 | INFO     | app.scripts.init_app:lifespan:48 - ✅ 全局事件模块加载完成
2026-06-01 09:15:26.248 | INFO     | app.scripts.init_app:lifespan:50 - ✅ Redis系统配置初始化完成
2026-06-01 09:15:26.259 | INFO     | app.scripts.init_app:lifespan:52 - ✅ Redis数据字典初始化完成
2026-06-01 09:15:26.283 | INFO     | logging:callHandlers:1762 - Scheduler started
2026-06-01 09:15:26.284 | INFO     | app.scripts.init_app:lifespan:54 - ✅ 定时任务调度器初始化完成
2026-06-01 09:15:26.289 | INFO     | app.scripts.init_app:lifespan:61 - ✅ 请求限流器初始化完成
2026-06-01 09:15:27.868 | INFO     | app.core.discover:get_dynamic_router:69 - 🚀 开始动态路由发现与注册
2026-06-01 09:15:28.536 | INFO     | app.core.discover:get_dynamic_router:159 - ✅️ 注册容器: /ai (子路由数: 6)
2026-06-01 09:15:28.545 | INFO     | app.core.discover:get_dynamic_router:159 - ✅️ 注册容器: /example (子路由数: 18)
2026-06-01 09:15:28.550 | INFO     | app.core.discover:get_dynamic_router:159 - ✅️ 注册容器: /generator (子路由数: 12)
2026-06-01 09:15:28.553 | INFO     | app.core.discover:get_dynamic_router:159 - ✅️ 注册容器: /salesmanagement (子路由数: 6)
2026-06-01 09:15:28.568 | INFO     | app.core.discover:get_dynamic_router:159 - ✅️ 注册容器: /task (子路由数: 37)
2026-06-01 09:15:28.568 | INFO     | app.core.discover:get_dynamic_router:161 - ✅️ 动态路由发现完成: 共 5 个容器前缀
2026-06-01 09:15:28.710 | WARNING  | app.scripts.initialize:__init_data:76 - ⚠️  跳过 sys_tenant 表数据初始化（表已存在 1 条记录）
2026-06-01 09:15:28.712 | WARNING  | app.scripts.initialize:__init_data:76 - ⚠️  跳过 sys_menu 表数据初始化（表已存在 194 条记录）
2026-06-01 09:15:28.712 | WARNING  | app.scripts.initialize:__init_data:76 - ⚠️  跳过 sys_param 表数据初始化（表已存在 17 条记录）
2026-06-01 09:15:28.713 | WARNING  | app.scripts.initialize:__init_data:76 - ⚠️  跳过 sys_dept 表数据初始化（表已存在 4 条记录）
2026-06-01 09:15:28.714 | WARNING  | app.scripts.initialize:__init_data:76 - ⚠️  跳过 sys_role 表数据初始化（表已存在 5 条记录）
2026-06-01 09:15:28.715 | WARNING  | app.scripts.initialize:__init_data:76 - ⚠️  跳过 sys_dict_type 表数据初始化（表已存在 10 条记录）
2026-06-01 09:15:28.716 | WARNING  | app.scripts.initialize:__init_data:76 - ⚠️  跳过 sys_dict_data 表数据初始化（表已存在 34 条记录）
2026-06-01 09:15:28.717 | WARNING  | app.scripts.initialize:__init_data:76 - ⚠️  跳过 sys_position 表数据初始化（表已存在 5 条记录）
2026-06-01 09:15:28.719 | WARNING  | app.scripts.initialize:__init_data:76 - ⚠️  跳过 sys_user 表数据初始化（表已存在 8 条记录）
2026-06-01 09:15:28.720 | WARNING  | app.scripts.initialize:__init_data:76 - ⚠️  跳过 sys_user_roles 表数据初始化（表已存在 11 条记录）
2026-06-01 09:15:28.720 | INFO     | app.scripts.init_app:lifespan:44 - ✅ postgres数据库初始化完成
2026-06-01 09:15:28.722 | INFO     | app.scripts.init_app:lifespan:48 - ✅ 全局事件模块加载完成
2026-06-01 09:15:28.772 | INFO     | app.scripts.init_app:lifespan:50 - ✅ Redis系统配置初始化完成
2026-06-01 09:15:28.781 | INFO     | app.scripts.init_app:lifespan:52 - ✅ Redis数据字典初始化完成
2026-06-01 09:15:28.807 | INFO     | logging:callHandlers:1762 - Scheduler started
2026-06-01 09:15:28.807 | INFO     | app.scripts.init_app:lifespan:54 - ✅ 定时任务调度器初始化完成
2026-06-01 09:15:28.812 | INFO     | app.scripts.init_app:lifespan:61 - ✅ 请求限流器初始化完成
2026-06-01 09:15:31.027 | WARNING  | logging:callHandlers:1762 - StatReload detected changes in 'app/plugin/module_salesmanagement/marketing_resources/feishu_import.py'. Reloading...
2026-06-01 09:15:31.164 | INFO     | app.scripts.init_app:lifespan:84 - ✅ 定时任务调度器已关闭
2026-06-01 09:15:31.164 | INFO     | logging:callHandlers:1762 - Scheduler has been shut down
2026-06-01 09:15:31.165 | INFO     | app.core.ap_scheduler:_handle_scheduler_shutdown:369 - 调度器已关闭
2026-06-01 09:15:31.198 | INFO     | app.scripts.init_app:lifespan:86 - ✅ 请求限制器已关闭
2026-06-01 09:15:31.198 | INFO     | app.core.database:redis_connect:176 - ✅️ Redis连接已关闭
2026-06-01 09:15:31.198 | INFO     | app.scripts.init_app:lifespan:88 - ✅ 全局事件模块卸载完成
2026-06-01 09:15:32.456 | WARNING  | logging:callHandlers:1762 - StatReload detected changes in 'app/plugin/module_salesmanagement/marketing_resources/feishu_import.py'. Reloading...
2026-06-01 09:15:32.886 | INFO     | app.core.discover:get_dynamic_router:69 - 🚀 开始动态路由发现与注册
2026-06-01 09:15:33.714 | INFO     | app.core.discover:get_dynamic_router:159 - ✅️ 注册容器: /ai (子路由数: 6)
2026-06-01 09:15:33.724 | INFO     | app.core.discover:get_dynamic_router:159 - ✅️ 注册容器: /example (子路由数: 18)
2026-06-01 09:15:33.729 | INFO     | app.core.discover:get_dynamic_router:159 - ✅️ 注册容器: /generator (子路由数: 12)
2026-06-01 09:15:33.732 | INFO     | app.core.discover:get_dynamic_router:159 - ✅️ 注册容器: /salesmanagement (子路由数: 6)
2026-06-01 09:15:33.746 | INFO     | app.core.discover:get_dynamic_router:159 - ✅️ 注册容器: /task (子路由数: 37)
2026-06-01 09:15:33.747 | INFO     | app.core.discover:get_dynamic_router:161 - ✅️ 动态路由发现完成: 共 5 个容器前缀
2026-06-01 09:15:33.922 | WARNING  | app.scripts.initialize:__init_data:76 - ⚠️  跳过 sys_tenant 表数据初始化（表已存在 1 条记录）
2026-06-01 09:15:33.924 | WARNING  | app.scripts.initialize:__init_data:76 - ⚠️  跳过 sys_menu 表数据初始化（表已存在 194 条记录）
2026-06-01 09:15:33.925 | WARNING  | app.scripts.initialize:__init_data:76 - ⚠️  跳过 sys_param 表数据初始化（表已存在 17 条记录）
2026-06-01 09:15:33.926 | WARNING  | app.scripts.initialize:__init_data:76 - ⚠️  跳过 sys_dept 表数据初始化（表已存在 4 条记录）
2026-06-01 09:15:33.927 | WARNING  | app.scripts.initialize:__init_data:76 - ⚠️  跳过 sys_role 表数据初始化（表已存在 5 条记录）
2026-06-01 09:15:33.928 | WARNING  | app.scripts.initialize:__init_data:76 - ⚠️  跳过 sys_dict_type 表数据初始化（表已存在 10 条记录）
2026-06-01 09:15:33.930 | WARNING  | app.scripts.initialize:__init_data:76 - ⚠️  跳过 sys_dict_data 表数据初始化（表已存在 34 条记录）
2026-06-01 09:15:33.931 | WARNING  | app.scripts.initialize:__init_data:76 - ⚠️  跳过 sys_position 表数据初始化（表已存在 5 条记录）
2026-06-01 09:15:33.933 | WARNING  | app.scripts.initialize:__init_data:76 - ⚠️  跳过 sys_user 表数据初始化（表已存在 8 条记录）
2026-06-01 09:15:33.934 | WARNING  | app.scripts.initialize:__init_data:76 - ⚠️  跳过 sys_user_roles 表数据初始化（表已存在 11 条记录）
2026-06-01 09:15:33.934 | INFO     | app.scripts.init_app:lifespan:44 - ✅ postgres数据库初始化完成
2026-06-01 09:15:33.936 | INFO     | app.scripts.init_app:lifespan:48 - ✅ 全局事件模块加载完成
2026-06-01 09:15:33.993 | INFO     | app.scripts.init_app:lifespan:50 - ✅ Redis系统配置初始化完成
2026-06-01 09:15:34.006 | INFO     | app.scripts.init_app:lifespan:52 - ✅ Redis数据字典初始化完成
2026-06-01 09:15:34.032 | INFO     | logging:callHandlers:1762 - Scheduler started
2026-06-01 09:15:34.032 | INFO     | app.scripts.init_app:lifespan:54 - ✅ 定时任务调度器初始化完成
2026-06-01 09:15:34.036 | INFO     | app.scripts.init_app:lifespan:61 - ✅ 请求限流器初始化完成
2026-06-01 09:15:35.735 | INFO     | app.core.discover:get_dynamic_router:69 - 🚀 开始动态路由发现与注册
2026-06-01 09:15:36.452 | INFO     | app.core.discover:get_dynamic_router:159 - ✅️ 注册容器: /ai (子路由数: 6)
2026-06-01 09:15:36.461 | INFO     | app.core.discover:get_dynamic_router:159 - ✅️ 注册容器: /example (子路由数: 18)
2026-06-01 09:15:36.466 | INFO     | app.core.discover:get_dynamic_router:159 - ✅️ 注册容器: /generator (子路由数: 12)
2026-06-01 09:15:36.469 | INFO     | app.core.discover:get_dynamic_router:159 - ✅️ 注册容器: /salesmanagement (子路由数: 6)
2026-06-01 09:15:36.483 | INFO     | app.core.discover:get_dynamic_router:159 - ✅️ 注册容器: /task (子路由数: 37)
2026-06-01 09:15:36.483 | INFO     | app.core.discover:get_dynamic_router:161 - ✅️ 动态路由发现完成: 共 5 个容器前缀
2026-06-01 09:15:36.634 | WARNING  | app.scripts.initialize:__init_data:76 - ⚠️  跳过 sys_tenant 表数据初始化（表已存在 1 条记录）
2026-06-01 09:15:36.635 | WARNING  | app.scripts.initialize:__init_data:76 - ⚠️  跳过 sys_menu 表数据初始化（表已存在 194 条记录）
2026-06-01 09:15:36.637 | WARNING  | app.scripts.initialize:__init_data:76 - ⚠️  跳过 sys_param 表数据初始化（表已存在 17 条记录）
2026-06-01 09:15:36.638 | WARNING  | app.scripts.initialize:__init_data:76 - ⚠️  跳过 sys_dept 表数据初始化（表已存在 4 条记录）
2026-06-01 09:15:36.639 | WARNING  | app.scripts.initialize:__init_data:76 - ⚠️  跳过 sys_role 表数据初始化（表已存在 5 条记录）
2026-06-01 09:15:36.640 | WARNING  | app.scripts.initialize:__init_data:76 - ⚠️  跳过 sys_dict_type 表数据初始化（表已存在 10 条记录）
2026-06-01 09:15:36.640 | WARNING  | app.scripts.initialize:__init_data:76 - ⚠️  跳过 sys_dict_data 表数据初始化（表已存在 34 条记录）
2026-06-01 09:15:36.641 | WARNING  | app.scripts.initialize:__init_data:76 - ⚠️  跳过 sys_position 表数据初始化（表已存在 5 条记录）
2026-06-01 09:15:36.642 | WARNING  | app.scripts.initialize:__init_data:76 - ⚠️  跳过 sys_user 表数据初始化（表已存在 8 条记录）
2026-06-01 09:15:36.643 | WARNING  | app.scripts.initialize:__init_data:76 - ⚠️  跳过 sys_user_roles 表数据初始化（表已存在 11 条记录）
2026-06-01 09:15:36.643 | INFO     | app.scripts.init_app:lifespan:44 - ✅ postgres数据库初始化完成
2026-06-01 09:15:36.645 | INFO     | app.scripts.init_app:lifespan:48 - ✅ 全局事件模块加载完成
2026-06-01 09:15:36.699 | INFO     | app.scripts.init_app:lifespan:50 - ✅ Redis系统配置初始化完成
2026-06-01 09:15:36.709 | INFO     | app.scripts.init_app:lifespan:52 - ✅ Redis数据字典初始化完成
2026-06-01 09:15:36.732 | INFO     | logging:callHandlers:1762 - Scheduler started
2026-06-01 09:15:36.732 | INFO     | app.scripts.init_app:lifespan:54 - ✅ 定时任务调度器初始化完成
2026-06-01 09:15:36.736 | INFO     | app.scripts.init_app:lifespan:61 - ✅ 请求限流器初始化完成
2026-06-01 09:15:39.425 | WARNING  | logging:callHandlers:1762 - StatReload detected changes in 'app/plugin/module_salesmanagement/marketing_resources/feishu_import.py'. Reloading...
2026-06-01 09:15:39.566 | INFO     | app.scripts.init_app:lifespan:84 - ✅ 定时任务调度器已关闭
2026-06-01 09:15:39.569 | INFO     | logging:callHandlers:1762 - Scheduler has been shut down
2026-06-01 09:15:39.569 | INFO     | app.core.ap_scheduler:_handle_scheduler_shutdown:369 - 调度器已关闭
2026-06-01 09:15:39.602 | INFO     | app.scripts.init_app:lifespan:86 - ✅ 请求限制器已关闭
2026-06-01 09:15:39.602 | INFO     | app.core.database:redis_connect:176 - ✅️ Redis连接已关闭
2026-06-01 09:15:39.602 | INFO     | app.scripts.init_app:lifespan:88 - ✅ 全局事件模块卸载完成
2026-06-01 09:15:41.762 | INFO     | app.core.discover:get_dynamic_router:69 - 🚀 开始动态路由发现与注册
2026-06-01 09:15:42.571 | INFO     | app.core.discover:get_dynamic_router:159 - ✅️ 注册容器: /ai (子路由数: 6)
2026-06-01 09:15:42.596 | INFO     | app.core.discover:get_dynamic_router:159 - ✅️ 注册容器: /example (子路由数: 18)
2026-06-01 09:15:42.602 | INFO     | app.core.discover:get_dynamic_router:159 - ✅️ 注册容器: /generator (子路由数: 12)
2026-06-01 09:15:42.610 | INFO     | app.core.discover:get_dynamic_router:159 - ✅️ 注册容器: /salesmanagement (子路由数: 6)
2026-06-01 09:15:42.627 | INFO     | app.core.discover:get_dynamic_router:159 - ✅️ 注册容器: /task (子路由数: 37)
2026-06-01 09:15:42.627 | INFO     | app.core.discover:get_dynamic_router:161 - ✅️ 动态路由发现完成: 共 5 个容器前缀
2026-06-01 09:15:42.785 | WARNING  | app.scripts.initialize:__init_data:76 - ⚠️  跳过 sys_tenant 表数据初始化（表已存在 1 条记录）
2026-06-01 09:15:42.787 | WARNING  | app.scripts.initialize:__init_data:76 - ⚠️  跳过 sys_menu 表数据初始化（表已存在 194 条记录）
2026-06-01 09:15:42.788 | WARNING  | app.scripts.initialize:__init_data:76 - ⚠️  跳过 sys_param 表数据初始化（表已存在 17 条记录）
2026-06-01 09:15:42.789 | WARNING  | app.scripts.initialize:__init_data:76 - ⚠️  跳过 sys_dept 表数据初始化（表已存在 4 条记录）
2026-06-01 09:15:42.790 | WARNING  | app.scripts.initialize:__init_data:76 - ⚠️  跳过 sys_role 表数据初始化（表已存在 5 条记录）
2026-06-01 09:15:42.791 | WARNING  | app.scripts.initialize:__init_data:76 - ⚠️  跳过 sys_dict_type 表数据初始化（表已存在 10 条记录）
2026-06-01 09:15:42.792 | WARNING  | app.scripts.initialize:__init_data:76 - ⚠️  跳过 sys_dict_data 表数据初始化（表已存在 34 条记录）
2026-06-01 09:15:42.793 | WARNING  | app.scripts.initialize:__init_data:76 - ⚠️  跳过 sys_position 表数据初始化（表已存在 5 条记录）
2026-06-01 09:15:42.794 | WARNING  | app.scripts.initialize:__init_data:76 - ⚠️  跳过 sys_user 表数据初始化（表已存在 8 条记录）
2026-06-01 09:15:42.795 | WARNING  | app.scripts.initialize:__init_data:76 - ⚠️  跳过 sys_user_roles 表数据初始化（表已存在 11 条记录）
2026-06-01 09:15:42.795 | INFO     | app.scripts.init_app:lifespan:44 - ✅ postgres数据库初始化完成
2026-06-01 09:15:42.797 | INFO     | app.scripts.init_app:lifespan:48 - ✅ 全局事件模块加载完成
2026-06-01 09:15:42.858 | INFO     | app.scripts.init_app:lifespan:50 - ✅ Redis系统配置初始化完成
2026-06-01 09:15:42.867 | INFO     | app.scripts.init_app:lifespan:52 - ✅ Redis数据字典初始化完成
2026-06-01 09:15:42.892 | INFO     | logging:callHandlers:1762 - Scheduler started
2026-06-01 09:15:42.892 | INFO     | app.scripts.init_app:lifespan:54 - ✅ 定时任务调度器初始化完成
2026-06-01 09:15:42.896 | INFO     | app.scripts.init_app:lifespan:61 - ✅ 请求限流器初始化完成
2026-06-01 09:15:42.900 | INFO     | app.core.middlewares:dispatch:109 - 请求来源: 127.0.0.1,请求方法: GET,请求路径: /api/v1/salesmanagement/marketing_resources/list
2026-06-01 09:15:42.954 | ERROR    | app.core.exceptions:CustomExceptionHandler:80 - [自定义异常] GET /api/v1/salesmanagement/marketing_resources/list | 错误码: -1 | 错误信息: 分页查询失败: (sqlalchemy.dialects.postgresql.asyncpg.ProgrammingError) <class 'asyncpg.exceptions.UndefinedColumnError'>: column crm_marketing_resources.importance does not exist
[SQL: SELECT crm_marketing_resources.serial_no, crm_marketing_resources.month_period, crm_marketing_resources.resource_acquired_at, crm_marketing_resources.contact_name, crm_marketing_resources.phone, crm_marketing_resources.xiaoe_duplicate_check, crm_marketing_resources.resource_source, crm_marketing_resources.resource_path, crm_marketing_resources.owner_id, crm_marketing_resources.lead_question, crm_marketing_resources.is_wechat_added, crm_marketing_resources.real_name, crm_marketing_resources.has_industry_background, crm_marketing_resources.trades_etf, crm_marketing_resources.trades_hk_us_stocks, crm_marketing_resources.trades_commodity_futures, crm_marketing_resources.trading_capital, crm_marketing_resources.customer_profile, crm_marketing_resources.customer_demand, crm_marketing_resources.planned_recommendation, crm_marketing_resources.is_deal_closed, crm_marketing_resources.deal_amount, crm_marketing_resources.wechat_id, crm_marketing_resources.other_contact, crm_marketing_resources.importance, crm_marketing_resources.dept_id, crm_marketing_resources.id, crm_marketing_resources.uuid, crm_marketing_resources.description, crm_marketing_resources.created_time, crm_marketing_resources.updated_time, crm_marketing_resources.is_deleted, crm_marketing_resources.deleted_time, crm_marketing_resources.created_id, crm_marketing_resources.updated_id, crm_marketing_resources.deleted_id 
FROM crm_marketing_resources 
WHERE crm_marketing_resources.owner_id = $1::INTEGER OR crm_marketing_resources.created_id = $2::INTEGER ORDER BY crm_marketing_resources.updated_time DESC 
 LIMIT $3::INTEGER OFFSET $4::INTEGER]
[parameters: (3, 3, 10, 0)]
(Background on this error at: https://sqlalche.me/e/20/f405) | 详情: None
2026-06-01 09:15:42.955 | INFO     | app.core.middlewares:dispatch:197 - 响应状态: 500, 响应内容长度: 666, 处理时间: 55.12ms
2026-06-01 09:15:43.006 | INFO     | app.core.middlewares:dispatch:109 - 请求来源: 127.0.0.1,请求方法: GET,请求路径: /api/v1/salesmanagement/marketing_resources/list
2026-06-01 09:15:43.027 | ERROR    | app.core.exceptions:CustomExceptionHandler:80 - [自定义异常] GET /api/v1/salesmanagement/marketing_resources/list | 错误码: -1 | 错误信息: 分页查询失败: (sqlalchemy.dialects.postgresql.asyncpg.ProgrammingError) <class 'asyncpg.exceptions.UndefinedColumnError'>: column crm_marketing_resources.importance does not exist
[SQL: SELECT crm_marketing_resources.serial_no, crm_marketing_resources.month_period, crm_marketing_resources.resource_acquired_at, crm_marketing_resources.contact_name, crm_marketing_resources.phone, crm_marketing_resources.xiaoe_duplicate_check, crm_marketing_resources.resource_source, crm_marketing_resources.resource_path, crm_marketing_resources.owner_id, crm_marketing_resources.lead_question, crm_marketing_resources.is_wechat_added, crm_marketing_resources.real_name, crm_marketing_resources.has_industry_background, crm_marketing_resources.trades_etf, crm_marketing_resources.trades_hk_us_stocks, crm_marketing_resources.trades_commodity_futures, crm_marketing_resources.trading_capital, crm_marketing_resources.customer_profile, crm_marketing_resources.customer_demand, crm_marketing_resources.planned_recommendation, crm_marketing_resources.is_deal_closed, crm_marketing_resources.deal_amount, crm_marketing_resources.wechat_id, crm_marketing_resources.other_contact, crm_marketing_resources.importance, crm_marketing_resources.dept_id, crm_marketing_resources.id, crm_marketing_resources.uuid, crm_marketing_resources.description, crm_marketing_resources.created_time, crm_marketing_resources.updated_time, crm_marketing_resources.is_deleted, crm_marketing_resources.deleted_time, crm_marketing_resources.created_id, crm_marketing_resources.updated_id, crm_marketing_resources.deleted_id 
FROM crm_marketing_resources 
WHERE crm_marketing_resources.owner_id = $1::INTEGER OR crm_marketing_resources.created_id = $2::INTEGER ORDER BY crm_marketing_resources.updated_time DESC 
 LIMIT $3::INTEGER OFFSET $4::INTEGER]
[parameters: (3, 3, 10, 0)]
(Background on this error at: https://sqlalche.me/e/20/f405) | 详情: None
2026-06-01 09:15:43.028 | INFO     | app.core.middlewares:dispatch:197 - 响应状态: 500, 响应内容长度: 666, 处理时间: 22.21ms
2026-06-01 09:15:43.061 | INFO     | app.core.middlewares:dispatch:109 - 请求来源: 127.0.0.1,请求方法: GET,请求路径: /api/v1/salesmanagement/marketing_resources/list
2026-06-01 09:15:43.080 | ERROR    | app.core.exceptions:CustomExceptionHandler:80 - [自定义异常] GET /api/v1/salesmanagement/marketing_resources/list | 错误码: -1 | 错误信息: 分页查询失败: (sqlalchemy.dialects.postgresql.asyncpg.ProgrammingError) <class 'asyncpg.exceptions.UndefinedColumnError'>: column crm_marketing_resources.importance does not exist
[SQL: SELECT crm_marketing_resources.serial_no, crm_marketing_resources.month_period, crm_marketing_resources.resource_acquired_at, crm_marketing_resources.contact_name, crm_marketing_resources.phone, crm_marketing_resources.xiaoe_duplicate_check, crm_marketing_resources.resource_source, crm_marketing_resources.resource_path, crm_marketing_resources.owner_id, crm_marketing_resources.lead_question, crm_marketing_resources.is_wechat_added, crm_marketing_resources.real_name, crm_marketing_resources.has_industry_background, crm_marketing_resources.trades_etf, crm_marketing_resources.trades_hk_us_stocks, crm_marketing_resources.trades_commodity_futures, crm_marketing_resources.trading_capital, crm_marketing_resources.customer_profile, crm_marketing_resources.customer_demand, crm_marketing_resources.planned_recommendation, crm_marketing_resources.is_deal_closed, crm_marketing_resources.deal_amount, crm_marketing_resources.wechat_id, crm_marketing_resources.other_contact, crm_marketing_resources.importance, crm_marketing_resources.dept_id, crm_marketing_resources.id, crm_marketing_resources.uuid, crm_marketing_resources.description, crm_marketing_resources.created_time, crm_marketing_resources.updated_time, crm_marketing_resources.is_deleted, crm_marketing_resources.deleted_time, crm_marketing_resources.created_id, crm_marketing_resources.updated_id, crm_marketing_resources.deleted_id 
FROM crm_marketing_resources 
WHERE crm_marketing_resources.owner_id = $1::INTEGER OR crm_marketing_resources.created_id = $2::INTEGER ORDER BY crm_marketing_resources.updated_time DESC 
 LIMIT $3::INTEGER OFFSET $4::INTEGER]
[parameters: (3, 3, 10, 0)]
(Background on this error at: https://sqlalche.me/e/20/f405) | 详情: None
2026-06-01 09:15:43.080 | INFO     | app.core.middlewares:dispatch:197 - 响应状态: 500, 响应内容长度: 666, 处理时间: 19.61ms
2026-06-01 09:15:43.123 | INFO     | app.core.middlewares:dispatch:109 - 请求来源: 127.0.0.1,请求方法: GET,请求路径: /api/v1/salesmanagement/marketing_resources/list
2026-06-01 09:15:43.148 | ERROR    | app.core.exceptions:CustomExceptionHandler:80 - [自定义异常] GET /api/v1/salesmanagement/marketing_resources/list | 错误码: -1 | 错误信息: 分页查询失败: (sqlalchemy.dialects.postgresql.asyncpg.ProgrammingError) <class 'asyncpg.exceptions.UndefinedColumnError'>: column crm_marketing_resources.importance does not exist
[SQL: SELECT crm_marketing_resources.serial_no, crm_marketing_resources.month_period, crm_marketing_resources.resource_acquired_at, crm_marketing_resources.contact_name, crm_marketing_resources.phone, crm_marketing_resources.xiaoe_duplicate_check, crm_marketing_resources.resource_source, crm_marketing_resources.resource_path, crm_marketing_resources.owner_id, crm_marketing_resources.lead_question, crm_marketing_resources.is_wechat_added, crm_marketing_resources.real_name, crm_marketing_resources.has_industry_background, crm_marketing_resources.trades_etf, crm_marketing_resources.trades_hk_us_stocks, crm_marketing_resources.trades_commodity_futures, crm_marketing_resources.trading_capital, crm_marketing_resources.customer_profile, crm_marketing_resources.customer_demand, crm_marketing_resources.planned_recommendation, crm_marketing_resources.is_deal_closed, crm_marketing_resources.deal_amount, crm_marketing_resources.wechat_id, crm_marketing_resources.other_contact, crm_marketing_resources.importance, crm_marketing_resources.dept_id, crm_marketing_resources.id, crm_marketing_resources.uuid, crm_marketing_resources.description, crm_marketing_resources.created_time, crm_marketing_resources.updated_time, crm_marketing_resources.is_deleted, crm_marketing_resources.deleted_time, crm_marketing_resources.created_id, crm_marketing_resources.updated_id, crm_marketing_resources.deleted_id 
FROM crm_marketing_resources 
WHERE crm_marketing_resources.owner_id = $1::INTEGER OR crm_marketing_resources.created_id = $2::INTEGER ORDER BY crm_marketing_resources.updated_time DESC 
 LIMIT $3::INTEGER OFFSET $4::INTEGER]
[parameters: (3, 3, 10, 0)]
(Background on this error at: https://sqlalche.me/e/20/f405) | 详情: None
2026-06-01 09:15:43.149 | INFO     | app.core.middlewares:dispatch:197 - 响应状态: 500, 响应内容长度: 666, 处理时间: 26.09ms
2026-06-01 09:15:44.538 | INFO     | app.core.middlewares:dispatch:109 - 请求来源: 127.0.0.1,请求方法: GET,请求路径: /api/v1/salesmanagement/marketing_resources/list
2026-06-01 09:15:44.560 | ERROR    | app.core.exceptions:CustomExceptionHandler:80 - [自定义异常] GET /api/v1/salesmanagement/marketing_resources/list | 错误码: -1 | 错误信息: 分页查询失败: (sqlalchemy.dialects.postgresql.asyncpg.ProgrammingError) <class 'asyncpg.exceptions.UndefinedColumnError'>: column crm_marketing_resources.importance does not exist
[SQL: SELECT crm_marketing_resources.serial_no, crm_marketing_resources.month_period, crm_marketing_resources.resource_acquired_at, crm_marketing_resources.contact_name, crm_marketing_resources.phone, crm_marketing_resources.xiaoe_duplicate_check, crm_marketing_resources.resource_source, crm_marketing_resources.resource_path, crm_marketing_resources.owner_id, crm_marketing_resources.lead_question, crm_marketing_resources.is_wechat_added, crm_marketing_resources.real_name, crm_marketing_resources.has_industry_background, crm_marketing_resources.trades_etf, crm_marketing_resources.trades_hk_us_stocks, crm_marketing_resources.trades_commodity_futures, crm_marketing_resources.trading_capital, crm_marketing_resources.customer_profile, crm_marketing_resources.customer_demand, crm_marketing_resources.planned_recommendation, crm_marketing_resources.is_deal_closed, crm_marketing_resources.deal_amount, crm_marketing_resources.wechat_id, crm_marketing_resources.other_contact, crm_marketing_resources.importance, crm_marketing_resources.dept_id, crm_marketing_resources.id, crm_marketing_resources.uuid, crm_marketing_resources.description, crm_marketing_resources.created_time, crm_marketing_resources.updated_time, crm_marketing_resources.is_deleted, crm_marketing_resources.deleted_time, crm_marketing_resources.created_id, crm_marketing_resources.updated_id, crm_marketing_resources.deleted_id 
FROM crm_marketing_resources 
WHERE crm_marketing_resources.owner_id = $1::INTEGER OR crm_marketing_resources.created_id = $2::INTEGER ORDER BY crm_marketing_resources.updated_time DESC 
 LIMIT $3::INTEGER OFFSET $4::INTEGER]
[parameters: (3, 3, 10, 0)]
(Background on this error at: https://sqlalche.me/e/20/f405) | 详情: None
2026-06-01 09:15:44.560 | INFO     | app.core.middlewares:dispatch:197 - 响应状态: 500, 响应内容长度: 666, 处理时间: 22.93ms
2026-06-01 09:15:44.582 | INFO     | app.core.middlewares:dispatch:109 - 请求来源: 127.0.0.1,请求方法: GET,请求路径: /api/v1/salesmanagement/marketing_resources/list
2026-06-01 09:15:44.583 | ERROR    | app.core.exceptions:CustomExceptionHandler:80 - [自定义异常] GET /api/v1/salesmanagement/marketing_resources/list | 错误码: -1 | 错误信息: 请求过于频繁，请稍后重试！ | 详情: {'Retry-After': '278'}
2026-06-01 09:15:44.584 | INFO     | app.core.middlewares:dispatch:197 - 响应状态: 429, 响应内容长度: 122, 处理时间: 2.16ms
2026-06-01 09:15:45.407 | INFO     | app.core.middlewares:dispatch:109 - 请求来源: 127.0.0.1,请求方法: GET,请求路径: /api/v1/salesmanagement/marketing_resources/list
2026-06-01 09:15:45.409 | ERROR    | app.core.exceptions:CustomExceptionHandler:80 - [自定义异常] GET /api/v1/salesmanagement/marketing_resources/list | 错误码: -1 | 错误信息: 请求过于频繁，请稍后重试！ | 详情: {'Retry-After': '250'}
2026-06-01 09:15:45.410 | INFO     | app.core.middlewares:dispatch:197 - 响应状态: 429, 响应内容长度: 122, 处理时间: 2.42ms
2026-06-01 09:15:45.448 | INFO     | app.core.middlewares:dispatch:109 - 请求来源: 127.0.0.1,请求方法: GET,请求路径: /api/v1/system/dict/data/info/crm_marketing_resources_importance
2026-06-01 09:15:45.459 | ERROR    | app.core.exceptions:CustomExceptionHandler:80 - [自定义异常] GET /api/v1/system/dict/data/info/crm_marketing_resources_importance | 错误码: -1 | 错误信息: 数据字典不存在 | 详情: None
2026-06-01 09:15:45.459 | INFO     | app.core.middlewares:dispatch:197 - 响应状态: 500, 响应内容长度: 87, 处理时间: 11.32ms
2026-06-01 09:15:45.643 | INFO     | app.core.middlewares:dispatch:109 - 请求来源: 127.0.0.1,请求方法: GET,请求路径: /api/v1/salesmanagement/marketing_resources/list
2026-06-01 09:15:45.646 | ERROR    | app.core.exceptions:CustomExceptionHandler:80 - [自定义异常] GET /api/v1/salesmanagement/marketing_resources/list | 错误码: -1 | 错误信息: 请求过于频繁，请稍后重试！ | 详情: {'Retry-After': '242'}
2026-06-01 09:15:45.646 | INFO     | app.core.middlewares:dispatch:197 - 响应状态: 429, 响应内容长度: 122, 处理时间: 2.35ms
2026-06-01 09:15:46.192 | INFO     | app.core.middlewares:dispatch:109 - 请求来源: 127.0.0.1,请求方法: GET,请求路径: /api/v1/salesmanagement/marketing_resources/list
2026-06-01 09:15:46.193 | ERROR    | app.core.exceptions:CustomExceptionHandler:80 - [自定义异常] GET /api/v1/salesmanagement/marketing_resources/list | 错误码: -1 | 错误信息: 请求过于频繁，请稍后重试！ | 详情: {'Retry-After': '224'}
2026-06-01 09:15:46.193 | INFO     | app.core.middlewares:dispatch:197 - 响应状态: 429, 响应内容长度: 122, 处理时间: 1.32ms
2026-06-01 09:15:46.227 | INFO     | app.core.middlewares:dispatch:109 - 请求来源: 127.0.0.1,请求方法: GET,请求路径: /api/v1/system/dict/data/info/crm_marketing_resources_importance
2026-06-01 09:15:46.238 | ERROR    | app.core.exceptions:CustomExceptionHandler:80 - [自定义异常] GET /api/v1/system/dict/data/info/crm_marketing_resources_importance | 错误码: -1 | 错误信息: 数据字典不存在 | 详情: None
2026-06-01 09:15:46.238 | INFO     | app.core.middlewares:dispatch:197 - 响应状态: 500, 响应内容长度: 87, 处理时间: 10.92ms
2026-06-01 09:15:46.542 | INFO     | app.core.middlewares:dispatch:109 - 请求来源: 127.0.0.1,请求方法: GET,请求路径: /api/v1/salesmanagement/marketing_resources/list
2026-06-01 09:15:46.543 | ERROR    | app.core.exceptions:CustomExceptionHandler:80 - [自定义异常] GET /api/v1/salesmanagement/marketing_resources/list | 错误码: -1 | 错误信息: 请求过于频繁，请稍后重试！ | 详情: {'Retry-After': '212'}
2026-06-01 09:15:46.543 | INFO     | app.core.middlewares:dispatch:197 - 响应状态: 429, 响应内容长度: 122, 处理时间: 1.22ms
2026-06-01 09:15:47.205 | INFO     | app.core.middlewares:dispatch:109 - 请求来源: 127.0.0.1,请求方法: GET,请求路径: /api/v1/salesmanagement/marketing_resources/list
2026-06-01 09:15:47.207 | ERROR    | app.core.exceptions:CustomExceptionHandler:80 - [自定义异常] GET /api/v1/salesmanagement/marketing_resources/list | 错误码: -1 | 错误信息: 请求过于频繁，请稍后重试！ | 详情: {'Retry-After': '190'}
2026-06-01 09:15:47.207 | INFO     | app.core.middlewares:dispatch:197 - 响应状态: 429, 响应内容长度: 122, 处理时间: 1.84ms
2026-06-01 09:15:47.233 | INFO     | app.core.middlewares:dispatch:109 - 请求来源: 127.0.0.1,请求方法: GET,请求路径: /api/v1/system/dict/data/info/crm_marketing_resources_importance
2026-06-01 09:15:47.241 | ERROR    | app.core.exceptions:CustomExceptionHandler:80 - [自定义异常] GET /api/v1/system/dict/data/info/crm_marketing_resources_importance | 错误码: -1 | 错误信息: 数据字典不存在 | 详情: None
2026-06-01 09:15:47.242 | INFO     | app.core.middlewares:dispatch:197 - 响应状态: 500, 响应内容长度: 87, 处理时间: 9.23ms
2026-06-01 09:15:47.713 | INFO     | app.core.middlewares:dispatch:109 - 请求来源: 127.0.0.1,请求方法: GET,请求路径: /api/v1/salesmanagement/marketing_resources/list
2026-06-01 09:15:47.714 | ERROR    | app.core.exceptions:CustomExceptionHandler:80 - [自定义异常] GET /api/v1/salesmanagement/marketing_resources/list | 错误码: -1 | 错误信息: 请求过于频繁，请稍后重试！ | 详情: {'Retry-After': '173'}
2026-06-01 09:15:47.714 | INFO     | app.core.middlewares:dispatch:197 - 响应状态: 429, 响应内容长度: 122, 处理时间: 1.33ms
2026-06-01 09:15:48.462 | INFO     | app.core.middlewares:dispatch:109 - 请求来源: 127.0.0.1,请求方法: GET,请求路径: /api/v1/salesmanagement/marketing_resources/list
2026-06-01 09:15:48.463 | ERROR    | app.core.exceptions:CustomExceptionHandler:80 - [自定义异常] GET /api/v1/salesmanagement/marketing_resources/list | 错误码: -1 | 错误信息: 请求过于频繁，请稍后重试！ | 详情: {'Retry-After': '148'}
2026-06-01 09:15:48.463 | INFO     | app.core.middlewares:dispatch:197 - 响应状态: 429, 响应内容长度: 122, 处理时间: 1.25ms
2026-06-01 09:15:48.491 | INFO     | app.core.middlewares:dispatch:109 - 请求来源: 127.0.0.1,请求方法: GET,请求路径: /api/v1/system/dict/data/info/crm_marketing_resources_importance
2026-06-01 09:15:48.507 | ERROR    | app.core.exceptions:CustomExceptionHandler:80 - [自定义异常] GET /api/v1/system/dict/data/info/crm_marketing_resources_importance | 错误码: -1 | 错误信息: 数据字典不存在 | 详情: None
2026-06-01 09:15:48.507 | INFO     | app.core.middlewares:dispatch:197 - 响应状态: 500, 响应内容长度: 87, 处理时间: 16.06ms
2026-06-01 09:15:48.922 | INFO     | app.core.middlewares:dispatch:109 - 请求来源: 127.0.0.1,请求方法: GET,请求路径: /api/v1/salesmanagement/marketing_resources/list
2026-06-01 09:15:48.923 | ERROR    | app.core.exceptions:CustomExceptionHandler:80 - [自定义异常] GET /api/v1/salesmanagement/marketing_resources/list | 错误码: -1 | 错误信息: 请求过于频繁，请稍后重试！ | 详情: {'Retry-After': '133'}
2026-06-01 09:15:48.923 | INFO     | app.core.middlewares:dispatch:197 - 响应状态: 429, 响应内容长度: 122, 处理时间: 1.36ms
2026-06-01 09:16:01.667 | INFO     | app.core.middlewares:dispatch:109 - 请求来源: 127.0.0.1,请求方法: GET,请求路径: /api/v1/system/param/info
2026-06-01 09:16:01.712 | INFO     | app.api.v1.module_system.params.controller:get_init_obj_controller:286 - 获取初始化缓存参数成功 [{'id': 13, 'uuid': '67da0f23-d1cd-4df2-8314-26ba1d427d0a', 'status': '0', 'description': '初始化数据', 'created_time': '2026-05-28 13:54:50', 'updated_time': '2026-05-28 13:54:50', 'is_deleted': False, 'deleted_time': None, 'config_name': '演示模式启用', 'config_key': 'demo_enable', 'config_value': 'false', 'config_type': True}, {'id': 2, 'uuid': '34a2d16c-5121-4e17-9ac6-0373d6f42372', 'status': '0', 'description': '初始化数据', 'created_time': '2026-05-28 13:54:50', 'updated_time': '2026-05-28 13:54:50', 'is_deleted': False, 'deleted_time': None, 'config_name': '网站描述', 'config_key': 'sys_web_description', 'config_value': '嘉期新媒体科技CRM管理系统', 'config_type': True}, {'id': 11, 'uuid': 'd65e0ca0-9a9c-437d-8fc2-b50bd548d088', 'status': '0', 'description': '初始化数据', 'created_time': '2026-05-28 13:54:50', 'updated_time': '2026-05-28 13:54:50', 'is_deleted': False, 'deleted_time': None, 'config_name': '源码代码', 'config_key': 'sys_git_code', 'config_value': 'https://github.com/fastapiadmin/FastapiAdmin.git', 'config_type': True}, {'id': 12, 'uuid': '0ea7cd7e-b931-4ff8-96b9-ab7be4334099', 'status': '0', 'description': '初始化数据', 'created_time': '2026-05-28 13:54:50', 'updated_time': '2026-05-28 13:54:50', 'is_deleted': False, 'deleted_time': None, 'config_name': '项目版本', 'config_key': 'sys_web_version', 'config_value': '2.0.0', 'config_type': True}, {'id': 10, 'uuid': 'ef0c96df-11d2-42c1-95ea-6544ce3ff21a', 'status': '0', 'description': '初始化数据', 'created_time': '2026-05-28 13:54:50', 'updated_time': '2026-05-28 13:54:50', 'is_deleted': False, 'deleted_time': None, 'config_name': '用户协议', 'config_key': 'sys_web_clause', 'config_value': 'https://github.com/fastapiadmin/FastapiAdmin/blob/master/LICENSE', 'config_type': True}, {'id': 7, 'uuid': '874a8241-64a4-4118-b227-c440f7d065e1', 'status': '0', 'description': '初始化数据', 'created_time': '2026-05-28 13:54:50', 'updated_time': '2026-05-28 13:54:50', 'is_deleted': False, 'deleted_time': None, 'config_name': '备案信息', 'config_key': 'sys_keep_record', 'config_value': '陕ICP备2025069493号-1', 'config_type': True}, {'id': 1, 'uuid': '7703e8ce-bc19-4c6a-9d95-0e0b94bb1bbc', 'status': '0', 'description': '初始化数据', 'created_time': '2026-05-28 13:54:50', 'updated_time': '2026-05-28 13:54:50', 'is_deleted': False, 'deleted_time': None, 'config_name': '网站名称', 'config_key': 'sys_web_title', 'config_value': '嘉期新媒体科技CRM', 'config_type': True}, {'id': 4, 'uuid': '5d670058-6674-47ce-911b-5ed1ded0c7cb', 'status': '0', 'description': '初始化数据', 'created_time': '2026-05-28 13:54:50', 'updated_time': '2026-05-28 13:54:50', 'is_deleted': False, 'deleted_time': None, 'config_name': '网站Logo', 'config_key': 'sys_web_logo', 'config_value': '/api/v1/static/image/logo.png', 'config_type': True}, {'id': 9, 'uuid': '6f210f47-7c9d-4544-b33c-1f8a3b3ec68c', 'status': '0', 'description': '初始化数据', 'created_time': '2026-05-28 13:54:50', 'updated_time': '2026-05-28 13:54:50', 'is_deleted': False, 'deleted_time': None, 'config_name': '隐私政策', 'config_key': 'sys_web_privacy', 'config_value': 'https://github.com/fastapiadmin/FastapiAdmin/blob/master/LICENSE', 'config_type': True}, {'id': 16, 'uuid': '7a2bbbe6-30c6-40b9-8a0a-2a387fc17ccf', 'status': '0', 'description': '初始化数据', 'created_time': '2026-05-28 13:54:50', 'updated_time': '2026-05-28 13:54:50', 'is_deleted': False, 'deleted_time': None, 'config_name': '访问IP黑名单', 'config_key': 'ip_black_list', 'config_value': '[]', 'config_type': True}, {'id': 5, 'uuid': '64363cd6-75cc-40f2-a8b6-1e98112bdcd3', 'status': '0', 'description': '初始化数据', 'created_time': '2026-05-28 13:54:50', 'updated_time': '2026-05-28 13:54:50', 'is_deleted': False, 'deleted_time': None, 'config_name': '登录背景', 'config_key': 'sys_login_background', 'config_value': 'https://service.fastapiadmin.com/api/v1/static/image/background.svg', 'config_type': True}, {'id': 6, 'uuid': 'ed22bf5f-4d2d-4c3c-a368-2901c51836dc', 'status': '0', 'description': '初始化数据', 'created_time': '2026-05-28 13:54:50', 'updated_time': '2026-05-28 13:54:50', 'is_deleted': False, 'deleted_time': None, 'config_name': '版权信息', 'config_key': 'sys_web_copyright', 'config_value': 'Copyright © 2025-2026 service.fastapiadmin.com 版权所有', 'config_type': True}, {'id': 3, 'uuid': 'fbed94cd-159f-485a-befb-86039b2280a6', 'status': '0', 'description': '初始化数据', 'created_time': '2026-05-28 13:54:50', 'updated_time': '2026-05-28 13:54:50', 'is_deleted': False, 'deleted_time': None, 'config_name': '网页图标', 'config_key': 'sys_web_favicon', 'config_value': '/api/v1/static/image/favicon.png', 'config_type': True}, {'id': 14, 'uuid': 'ff4574d4-c611-4637-88b0-92ed76347995', 'status': '0', 'description': '初始化数据', 'created_time': '2026-05-28 13:54:50', 'updated_time': '2026-05-28 13:54:50', 'is_deleted': False, 'deleted_time': None, 'config_name': '演示访问IP白名单', 'config_key': 'ip_white_list', 'config_value': '["127.0.0.1"]', 'config_type': True}, {'id': 17, 'uuid': '74e27d3b-5cff-48da-a9e5-126385c4bbfc', 'status': '0', 'description': None, 'created_time': '2026-05-28 15:10:40', 'updated_time': '2026-05-28 15:10:40', 'is_deleted': False, 'deleted_time': None, 'config_name': '调度器状态', 'config_key': 'scheduler_status', 'config_value': 'stopped', 'config_type': True}, {'id': 15, 'uuid': 'a0831a35-52ac-4449-9620-93c03b8c85d8', 'status': '0', 'description': '初始化数据', 'created_time': '2026-05-28 13:54:50', 'updated_time': '2026-05-28 13:54:50', 'is_deleted': False, 'deleted_time': None, 'config_name': '接口白名单', 'config_key': 'white_api_list_path', 'config_value': '["/api/v1/system/auth/login", "/api/v1/system/auth/token/refresh", "/api/v1/system/auth/captcha/get", "/api/v1/system/auth/logout", "/api/v1/system/config/info", "/api/v1/system/user/current/info", "/api/v1/system/notice/available", "/api/v1/system/auth/auto-login/users", "/api/v1/system/auth/auto-login/token", "/api/v1/system/auth/auto-login"]', 'config_type': True}, {'id': 8, 'uuid': 'f8aef1af-405e-400f-8610-ae0b25ed6e38', 'status': '0', 'description': '初始化数据', 'created_time': '2026-05-28 13:54:50', 'updated_time': '2026-05-28 13:54:50', 'is_deleted': False, 'deleted_time': None, 'config_name': '帮助文档', 'config_key': 'sys_help_doc', 'config_value': 'https://service.fastapiadmin.com', 'config_type': True}]
2026-06-01 09:16:01.752 | INFO     | app.core.middlewares:dispatch:197 - 响应状态: 200, 响应内容长度: 1515, 处理时间: 86.68ms
2026-06-01 09:16:01.810 | INFO     | app.core.middlewares:dispatch:109 - 请求来源: 127.0.0.1,请求方法: GET,请求路径: /api/v1/static/image/favicon.png
2026-06-01 09:16:01.858 | INFO     | app.core.middlewares:dispatch:197 - 响应状态: 304, 响应内容长度: 0, 处理时间: 47.77ms
2026-06-01 09:16:01.891 | INFO     | app.core.middlewares:dispatch:109 - 请求来源: 127.0.0.1,请求方法: GET,请求路径: /api/v1/static/image/logo.png
2026-06-01 09:16:01.901 | INFO     | app.core.middlewares:dispatch:197 - 响应状态: 304, 响应内容长度: 0, 处理时间: 9.65ms
2026-06-01 09:16:02.181 | INFO     | app.core.middlewares:dispatch:109 - 请求来源: 127.0.0.1,请求方法: GET,请求路径: /api/v1/static/upload/2026/04/26/logo_20260426134735A387.png
2026-06-01 09:16:02.182 | ERROR    | app.core.exceptions:HttpExceptionHandler:102 - [HTTP异常] GET /api/v1/static/upload/2026/04/26/logo_20260426134735A387.png | 状态码: 404 | 错误信息: Not Found
2026-06-01 09:16:02.183 | INFO     | app.core.middlewares:dispatch:197 - 响应状态: 404, 响应内容长度: 74, 处理时间: 1.66ms
2026-06-01 09:16:02.211 | INFO     | app.core.middlewares:dispatch:109 - 请求来源: 127.0.0.1,请求方法: GET,请求路径: /api/v1/system/notice/available
2026-06-01 09:16:02.211 | INFO     | app.core.middlewares:dispatch:109 - 请求来源: 127.0.0.1,请求方法: GET,请求路径: /api/v1/system/param/info
2026-06-01 09:16:02.213 | INFO     | app.core.middlewares:dispatch:109 - 请求来源: 127.0.0.1,请求方法: GET,请求路径: /api/v1/salesmanagement/marketing_resources/list
2026-06-01 09:16:02.219 | ERROR    | app.core.exceptions:CustomExceptionHandler:80 - [自定义异常] GET /api/v1/system/notice/available | 错误码: 10401 | 错误信息: 认证已过期,请重新登录 | 详情: None
2026-06-01 09:16:02.219 | INFO     | app.core.middlewares:dispatch:197 - 响应状态: 401, 响应内容长度: 100, 处理时间: 8.49ms
2026-06-01 09:16:02.224 | INFO     | app.api.v1.module_system.params.controller:get_init_obj_controller:286 - 获取初始化缓存参数成功 [{'id': 13, 'uuid': '67da0f23-d1cd-4df2-8314-26ba1d427d0a', 'status': '0', 'description': '初始化数据', 'created_time': '2026-05-28 13:54:50', 'updated_time': '2026-05-28 13:54:50', 'is_deleted': False, 'deleted_time': None, 'config_name': '演示模式启用', 'config_key': 'demo_enable', 'config_value': 'false', 'config_type': True}, {'id': 2, 'uuid': '34a2d16c-5121-4e17-9ac6-0373d6f42372', 'status': '0', 'description': '初始化数据', 'created_time': '2026-05-28 13:54:50', 'updated_time': '2026-05-28 13:54:50', 'is_deleted': False, 'deleted_time': None, 'config_name': '网站描述', 'config_key': 'sys_web_description', 'config_value': '嘉期新媒体科技CRM管理系统', 'config_type': True}, {'id': 11, 'uuid': 'd65e0ca0-9a9c-437d-8fc2-b50bd548d088', 'status': '0', 'description': '初始化数据', 'created_time': '2026-05-28 13:54:50', 'updated_time': '2026-05-28 13:54:50', 'is_deleted': False, 'deleted_time': None, 'config_name': '源码代码', 'config_key': 'sys_git_code', 'config_value': 'https://github.com/fastapiadmin/FastapiAdmin.git', 'config_type': True}, {'id': 12, 'uuid': '0ea7cd7e-b931-4ff8-96b9-ab7be4334099', 'status': '0', 'description': '初始化数据', 'created_time': '2026-05-28 13:54:50', 'updated_time': '2026-05-28 13:54:50', 'is_deleted': False, 'deleted_time': None, 'config_name': '项目版本', 'config_key': 'sys_web_version', 'config_value': '2.0.0', 'config_type': True}, {'id': 10, 'uuid': 'ef0c96df-11d2-42c1-95ea-6544ce3ff21a', 'status': '0', 'description': '初始化数据', 'created_time': '2026-05-28 13:54:50', 'updated_time': '2026-05-28 13:54:50', 'is_deleted': False, 'deleted_time': None, 'config_name': '用户协议', 'config_key': 'sys_web_clause', 'config_value': 'https://github.com/fastapiadmin/FastapiAdmin/blob/master/LICENSE', 'config_type': True}, {'id': 7, 'uuid': '874a8241-64a4-4118-b227-c440f7d065e1', 'status': '0', 'description': '初始化数据', 'created_time': '2026-05-28 13:54:50', 'updated_time': '2026-05-28 13:54:50', 'is_deleted': False, 'deleted_time': None, 'config_name': '备案信息', 'config_key': 'sys_keep_record', 'config_value': '陕ICP备2025069493号-1', 'config_type': True}, {'id': 1, 'uuid': '7703e8ce-bc19-4c6a-9d95-0e0b94bb1bbc', 'status': '0', 'description': '初始化数据', 'created_time': '2026-05-28 13:54:50', 'updated_time': '2026-05-28 13:54:50', 'is_deleted': False, 'deleted_time': None, 'config_name': '网站名称', 'config_key': 'sys_web_title', 'config_value': '嘉期新媒体科技CRM', 'config_type': True}, {'id': 4, 'uuid': '5d670058-6674-47ce-911b-5ed1ded0c7cb', 'status': '0', 'description': '初始化数据', 'created_time': '2026-05-28 13:54:50', 'updated_time': '2026-05-28 13:54:50', 'is_deleted': False, 'deleted_time': None, 'config_name': '网站Logo', 'config_key': 'sys_web_logo', 'config_value': '/api/v1/static/image/logo.png', 'config_type': True}, {'id': 9, 'uuid': '6f210f47-7c9d-4544-b33c-1f8a3b3ec68c', 'status': '0', 'description': '初始化数据', 'created_time': '2026-05-28 13:54:50', 'updated_time': '2026-05-28 13:54:50', 'is_deleted': False, 'deleted_time': None, 'config_name': '隐私政策', 'config_key': 'sys_web_privacy', 'config_value': 'https://github.com/fastapiadmin/FastapiAdmin/blob/master/LICENSE', 'config_type': True}, {'id': 16, 'uuid': '7a2bbbe6-30c6-40b9-8a0a-2a387fc17ccf', 'status': '0', 'description': '初始化数据', 'created_time': '2026-05-28 13:54:50', 'updated_time': '2026-05-28 13:54:50', 'is_deleted': False, 'deleted_time': None, 'config_name': '访问IP黑名单', 'config_key': 'ip_black_list', 'config_value': '[]', 'config_type': True}, {'id': 5, 'uuid': '64363cd6-75cc-40f2-a8b6-1e98112bdcd3', 'status': '0', 'description': '初始化数据', 'created_time': '2026-05-28 13:54:50', 'updated_time': '2026-05-28 13:54:50', 'is_deleted': False, 'deleted_time': None, 'config_name': '登录背景', 'config_key': 'sys_login_background', 'config_value': 'https://service.fastapiadmin.com/api/v1/static/image/background.svg', 'config_type': True}, {'id': 6, 'uuid': 'ed22bf5f-4d2d-4c3c-a368-2901c51836dc', 'status': '0', 'description': '初始化数据', 'created_time': '2026-05-28 13:54:50', 'updated_time': '2026-05-28 13:54:50', 'is_deleted': False, 'deleted_time': None, 'config_name': '版权信息', 'config_key': 'sys_web_copyright', 'config_value': 'Copyright © 2025-2026 service.fastapiadmin.com 版权所有', 'config_type': True}, {'id': 3, 'uuid': 'fbed94cd-159f-485a-befb-86039b2280a6', 'status': '0', 'description': '初始化数据', 'created_time': '2026-05-28 13:54:50', 'updated_time': '2026-05-28 13:54:50', 'is_deleted': False, 'deleted_time': None, 'config_name': '网页图标', 'config_key': 'sys_web_favicon', 'config_value': '/api/v1/static/image/favicon.png', 'config_type': True}, {'id': 14, 'uuid': 'ff4574d4-c611-4637-88b0-92ed76347995', 'status': '0', 'description': '初始化数据', 'created_time': '2026-05-28 13:54:50', 'updated_time': '2026-05-28 13:54:50', 'is_deleted': False, 'deleted_time': None, 'config_name': '演示访问IP白名单', 'config_key': 'ip_white_list', 'config_value': '["127.0.0.1"]', 'config_type': True}, {'id': 17, 'uuid': '74e27d3b-5cff-48da-a9e5-126385c4bbfc', 'status': '0', 'description': None, 'created_time': '2026-05-28 15:10:40', 'updated_time': '2026-05-28 15:10:40', 'is_deleted': False, 'deleted_time': None, 'config_name': '调度器状态', 'config_key': 'scheduler_status', 'config_value': 'stopped', 'config_type': True}, {'id': 15, 'uuid': 'a0831a35-52ac-4449-9620-93c03b8c85d8', 'status': '0', 'description': '初始化数据', 'created_time': '2026-05-28 13:54:50', 'updated_time': '2026-05-28 13:54:50', 'is_deleted': False, 'deleted_time': None, 'config_name': '接口白名单', 'config_key': 'white_api_list_path', 'config_value': '["/api/v1/system/auth/login", "/api/v1/system/auth/token/refresh", "/api/v1/system/auth/captcha/get", "/api/v1/system/auth/logout", "/api/v1/system/config/info", "/api/v1/system/user/current/info", "/api/v1/system/notice/available", "/api/v1/system/auth/auto-login/users", "/api/v1/system/auth/auto-login/token", "/api/v1/system/auth/auto-login"]', 'config_type': True}, {'id': 8, 'uuid': 'f8aef1af-405e-400f-8610-ae0b25ed6e38', 'status': '0', 'description': '初始化数据', 'created_time': '2026-05-28 13:54:50', 'updated_time': '2026-05-28 13:54:50', 'is_deleted': False, 'deleted_time': None, 'config_name': '帮助文档', 'config_key': 'sys_help_doc', 'config_value': 'https://service.fastapiadmin.com', 'config_type': True}]
2026-06-01 09:16:02.226 | INFO     | app.core.middlewares:dispatch:197 - 响应状态: 200, 响应内容长度: 1515, 处理时间: 14.54ms
2026-06-01 09:16:02.227 | ERROR    | app.core.exceptions:CustomExceptionHandler:80 - [自定义异常] GET /api/v1/salesmanagement/marketing_resources/list | 错误码: 10401 | 错误信息: 认证已过期,请重新登录 | 详情: None
2026-06-01 09:16:02.227 | INFO     | app.core.middlewares:dispatch:197 - 响应状态: 401, 响应内容长度: 100, 处理时间: 13.84ms
2026-06-01 09:16:02.229 | INFO     | app.core.middlewares:dispatch:109 - 请求来源: 127.0.0.1,请求方法: GET,请求路径: /api/v1/system/dict/data/info/crm_marketing_resources_importance
2026-06-01 09:16:02.254 | INFO     | app.api.v1.module_system.dict.controller:get_init_dict_data_controller:526 - 获取初始化字典数据成功：[{'id': 35, 'uuid': '9beace41-c470-4a92-b0bb-4cce9c51df78', 'status': '0', 'description': None, 'created_time': '2026-06-01 09:15:48', 'updated_time': '2026-06-01 09:15:48', 'is_deleted': False, 'deleted_time': None, 'dict_sort': 1, 'dict_label': '普通', 'dict_value': 'normal', 'dict_type': 'crm_marketing_resources_importance', 'dict_type_id': 11, 'css_class': None, 'list_class': None, 'is_default': True}, {'id': 36, 'uuid': 'b125da0a-0c07-40de-8af4-3c4f8db74cca', 'status': '0', 'description': None, 'created_time': '2026-06-01 09:15:48', 'updated_time': '2026-06-01 09:15:48', 'is_deleted': False, 'deleted_time': None, 'dict_sort': 2, 'dict_label': '紧急', 'dict_value': 'urgent', 'dict_type': 'crm_marketing_resources_importance', 'dict_type_id': 11, 'css_class': None, 'list_class': None, 'is_default': False}]
2026-06-01 09:16:02.254 | INFO     | app.core.middlewares:dispatch:197 - 响应状态: 200, 响应内容长度: 853, 处理时间: 24.65ms
2026-06-01 09:16:02.325 | INFO     | app.core.middlewares:dispatch:109 - 请求来源: 127.0.0.1,请求方法: GET,请求路径: /api/v1/salesmanagement/marketing_resources/list
2026-06-01 09:16:02.327 | ERROR    | app.core.exceptions:CustomExceptionHandler:80 - [自定义异常] GET /api/v1/salesmanagement/marketing_resources/list | 错误码: 10401 | 错误信息: 认证失败,请登录后再试 | 详情: None
2026-06-01 09:16:02.327 | INFO     | app.core.middlewares:dispatch:197 - 响应状态: 401, 响应内容长度: 100, 处理时间: 2.31ms
2026-06-01 09:16:02.513 | INFO     | app.core.middlewares:dispatch:109 - 请求来源: 127.0.0.1,请求方法: GET,请求路径: /api/v1/system/auth/captcha/get
2026-06-01 09:16:02.513 | INFO     | app.core.middlewares:dispatch:109 - 请求来源: 127.0.0.1,请求方法: GET,请求路径: /api/v1/system/auth/auto-login/users
2026-06-01 09:16:02.561 | INFO     | app.api.v1.module_system.auth.service:get_captcha_service:361 - 生成验证码成功,验证码:60
2026-06-01 09:16:02.562 | INFO     | app.api.v1.module_system.auth.controller:get_captcha_for_login_controller:127 - 获取验证码成功
2026-06-01 09:16:02.562 | INFO     | app.core.middlewares:dispatch:197 - 响应状态: 200, 响应内容长度: 2596, 处理时间: 49.75ms
2026-06-01 09:16:02.598 | INFO     | app.core.middlewares:dispatch:197 - 响应状态: 200, 响应内容长度: 687, 处理时间: 84.61ms
2026-06-01 09:16:22.660 | INFO     | app.core.middlewares:dispatch:109 - 请求来源: 127.0.0.1,请求方法: POST,请求路径: /api/v1/system/auth/auto-login/token
2026-06-01 09:16:22.692 | INFO     | app.api.v1.module_system.auth.service:create_auto_login_token_service:498 - 创建免登录Token成功,用户:wangxue_jiaqi
2026-06-01 09:16:22.708 | INFO     | app.core.middlewares:dispatch:197 - 响应状态: 200, 响应内容长度: 193, 处理时间: 50.34ms
2026-06-01 09:16:22.715 | INFO     | app.core.middlewares:dispatch:109 - 请求来源: 127.0.0.1,请求方法: POST,请求路径: /api/v1/system/auth/auto-login
2026-06-01 09:16:22.721 | INFO     | app.api.v1.module_system.auth.service:create_token_service:160 - 用户ID: 3, 用户名: wangxue_jiaqi 正在生成JWT令牌
2026-06-01 09:16:22.722 | INFO     | app.api.v1.module_system.auth.service:auto_login_service:562 - 用户wangxue_jiaqi免登录成功
2026-06-01 09:16:22.722 | INFO     | app.api.v1.module_system.auth.controller:auto_login_controller:237 - 用户免登录成功
2026-06-01 09:16:22.726 | INFO     | app.core.middlewares:dispatch:197 - 响应状态: 200, 响应内容长度: 599, 处理时间: 11.6ms
2026-06-01 09:16:22.734 | INFO     | app.core.middlewares:dispatch:109 - 请求来源: 127.0.0.1,请求方法: GET,请求路径: /api/v1/system/user/current/info
2026-06-01 09:16:22.800 | INFO     | app.api.v1.module_system.user.controller:get_current_user_info_controller:52 - 获取当前用户信息成功
2026-06-01 09:16:22.803 | INFO     | app.core.middlewares:dispatch:197 - 响应状态: 200, 响应内容长度: 1289, 处理时间: 68.67ms
2026-06-01 09:16:23.016 | INFO     | app.core.middlewares:dispatch:109 - 请求来源: 127.0.0.1,请求方法: GET,请求路径: /api/v1/static/upload/2026/04/26/logo_20260426134735A387.png
2026-06-01 09:16:23.023 | ERROR    | app.core.exceptions:HttpExceptionHandler:102 - [HTTP异常] GET /api/v1/static/upload/2026/04/26/logo_20260426134735A387.png | 状态码: 404 | 错误信息: Not Found
2026-06-01 09:16:23.023 | INFO     | app.core.middlewares:dispatch:197 - 响应状态: 404, 响应内容长度: 74, 处理时间: 6.67ms
2026-06-01 09:16:23.040 | INFO     | app.core.middlewares:dispatch:109 - 请求来源: 127.0.0.1,请求方法: GET,请求路径: /api/v1/system/notice/available
2026-06-01 09:16:23.041 | INFO     | app.core.middlewares:dispatch:109 - 请求来源: 127.0.0.1,请求方法: GET,请求路径: /api/v1/salesmanagement/marketing_resources/list
2026-06-01 09:16:23.041 | INFO     | app.core.middlewares:dispatch:109 - 请求来源: 127.0.0.1,请求方法: GET,请求路径: /api/v1/system/param/info
2026-06-01 09:16:23.044 | INFO     | app.api.v1.module_system.params.controller:get_init_obj_controller:286 - 获取初始化缓存参数成功 [{'id': 13, 'uuid': '67da0f23-d1cd-4df2-8314-26ba1d427d0a', 'status': '0', 'description': '初始化数据', 'created_time': '2026-05-28 13:54:50', 'updated_time': '2026-05-28 13:54:50', 'is_deleted': False, 'deleted_time': None, 'config_name': '演示模式启用', 'config_key': 'demo_enable', 'config_value': 'false', 'config_type': True}, {'id': 11, 'uuid': 'd65e0ca0-9a9c-437d-8fc2-b50bd548d088', 'status': '0', 'description': '初始化数据', 'created_time': '2026-05-28 13:54:50', 'updated_time': '2026-05-28 13:54:50', 'is_deleted': False, 'deleted_time': None, 'config_name': '源码代码', 'config_key': 'sys_git_code', 'config_value': 'https://github.com/fastapiadmin/FastapiAdmin.git', 'config_type': True}, {'id': 2, 'uuid': '34a2d16c-5121-4e17-9ac6-0373d6f42372', 'status': '0', 'description': '初始化数据', 'created_time': '2026-05-28 13:54:50', 'updated_time': '2026-05-28 13:54:50', 'is_deleted': False, 'deleted_time': None, 'config_name': '网站描述', 'config_key': 'sys_web_description', 'config_value': '嘉期新媒体科技CRM管理系统', 'config_type': True}, {'id': 12, 'uuid': '0ea7cd7e-b931-4ff8-96b9-ab7be4334099', 'status': '0', 'description': '初始化数据', 'created_time': '2026-05-28 13:54:50', 'updated_time': '2026-05-28 13:54:50', 'is_deleted': False, 'deleted_time': None, 'config_name': '项目版本', 'config_key': 'sys_web_version', 'config_value': '2.0.0', 'config_type': True}, {'id': 10, 'uuid': 'ef0c96df-11d2-42c1-95ea-6544ce3ff21a', 'status': '0', 'description': '初始化数据', 'created_time': '2026-05-28 13:54:50', 'updated_time': '2026-05-28 13:54:50', 'is_deleted': False, 'deleted_time': None, 'config_name': '用户协议', 'config_key': 'sys_web_clause', 'config_value': 'https://github.com/fastapiadmin/FastapiAdmin/blob/master/LICENSE', 'config_type': True}, {'id': 7, 'uuid': '874a8241-64a4-4118-b227-c440f7d065e1', 'status': '0', 'description': '初始化数据', 'created_time': '2026-05-28 13:54:50', 'updated_time': '2026-05-28 13:54:50', 'is_deleted': False, 'deleted_time': None, 'config_name': '备案信息', 'config_key': 'sys_keep_record', 'config_value': '陕ICP备2025069493号-1', 'config_type': True}, {'id': 1, 'uuid': '7703e8ce-bc19-4c6a-9d95-0e0b94bb1bbc', 'status': '0', 'description': '初始化数据', 'created_time': '2026-05-28 13:54:50', 'updated_time': '2026-05-28 13:54:50', 'is_deleted': False, 'deleted_time': None, 'config_name': '网站名称', 'config_key': 'sys_web_title', 'config_value': '嘉期新媒体科技CRM', 'config_type': True}, {'id': 4, 'uuid': '5d670058-6674-47ce-911b-5ed1ded0c7cb', 'status': '0', 'description': '初始化数据', 'created_time': '2026-05-28 13:54:50', 'updated_time': '2026-05-28 13:54:50', 'is_deleted': False, 'deleted_time': None, 'config_name': '网站Logo', 'config_key': 'sys_web_logo', 'config_value': '/api/v1/static/image/logo.png', 'config_type': True}, {'id': 16, 'uuid': '7a2bbbe6-30c6-40b9-8a0a-2a387fc17ccf', 'status': '0', 'description': '初始化数据', 'created_time': '2026-05-28 13:54:50', 'updated_time': '2026-05-28 13:54:50', 'is_deleted': False, 'deleted_time': None, 'config_name': '访问IP黑名单', 'config_key': 'ip_black_list', 'config_value': '[]', 'config_type': True}, {'id': 5, 'uuid': '64363cd6-75cc-40f2-a8b6-1e98112bdcd3', 'status': '0', 'description': '初始化数据', 'created_time': '2026-05-28 13:54:50', 'updated_time': '2026-05-28 13:54:50', 'is_deleted': False, 'deleted_time': None, 'config_name': '登录背景', 'config_key': 'sys_login_background', 'config_value': 'https://service.fastapiadmin.com/api/v1/static/image/background.svg', 'config_type': True}, {'id': 14, 'uuid': 'ff4574d4-c611-4637-88b0-92ed76347995', 'status': '0', 'description': '初始化数据', 'created_time': '2026-05-28 13:54:50', 'updated_time': '2026-05-28 13:54:50', 'is_deleted': False, 'deleted_time': None, 'config_name': '演示访问IP白名单', 'config_key': 'ip_white_list', 'config_value': '["127.0.0.1"]', 'config_type': True}, {'id': 8, 'uuid': 'f8aef1af-405e-400f-8610-ae0b25ed6e38', 'status': '0', 'description': '初始化数据', 'created_time': '2026-05-28 13:54:50', 'updated_time': '2026-05-28 13:54:50', 'is_deleted': False, 'deleted_time': None, 'config_name': '帮助文档', 'config_key': 'sys_help_doc', 'config_value': 'https://service.fastapiadmin.com', 'config_type': True}, {'id': 9, 'uuid': '6f210f47-7c9d-4544-b33c-1f8a3b3ec68c', 'status': '0', 'description': '初始化数据', 'created_time': '2026-05-28 13:54:50', 'updated_time': '2026-05-28 13:54:50', 'is_deleted': False, 'deleted_time': None, 'config_name': '隐私政策', 'config_key': 'sys_web_privacy', 'config_value': 'https://github.com/fastapiadmin/FastapiAdmin/blob/master/LICENSE', 'config_type': True}, {'id': 3, 'uuid': 'fbed94cd-159f-485a-befb-86039b2280a6', 'status': '0', 'description': '初始化数据', 'created_time': '2026-05-28 13:54:50', 'updated_time': '2026-05-28 13:54:50', 'is_deleted': False, 'deleted_time': None, 'config_name': '网页图标', 'config_key': 'sys_web_favicon', 'config_value': '/api/v1/static/image/favicon.png', 'config_type': True}, {'id': 6, 'uuid': 'ed22bf5f-4d2d-4c3c-a368-2901c51836dc', 'status': '0', 'description': '初始化数据', 'created_time': '2026-05-28 13:54:50', 'updated_time': '2026-05-28 13:54:50', 'is_deleted': False, 'deleted_time': None, 'config_name': '版权信息', 'config_key': 'sys_web_copyright', 'config_value': 'Copyright © 2025-2026 service.fastapiadmin.com 版权所有', 'config_type': True}, {'id': 17, 'uuid': '74e27d3b-5cff-48da-a9e5-126385c4bbfc', 'status': '0', 'description': None, 'created_time': '2026-05-28 15:10:40', 'updated_time': '2026-05-28 15:10:40', 'is_deleted': False, 'deleted_time': None, 'config_name': '调度器状态', 'config_key': 'scheduler_status', 'config_value': 'stopped', 'config_type': True}, {'id': 15, 'uuid': 'a0831a35-52ac-4449-9620-93c03b8c85d8', 'status': '0', 'description': '初始化数据', 'created_time': '2026-05-28 13:54:50', 'updated_time': '2026-05-28 13:54:50', 'is_deleted': False, 'deleted_time': None, 'config_name': '接口白名单', 'config_key': 'white_api_list_path', 'config_value': '["/api/v1/system/auth/login", "/api/v1/system/auth/token/refresh", "/api/v1/system/auth/captcha/get", "/api/v1/system/auth/logout", "/api/v1/system/config/info", "/api/v1/system/user/current/info", "/api/v1/system/notice/available", "/api/v1/system/auth/auto-login/users", "/api/v1/system/auth/auto-login/token", "/api/v1/system/auth/auto-login"]', 'config_type': True}]
2026-06-01 09:16:23.045 | INFO     | app.core.middlewares:dispatch:197 - 响应状态: 200, 响应内容长度: 1511, 处理时间: 3.91ms
2026-06-01 09:16:23.078 | INFO     | app.api.v1.module_system.notice.controller:get_obj_list_available_controller:231 - 查询已启用公告列表成功
2026-06-01 09:16:23.079 | INFO     | app.core.middlewares:dispatch:197 - 响应状态: 200, 响应内容长度: 159, 处理时间: 39.2ms
2026-06-01 09:16:23.141 | INFO     | app.plugin.module_salesmanagement.marketing_resources.controller:get_marketing_resource_list_controller:66 - 查询营销资源列表成功
2026-06-01 09:16:23.143 | INFO     | app.core.middlewares:dispatch:197 - 响应状态: 200, 响应内容长度: 1472, 处理时间: 102.31ms
2026-06-01 09:16:23.147 | INFO     | app.core.middlewares:dispatch:109 - 请求来源: 127.0.0.1,请求方法: GET,请求路径: /api/v1/salesmanagement/marketing_resources/list
2026-06-01 09:16:23.179 | INFO     | app.plugin.module_salesmanagement.marketing_resources.controller:get_marketing_resource_list_controller:66 - 查询营销资源列表成功
2026-06-01 09:16:23.182 | INFO     | app.core.middlewares:dispatch:197 - 响应状态: 200, 响应内容长度: 1472, 处理时间: 34.94ms
2026-06-01 09:17:06.264 | INFO     | app.core.middlewares:dispatch:109 - 请求来源: 127.0.0.1,请求方法: GET,请求路径: /api/v1/system/param/info
2026-06-01 09:17:06.287 | INFO     | app.api.v1.module_system.params.controller:get_init_obj_controller:286 - 获取初始化缓存参数成功 [{'id': 13, 'uuid': '67da0f23-d1cd-4df2-8314-26ba1d427d0a', 'status': '0', 'description': '初始化数据', 'created_time': '2026-05-28 13:54:50', 'updated_time': '2026-05-28 13:54:50', 'is_deleted': False, 'deleted_time': None, 'config_name': '演示模式启用', 'config_key': 'demo_enable', 'config_value': 'false', 'config_type': True}, {'id': 11, 'uuid': 'd65e0ca0-9a9c-437d-8fc2-b50bd548d088', 'status': '0', 'description': '初始化数据', 'created_time': '2026-05-28 13:54:50', 'updated_time': '2026-05-28 13:54:50', 'is_deleted': False, 'deleted_time': None, 'config_name': '源码代码', 'config_key': 'sys_git_code', 'config_value': 'https://github.com/fastapiadmin/FastapiAdmin.git', 'config_type': True}, {'id': 2, 'uuid': '34a2d16c-5121-4e17-9ac6-0373d6f42372', 'status': '0', 'description': '初始化数据', 'created_time': '2026-05-28 13:54:50', 'updated_time': '2026-05-28 13:54:50', 'is_deleted': False, 'deleted_time': None, 'config_name': '网站描述', 'config_key': 'sys_web_description', 'config_value': '嘉期新媒体科技CRM管理系统', 'config_type': True}, {'id': 12, 'uuid': '0ea7cd7e-b931-4ff8-96b9-ab7be4334099', 'status': '0', 'description': '初始化数据', 'created_time': '2026-05-28 13:54:50', 'updated_time': '2026-05-28 13:54:50', 'is_deleted': False, 'deleted_time': None, 'config_name': '项目版本', 'config_key': 'sys_web_version', 'config_value': '2.0.0', 'config_type': True}, {'id': 10, 'uuid': 'ef0c96df-11d2-42c1-95ea-6544ce3ff21a', 'status': '0', 'description': '初始化数据', 'created_time': '2026-05-28 13:54:50', 'updated_time': '2026-05-28 13:54:50', 'is_deleted': False, 'deleted_time': None, 'config_name': '用户协议', 'config_key': 'sys_web_clause', 'config_value': 'https://github.com/fastapiadmin/FastapiAdmin/blob/master/LICENSE', 'config_type': True}, {'id': 7, 'uuid': '874a8241-64a4-4118-b227-c440f7d065e1', 'status': '0', 'description': '初始化数据', 'created_time': '2026-05-28 13:54:50', 'updated_time': '2026-05-28 13:54:50', 'is_deleted': False, 'deleted_time': None, 'config_name': '备案信息', 'config_key': 'sys_keep_record', 'config_value': '陕ICP备2025069493号-1', 'config_type': True}, {'id': 1, 'uuid': '7703e8ce-bc19-4c6a-9d95-0e0b94bb1bbc', 'status': '0', 'description': '初始化数据', 'created_time': '2026-05-28 13:54:50', 'updated_time': '2026-05-28 13:54:50', 'is_deleted': False, 'deleted_time': None, 'config_name': '网站名称', 'config_key': 'sys_web_title', 'config_value': '嘉期新媒体科技CRM', 'config_type': True}, {'id': 4, 'uuid': '5d670058-6674-47ce-911b-5ed1ded0c7cb', 'status': '0', 'description': '初始化数据', 'created_time': '2026-05-28 13:54:50', 'updated_time': '2026-05-28 13:54:50', 'is_deleted': False, 'deleted_time': None, 'config_name': '网站Logo', 'config_key': 'sys_web_logo', 'config_value': '/api/v1/static/image/logo.png', 'config_type': True}, {'id': 16, 'uuid': '7a2bbbe6-30c6-40b9-8a0a-2a387fc17ccf', 'status': '0', 'description': '初始化数据', 'created_time': '2026-05-28 13:54:50', 'updated_time': '2026-05-28 13:54:50', 'is_deleted': False, 'deleted_time': None, 'config_name': '访问IP黑名单', 'config_key': 'ip_black_list', 'config_value': '[]', 'config_type': True}, {'id': 5, 'uuid': '64363cd6-75cc-40f2-a8b6-1e98112bdcd3', 'status': '0', 'description': '初始化数据', 'created_time': '2026-05-28 13:54:50', 'updated_time': '2026-05-28 13:54:50', 'is_deleted': False, 'deleted_time': None, 'config_name': '登录背景', 'config_key': 'sys_login_background', 'config_value': 'https://service.fastapiadmin.com/api/v1/static/image/background.svg', 'config_type': True}, {'id': 14, 'uuid': 'ff4574d4-c611-4637-88b0-92ed76347995', 'status': '0', 'description': '初始化数据', 'created_time': '2026-05-28 13:54:50', 'updated_time': '2026-05-28 13:54:50', 'is_deleted': False, 'deleted_time': None, 'config_name': '演示访问IP白名单', 'config_key': 'ip_white_list', 'config_value': '["127.0.0.1"]', 'config_type': True}, {'id': 8, 'uuid': 'f8aef1af-405e-400f-8610-ae0b25ed6e38', 'status': '0', 'description': '初始化数据', 'created_time': '2026-05-28 13:54:50', 'updated_time': '2026-05-28 13:54:50', 'is_deleted': False, 'deleted_time': None, 'config_name': '帮助文档', 'config_key': 'sys_help_doc', 'config_value': 'https://service.fastapiadmin.com', 'config_type': True}, {'id': 9, 'uuid': '6f210f47-7c9d-4544-b33c-1f8a3b3ec68c', 'status': '0', 'description': '初始化数据', 'created_time': '2026-05-28 13:54:50', 'updated_time': '2026-05-28 13:54:50', 'is_deleted': False, 'deleted_time': None, 'config_name': '隐私政策', 'config_key': 'sys_web_privacy', 'config_value': 'https://github.com/fastapiadmin/FastapiAdmin/blob/master/LICENSE', 'config_type': True}, {'id': 3, 'uuid': 'fbed94cd-159f-485a-befb-86039b2280a6', 'status': '0', 'description': '初始化数据', 'created_time': '2026-05-28 13:54:50', 'updated_time': '2026-05-28 13:54:50', 'is_deleted': False, 'deleted_time': None, 'config_name': '网页图标', 'config_key': 'sys_web_favicon', 'config_value': '/api/v1/static/image/favicon.png', 'config_type': True}, {'id': 6, 'uuid': 'ed22bf5f-4d2d-4c3c-a368-2901c51836dc', 'status': '0', 'description': '初始化数据', 'created_time': '2026-05-28 13:54:50', 'updated_time': '2026-05-28 13:54:50', 'is_deleted': False, 'deleted_time': None, 'config_name': '版权信息', 'config_key': 'sys_web_copyright', 'config_value': 'Copyright © 2025-2026 service.fastapiadmin.com 版权所有', 'config_type': True}, {'id': 17, 'uuid': '74e27d3b-5cff-48da-a9e5-126385c4bbfc', 'status': '0', 'description': None, 'created_time': '2026-05-28 15:10:40', 'updated_time': '2026-05-28 15:10:40', 'is_deleted': False, 'deleted_time': None, 'config_name': '调度器状态', 'config_key': 'scheduler_status', 'config_value': 'stopped', 'config_type': True}, {'id': 15, 'uuid': 'a0831a35-52ac-4449-9620-93c03b8c85d8', 'status': '0', 'description': '初始化数据', 'created_time': '2026-05-28 13:54:50', 'updated_time': '2026-05-28 13:54:50', 'is_deleted': False, 'deleted_time': None, 'config_name': '接口白名单', 'config_key': 'white_api_list_path', 'config_value': '["/api/v1/system/auth/login", "/api/v1/system/auth/token/refresh", "/api/v1/system/auth/captcha/get", "/api/v1/system/auth/logout", "/api/v1/system/config/info", "/api/v1/system/user/current/info", "/api/v1/system/notice/available", "/api/v1/system/auth/auto-login/users", "/api/v1/system/auth/auto-login/token", "/api/v1/system/auth/auto-login"]', 'config_type': True}]
2026-06-01 09:17:06.291 | INFO     | app.core.middlewares:dispatch:197 - 响应状态: 200, 响应内容长度: 1511, 处理时间: 30.6ms
2026-06-01 09:17:06.503 | INFO     | app.core.middlewares:dispatch:109 - 请求来源: 127.0.0.1,请求方法: GET,请求路径: /api/v1/static/upload/2026/04/26/logo_20260426134735A387.png
2026-06-01 09:17:06.505 | ERROR    | app.core.exceptions:HttpExceptionHandler:102 - [HTTP异常] GET /api/v1/static/upload/2026/04/26/logo_20260426134735A387.png | 状态码: 404 | 错误信息: Not Found
2026-06-01 09:17:06.505 | INFO     | app.core.middlewares:dispatch:197 - 响应状态: 404, 响应内容长度: 74, 处理时间: 1.9ms
2026-06-01 09:17:06.515 | INFO     | app.core.middlewares:dispatch:109 - 请求来源: 127.0.0.1,请求方法: GET,请求路径: /api/v1/salesmanagement/marketing_resources/list
2026-06-01 09:17:06.516 | INFO     | app.core.middlewares:dispatch:109 - 请求来源: 127.0.0.1,请求方法: GET,请求路径: /api/v1/system/notice/available
2026-06-01 09:17:06.516 | INFO     | app.core.middlewares:dispatch:109 - 请求来源: 127.0.0.1,请求方法: GET,请求路径: /api/v1/system/param/info
2026-06-01 09:17:06.520 | INFO     | app.api.v1.module_system.params.controller:get_init_obj_controller:286 - 获取初始化缓存参数成功 [{'id': 13, 'uuid': '67da0f23-d1cd-4df2-8314-26ba1d427d0a', 'status': '0', 'description': '初始化数据', 'created_time': '2026-05-28 13:54:50', 'updated_time': '2026-05-28 13:54:50', 'is_deleted': False, 'deleted_time': None, 'config_name': '演示模式启用', 'config_key': 'demo_enable', 'config_value': 'false', 'config_type': True}, {'id': 11, 'uuid': 'd65e0ca0-9a9c-437d-8fc2-b50bd548d088', 'status': '0', 'description': '初始化数据', 'created_time': '2026-05-28 13:54:50', 'updated_time': '2026-05-28 13:54:50', 'is_deleted': False, 'deleted_time': None, 'config_name': '源码代码', 'config_key': 'sys_git_code', 'config_value': 'https://github.com/fastapiadmin/FastapiAdmin.git', 'config_type': True}, {'id': 2, 'uuid': '34a2d16c-5121-4e17-9ac6-0373d6f42372', 'status': '0', 'description': '初始化数据', 'created_time': '2026-05-28 13:54:50', 'updated_time': '2026-05-28 13:54:50', 'is_deleted': False, 'deleted_time': None, 'config_name': '网站描述', 'config_key': 'sys_web_description', 'config_value': '嘉期新媒体科技CRM管理系统', 'config_type': True}, {'id': 12, 'uuid': '0ea7cd7e-b931-4ff8-96b9-ab7be4334099', 'status': '0', 'description': '初始化数据', 'created_time': '2026-05-28 13:54:50', 'updated_time': '2026-05-28 13:54:50', 'is_deleted': False, 'deleted_time': None, 'config_name': '项目版本', 'config_key': 'sys_web_version', 'config_value': '2.0.0', 'config_type': True}, {'id': 10, 'uuid': 'ef0c96df-11d2-42c1-95ea-6544ce3ff21a', 'status': '0', 'description': '初始化数据', 'created_time': '2026-05-28 13:54:50', 'updated_time': '2026-05-28 13:54:50', 'is_deleted': False, 'deleted_time': None, 'config_name': '用户协议', 'config_key': 'sys_web_clause', 'config_value': 'https://github.com/fastapiadmin/FastapiAdmin/blob/master/LICENSE', 'config_type': True}, {'id': 7, 'uuid': '874a8241-64a4-4118-b227-c440f7d065e1', 'status': '0', 'description': '初始化数据', 'created_time': '2026-05-28 13:54:50', 'updated_time': '2026-05-28 13:54:50', 'is_deleted': False, 'deleted_time': None, 'config_name': '备案信息', 'config_key': 'sys_keep_record', 'config_value': '陕ICP备2025069493号-1', 'config_type': True}, {'id': 1, 'uuid': '7703e8ce-bc19-4c6a-9d95-0e0b94bb1bbc', 'status': '0', 'description': '初始化数据', 'created_time': '2026-05-28 13:54:50', 'updated_time': '2026-05-28 13:54:50', 'is_deleted': False, 'deleted_time': None, 'config_name': '网站名称', 'config_key': 'sys_web_title', 'config_value': '嘉期新媒体科技CRM', 'config_type': True}, {'id': 4, 'uuid': '5d670058-6674-47ce-911b-5ed1ded0c7cb', 'status': '0', 'description': '初始化数据', 'created_time': '2026-05-28 13:54:50', 'updated_time': '2026-05-28 13:54:50', 'is_deleted': False, 'deleted_time': None, 'config_name': '网站Logo', 'config_key': 'sys_web_logo', 'config_value': '/api/v1/static/image/logo.png', 'config_type': True}, {'id': 16, 'uuid': '7a2bbbe6-30c6-40b9-8a0a-2a387fc17ccf', 'status': '0', 'description': '初始化数据', 'created_time': '2026-05-28 13:54:50', 'updated_time': '2026-05-28 13:54:50', 'is_deleted': False, 'deleted_time': None, 'config_name': '访问IP黑名单', 'config_key': 'ip_black_list', 'config_value': '[]', 'config_type': True}, {'id': 5, 'uuid': '64363cd6-75cc-40f2-a8b6-1e98112bdcd3', 'status': '0', 'description': '初始化数据', 'created_time': '2026-05-28 13:54:50', 'updated_time': '2026-05-28 13:54:50', 'is_deleted': False, 'deleted_time': None, 'config_name': '登录背景', 'config_key': 'sys_login_background', 'config_value': 'https://service.fastapiadmin.com/api/v1/static/image/background.svg', 'config_type': True}, {'id': 14, 'uuid': 'ff4574d4-c611-4637-88b0-92ed76347995', 'status': '0', 'description': '初始化数据', 'created_time': '2026-05-28 13:54:50', 'updated_time': '2026-05-28 13:54:50', 'is_deleted': False, 'deleted_time': None, 'config_name': '演示访问IP白名单', 'config_key': 'ip_white_list', 'config_value': '["127.0.0.1"]', 'config_type': True}, {'id': 8, 'uuid': 'f8aef1af-405e-400f-8610-ae0b25ed6e38', 'status': '0', 'description': '初始化数据', 'created_time': '2026-05-28 13:54:50', 'updated_time': '2026-05-28 13:54:50', 'is_deleted': False, 'deleted_time': None, 'config_name': '帮助文档', 'config_key': 'sys_help_doc', 'config_value': 'https://service.fastapiadmin.com', 'config_type': True}, {'id': 9, 'uuid': '6f210f47-7c9d-4544-b33c-1f8a3b3ec68c', 'status': '0', 'description': '初始化数据', 'created_time': '2026-05-28 13:54:50', 'updated_time': '2026-05-28 13:54:50', 'is_deleted': False, 'deleted_time': None, 'config_name': '隐私政策', 'config_key': 'sys_web_privacy', 'config_value': 'https://github.com/fastapiadmin/FastapiAdmin/blob/master/LICENSE', 'config_type': True}, {'id': 3, 'uuid': 'fbed94cd-159f-485a-befb-86039b2280a6', 'status': '0', 'description': '初始化数据', 'created_time': '2026-05-28 13:54:50', 'updated_time': '2026-05-28 13:54:50', 'is_deleted': False, 'deleted_time': None, 'config_name': '网页图标', 'config_key': 'sys_web_favicon', 'config_value': '/api/v1/static/image/favicon.png', 'config_type': True}, {'id': 6, 'uuid': 'ed22bf5f-4d2d-4c3c-a368-2901c51836dc', 'status': '0', 'description': '初始化数据', 'created_time': '2026-05-28 13:54:50', 'updated_time': '2026-05-28 13:54:50', 'is_deleted': False, 'deleted_time': None, 'config_name': '版权信息', 'config_key': 'sys_web_copyright', 'config_value': 'Copyright © 2025-2026 service.fastapiadmin.com 版权所有', 'config_type': True}, {'id': 17, 'uuid': '74e27d3b-5cff-48da-a9e5-126385c4bbfc', 'status': '0', 'description': None, 'created_time': '2026-05-28 15:10:40', 'updated_time': '2026-05-28 15:10:40', 'is_deleted': False, 'deleted_time': None, 'config_name': '调度器状态', 'config_key': 'scheduler_status', 'config_value': 'stopped', 'config_type': True}, {'id': 15, 'uuid': 'a0831a35-52ac-4449-9620-93c03b8c85d8', 'status': '0', 'description': '初始化数据', 'created_time': '2026-05-28 13:54:50', 'updated_time': '2026-05-28 13:54:50', 'is_deleted': False, 'deleted_time': None, 'config_name': '接口白名单', 'config_key': 'white_api_list_path', 'config_value': '["/api/v1/system/auth/login", "/api/v1/system/auth/token/refresh", "/api/v1/system/auth/captcha/get", "/api/v1/system/auth/logout", "/api/v1/system/config/info", "/api/v1/system/user/current/info", "/api/v1/system/notice/available", "/api/v1/system/auth/auto-login/users", "/api/v1/system/auth/auto-login/token", "/api/v1/system/auth/auto-login"]', 'config_type': True}]
2026-06-01 09:17:06.524 | INFO     | app.core.middlewares:dispatch:197 - 响应状态: 200, 响应内容长度: 1511, 处理时间: 7.77ms
2026-06-01 09:17:06.641 | INFO     | app.api.v1.module_system.notice.controller:get_obj_list_available_controller:231 - 查询已启用公告列表成功
2026-06-01 09:17:06.644 | INFO     | app.core.middlewares:dispatch:197 - 响应状态: 200, 响应内容长度: 159, 处理时间: 128.39ms
2026-06-01 09:17:06.658 | INFO     | app.plugin.module_salesmanagement.marketing_resources.controller:get_marketing_resource_list_controller:66 - 查询营销资源列表成功
2026-06-01 09:17:06.660 | INFO     | app.core.middlewares:dispatch:197 - 响应状态: 200, 响应内容长度: 1472, 处理时间: 144.67ms
2026-06-01 09:17:06.664 | INFO     | app.core.middlewares:dispatch:109 - 请求来源: 127.0.0.1,请求方法: GET,请求路径: /api/v1/salesmanagement/marketing_resources/list
2026-06-01 09:17:06.701 | INFO     | app.plugin.module_salesmanagement.marketing_resources.controller:get_marketing_resource_list_controller:66 - 查询营销资源列表成功
2026-06-01 09:17:06.704 | INFO     | app.core.middlewares:dispatch:197 - 响应状态: 200, 响应内容长度: 1472, 处理时间: 40.15ms
2026-06-01 09:17:57.800 | INFO     | app.core.middlewares:dispatch:109 - 请求来源: 127.0.0.1,请求方法: POST,请求路径: /api/v1/system/auth/logout
2026-06-01 09:17:57.839 | INFO     | app.api.v1.module_system.auth.service:logout_service:324 - 用户退出登录成功,会话编号:a09a5970-233b-49ee-916c-e03d35b3dc92
2026-06-01 09:17:57.839 | INFO     | app.api.v1.module_system.auth.controller:logout_controller:155 - 退出成功
2026-06-01 09:17:57.862 | INFO     | app.core.middlewares:dispatch:197 - 响应状态: 200, 响应内容长度: 76, 处理时间: 62.39ms
2026-06-01 09:17:58.025 | INFO     | app.core.middlewares:dispatch:109 - 请求来源: 127.0.0.1,请求方法: GET,请求路径: /api/v1/system/auth/captcha/get
2026-06-01 09:17:58.026 | INFO     | app.core.middlewares:dispatch:109 - 请求来源: 127.0.0.1,请求方法: GET,请求路径: /api/v1/system/auth/auto-login/users
2026-06-01 09:17:58.038 | INFO     | app.api.v1.module_system.auth.service:get_captcha_service:361 - 生成验证码成功,验证码:7
2026-06-01 09:17:58.039 | INFO     | app.api.v1.module_system.auth.controller:get_captcha_for_login_controller:127 - 获取验证码成功
2026-06-01 09:17:58.040 | INFO     | app.core.middlewares:dispatch:197 - 响应状态: 200, 响应内容长度: 1786, 处理时间: 14.92ms
2026-06-01 09:17:58.062 | INFO     | app.core.middlewares:dispatch:197 - 响应状态: 200, 响应内容长度: 687, 处理时间: 36.68ms
2026-06-01 09:18:08.035 | INFO     | app.core.middlewares:dispatch:109 - 请求来源: 127.0.0.1,请求方法: POST,请求路径: /api/v1/system/auth/auto-login/token
2026-06-01 09:18:08.044 | INFO     | app.api.v1.module_system.auth.service:create_auto_login_token_service:498 - 创建免登录Token成功,用户:cuizhangli_jiaqi
2026-06-01 09:18:08.048 | INFO     | app.core.middlewares:dispatch:197 - 响应状态: 200, 响应内容长度: 199, 处理时间: 13.19ms
2026-06-01 09:18:08.059 | INFO     | app.core.middlewares:dispatch:109 - 请求来源: 127.0.0.1,请求方法: POST,请求路径: /api/v1/system/auth/auto-login
2026-06-01 09:18:08.066 | INFO     | app.api.v1.module_system.auth.service:create_token_service:160 - 用户ID: 2, 用户名: cuizhangli_jiaqi 正在生成JWT令牌
2026-06-01 09:18:08.067 | INFO     | app.api.v1.module_system.auth.service:auto_login_service:562 - 用户cuizhangli_jiaqi免登录成功
2026-06-01 09:18:08.068 | INFO     | app.api.v1.module_system.auth.controller:auto_login_controller:237 - 用户免登录成功
2026-06-01 09:18:08.072 | INFO     | app.core.middlewares:dispatch:197 - 响应状态: 200, 响应内容长度: 606, 处理时间: 13.36ms
2026-06-01 09:18:08.078 | INFO     | app.core.middlewares:dispatch:109 - 请求来源: 127.0.0.1,请求方法: GET,请求路径: /api/v1/system/user/current/info
2026-06-01 09:18:08.113 | INFO     | app.api.v1.module_system.user.controller:get_current_user_info_controller:52 - 获取当前用户信息成功
2026-06-01 09:18:08.115 | INFO     | app.core.middlewares:dispatch:197 - 响应状态: 200, 响应内容长度: 1419, 处理时间: 36.91ms
2026-06-01 09:18:08.281 | INFO     | app.core.middlewares:dispatch:109 - 请求来源: 127.0.0.1,请求方法: GET,请求路径: /api/v1/static/upload/2026/04/26/logo_20260426134735A387.png
2026-06-01 09:18:08.282 | ERROR    | app.core.exceptions:HttpExceptionHandler:102 - [HTTP异常] GET /api/v1/static/upload/2026/04/26/logo_20260426134735A387.png | 状态码: 404 | 错误信息: Not Found
2026-06-01 09:18:08.282 | INFO     | app.core.middlewares:dispatch:197 - 响应状态: 404, 响应内容长度: 74, 处理时间: 1.49ms
2026-06-01 09:18:08.315 | INFO     | app.core.middlewares:dispatch:109 - 请求来源: 127.0.0.1,请求方法: GET,请求路径: /api/v1/system/notice/available
2026-06-01 09:18:08.315 | INFO     | app.core.middlewares:dispatch:109 - 请求来源: 127.0.0.1,请求方法: GET,请求路径: /api/v1/system/param/info
2026-06-01 09:18:08.319 | INFO     | app.api.v1.module_system.params.controller:get_init_obj_controller:286 - 获取初始化缓存参数成功 [{'id': 13, 'uuid': '67da0f23-d1cd-4df2-8314-26ba1d427d0a', 'status': '0', 'description': '初始化数据', 'created_time': '2026-05-28 13:54:50', 'updated_time': '2026-05-28 13:54:50', 'is_deleted': False, 'deleted_time': None, 'config_name': '演示模式启用', 'config_key': 'demo_enable', 'config_value': 'false', 'config_type': True}, {'id': 11, 'uuid': 'd65e0ca0-9a9c-437d-8fc2-b50bd548d088', 'status': '0', 'description': '初始化数据', 'created_time': '2026-05-28 13:54:50', 'updated_time': '2026-05-28 13:54:50', 'is_deleted': False, 'deleted_time': None, 'config_name': '源码代码', 'config_key': 'sys_git_code', 'config_value': 'https://github.com/fastapiadmin/FastapiAdmin.git', 'config_type': True}, {'id': 2, 'uuid': '34a2d16c-5121-4e17-9ac6-0373d6f42372', 'status': '0', 'description': '初始化数据', 'created_time': '2026-05-28 13:54:50', 'updated_time': '2026-05-28 13:54:50', 'is_deleted': False, 'deleted_time': None, 'config_name': '网站描述', 'config_key': 'sys_web_description', 'config_value': '嘉期新媒体科技CRM管理系统', 'config_type': True}, {'id': 12, 'uuid': '0ea7cd7e-b931-4ff8-96b9-ab7be4334099', 'status': '0', 'description': '初始化数据', 'created_time': '2026-05-28 13:54:50', 'updated_time': '2026-05-28 13:54:50', 'is_deleted': False, 'deleted_time': None, 'config_name': '项目版本', 'config_key': 'sys_web_version', 'config_value': '2.0.0', 'config_type': True}, {'id': 10, 'uuid': 'ef0c96df-11d2-42c1-95ea-6544ce3ff21a', 'status': '0', 'description': '初始化数据', 'created_time': '2026-05-28 13:54:50', 'updated_time': '2026-05-28 13:54:50', 'is_deleted': False, 'deleted_time': None, 'config_name': '用户协议', 'config_key': 'sys_web_clause', 'config_value': 'https://github.com/fastapiadmin/FastapiAdmin/blob/master/LICENSE', 'config_type': True}, {'id': 7, 'uuid': '874a8241-64a4-4118-b227-c440f7d065e1', 'status': '0', 'description': '初始化数据', 'created_time': '2026-05-28 13:54:50', 'updated_time': '2026-05-28 13:54:50', 'is_deleted': False, 'deleted_time': None, 'config_name': '备案信息', 'config_key': 'sys_keep_record', 'config_value': '陕ICP备2025069493号-1', 'config_type': True}, {'id': 1, 'uuid': '7703e8ce-bc19-4c6a-9d95-0e0b94bb1bbc', 'status': '0', 'description': '初始化数据', 'created_time': '2026-05-28 13:54:50', 'updated_time': '2026-05-28 13:54:50', 'is_deleted': False, 'deleted_time': None, 'config_name': '网站名称', 'config_key': 'sys_web_title', 'config_value': '嘉期新媒体科技CRM', 'config_type': True}, {'id': 4, 'uuid': '5d670058-6674-47ce-911b-5ed1ded0c7cb', 'status': '0', 'description': '初始化数据', 'created_time': '2026-05-28 13:54:50', 'updated_time': '2026-05-28 13:54:50', 'is_deleted': False, 'deleted_time': None, 'config_name': '网站Logo', 'config_key': 'sys_web_logo', 'config_value': '/api/v1/static/image/logo.png', 'config_type': True}, {'id': 16, 'uuid': '7a2bbbe6-30c6-40b9-8a0a-2a387fc17ccf', 'status': '0', 'description': '初始化数据', 'created_time': '2026-05-28 13:54:50', 'updated_time': '2026-05-28 13:54:50', 'is_deleted': False, 'deleted_time': None, 'config_name': '访问IP黑名单', 'config_key': 'ip_black_list', 'config_value': '[]', 'config_type': True}, {'id': 5, 'uuid': '64363cd6-75cc-40f2-a8b6-1e98112bdcd3', 'status': '0', 'description': '初始化数据', 'created_time': '2026-05-28 13:54:50', 'updated_time': '2026-05-28 13:54:50', 'is_deleted': False, 'deleted_time': None, 'config_name': '登录背景', 'config_key': 'sys_login_background', 'config_value': 'https://service.fastapiadmin.com/api/v1/static/image/background.svg', 'config_type': True}, {'id': 14, 'uuid': 'ff4574d4-c611-4637-88b0-92ed76347995', 'status': '0', 'description': '初始化数据', 'created_time': '2026-05-28 13:54:50', 'updated_time': '2026-05-28 13:54:50', 'is_deleted': False, 'deleted_time': None, 'config_name': '演示访问IP白名单', 'config_key': 'ip_white_list', 'config_value': '["127.0.0.1"]', 'config_type': True}, {'id': 8, 'uuid': 'f8aef1af-405e-400f-8610-ae0b25ed6e38', 'status': '0', 'description': '初始化数据', 'created_time': '2026-05-28 13:54:50', 'updated_time': '2026-05-28 13:54:50', 'is_deleted': False, 'deleted_time': None, 'config_name': '帮助文档', 'config_key': 'sys_help_doc', 'config_value': 'https://service.fastapiadmin.com', 'config_type': True}, {'id': 9, 'uuid': '6f210f47-7c9d-4544-b33c-1f8a3b3ec68c', 'status': '0', 'description': '初始化数据', 'created_time': '2026-05-28 13:54:50', 'updated_time': '2026-05-28 13:54:50', 'is_deleted': False, 'deleted_time': None, 'config_name': '隐私政策', 'config_key': 'sys_web_privacy', 'config_value': 'https://github.com/fastapiadmin/FastapiAdmin/blob/master/LICENSE', 'config_type': True}, {'id': 3, 'uuid': 'fbed94cd-159f-485a-befb-86039b2280a6', 'status': '0', 'description': '初始化数据', 'created_time': '2026-05-28 13:54:50', 'updated_time': '2026-05-28 13:54:50', 'is_deleted': False, 'deleted_time': None, 'config_name': '网页图标', 'config_key': 'sys_web_favicon', 'config_value': '/api/v1/static/image/favicon.png', 'config_type': True}, {'id': 6, 'uuid': 'ed22bf5f-4d2d-4c3c-a368-2901c51836dc', 'status': '0', 'description': '初始化数据', 'created_time': '2026-05-28 13:54:50', 'updated_time': '2026-05-28 13:54:50', 'is_deleted': False, 'deleted_time': None, 'config_name': '版权信息', 'config_key': 'sys_web_copyright', 'config_value': 'Copyright © 2025-2026 service.fastapiadmin.com 版权所有', 'config_type': True}, {'id': 17, 'uuid': '74e27d3b-5cff-48da-a9e5-126385c4bbfc', 'status': '0', 'description': None, 'created_time': '2026-05-28 15:10:40', 'updated_time': '2026-05-28 15:10:40', 'is_deleted': False, 'deleted_time': None, 'config_name': '调度器状态', 'config_key': 'scheduler_status', 'config_value': 'stopped', 'config_type': True}, {'id': 15, 'uuid': 'a0831a35-52ac-4449-9620-93c03b8c85d8', 'status': '0', 'description': '初始化数据', 'created_time': '2026-05-28 13:54:50', 'updated_time': '2026-05-28 13:54:50', 'is_deleted': False, 'deleted_time': None, 'config_name': '接口白名单', 'config_key': 'white_api_list_path', 'config_value': '["/api/v1/system/auth/login", "/api/v1/system/auth/token/refresh", "/api/v1/system/auth/captcha/get", "/api/v1/system/auth/logout", "/api/v1/system/config/info", "/api/v1/system/user/current/info", "/api/v1/system/notice/available", "/api/v1/system/auth/auto-login/users", "/api/v1/system/auth/auto-login/token", "/api/v1/system/auth/auto-login"]', 'config_type': True}]
2026-06-01 09:18:08.321 | INFO     | app.core.middlewares:dispatch:197 - 响应状态: 200, 响应内容长度: 1511, 处理时间: 5.9ms
2026-06-01 09:18:08.354 | INFO     | app.api.v1.module_system.notice.controller:get_obj_list_available_controller:231 - 查询已启用公告列表成功
2026-06-01 09:18:08.355 | INFO     | app.core.middlewares:dispatch:197 - 响应状态: 200, 响应内容长度: 159, 处理时间: 40.18ms
2026-06-01 09:18:11.742 | INFO     | app.core.middlewares:dispatch:109 - 请求来源: 127.0.0.1,请求方法: GET,请求路径: /api/v1/salesmanagement/marketing_resources/list
2026-06-01 09:18:11.750 | INFO     | app.core.middlewares:dispatch:109 - 请求来源: 127.0.0.1,请求方法: GET,请求路径: /api/v1/system/dict/data/info/crm_marketing_resources_importance
2026-06-01 09:18:11.759 | INFO     | app.api.v1.module_system.dict.controller:get_init_dict_data_controller:526 - 获取初始化字典数据成功：[{'id': 35, 'uuid': '9beace41-c470-4a92-b0bb-4cce9c51df78', 'status': '0', 'description': None, 'created_time': '2026-06-01 09:15:48', 'updated_time': '2026-06-01 09:15:48', 'is_deleted': False, 'deleted_time': None, 'dict_sort': 1, 'dict_label': '普通', 'dict_value': 'normal', 'dict_type': 'crm_marketing_resources_importance', 'dict_type_id': 11, 'css_class': None, 'list_class': None, 'is_default': True}, {'id': 36, 'uuid': 'b125da0a-0c07-40de-8af4-3c4f8db74cca', 'status': '0', 'description': None, 'created_time': '2026-06-01 09:15:48', 'updated_time': '2026-06-01 09:15:48', 'is_deleted': False, 'deleted_time': None, 'dict_sort': 2, 'dict_label': '紧急', 'dict_value': 'urgent', 'dict_type': 'crm_marketing_resources_importance', 'dict_type_id': 11, 'css_class': None, 'list_class': None, 'is_default': False}]
2026-06-01 09:18:11.760 | INFO     | app.core.middlewares:dispatch:197 - 响应状态: 200, 响应内容长度: 853, 处理时间: 10.69ms
2026-06-01 09:18:11.825 | INFO     | app.plugin.module_salesmanagement.marketing_resources.controller:get_marketing_resource_list_controller:66 - 查询营销资源列表成功
2026-06-01 09:18:11.828 | INFO     | app.core.middlewares:dispatch:197 - 响应状态: 200, 响应内容长度: 1558, 处理时间: 87.71ms
2026-06-01 09:18:11.833 | INFO     | app.core.middlewares:dispatch:109 - 请求来源: 127.0.0.1,请求方法: GET,请求路径: /api/v1/salesmanagement/marketing_resources/list
2026-06-01 09:18:11.895 | INFO     | app.plugin.module_salesmanagement.marketing_resources.controller:get_marketing_resource_list_controller:66 - 查询营销资源列表成功
2026-06-01 09:18:11.897 | INFO     | app.core.middlewares:dispatch:197 - 响应状态: 200, 响应内容长度: 1558, 处理时间: 64.8ms
2026-06-01 09:18:16.563 | INFO     | app.core.middlewares:dispatch:109 - 请求来源: 127.0.0.1,请求方法: GET,请求路径: /api/v1/salesmanagement/marketing_resources/detail/2032
2026-06-01 09:18:16.589 | INFO     | app.plugin.module_salesmanagement.marketing_resources.controller:get_marketing_resource_detail_controller:42 - 获取营销资源详情成功 2032
2026-06-01 09:18:16.590 | INFO     | app.core.middlewares:dispatch:197 - 响应状态: 200, 响应内容长度: 640, 处理时间: 27.62ms
2026-06-01 09:18:33.808 | INFO     | app.core.middlewares:dispatch:109 - 请求来源: 127.0.0.1,请求方法: GET,请求路径: /api/v1/system/user/list
2026-06-01 09:18:33.849 | ERROR    | app.core.dependencies:__call__:307 - 用户缺少任何所需的权限: ['module_system:user:query']
2026-06-01 09:18:33.850 | ERROR    | app.core.exceptions:CustomExceptionHandler:80 - [自定义异常] GET /api/v1/system/user/list | 错误码: 10403 | 错误信息: 无权限操作 | 详情: None
2026-06-01 09:18:33.850 | INFO     | app.core.middlewares:dispatch:197 - 响应状态: 403, 响应内容长度: 84, 处理时间: 47.23ms
2026-06-01 09:18:52.746 | INFO     | app.core.middlewares:dispatch:109 - 请求来源: 127.0.0.1,请求方法: POST,请求路径: /api/v1/system/auth/logout
2026-06-01 09:18:52.856 | INFO     | app.api.v1.module_system.auth.service:logout_service:324 - 用户退出登录成功,会话编号:d0798639-2563-4f50-ba9e-0c6654ecf522
2026-06-01 09:18:52.856 | INFO     | app.api.v1.module_system.auth.controller:logout_controller:155 - 退出成功
2026-06-01 09:18:52.867 | INFO     | app.core.middlewares:dispatch:197 - 响应状态: 200, 响应内容长度: 76, 处理时间: 140.84ms
2026-06-01 09:18:52.959 | INFO     | app.core.middlewares:dispatch:109 - 请求来源: 127.0.0.1,请求方法: GET,请求路径: /api/v1/system/auth/auto-login/users
2026-06-01 09:18:52.960 | INFO     | app.core.middlewares:dispatch:109 - 请求来源: 127.0.0.1,请求方法: GET,请求路径: /api/v1/system/auth/captcha/get
2026-06-01 09:18:52.971 | INFO     | app.api.v1.module_system.auth.service:get_captcha_service:361 - 生成验证码成功,验证码:4
2026-06-01 09:18:52.971 | INFO     | app.api.v1.module_system.auth.controller:get_captcha_for_login_controller:127 - 获取验证码成功
2026-06-01 09:18:52.972 | INFO     | app.core.middlewares:dispatch:197 - 响应状态: 200, 响应内容长度: 2283, 处理时间: 12.41ms
2026-06-01 09:18:52.995 | INFO     | app.core.middlewares:dispatch:197 - 响应状态: 200, 响应内容长度: 687, 处理时间: 36.23ms
2026-06-01 09:18:56.377 | INFO     | app.core.middlewares:dispatch:109 - 请求来源: 127.0.0.1,请求方法: POST,请求路径: /api/v1/system/auth/auto-login/token
2026-06-01 09:18:56.383 | INFO     | app.api.v1.module_system.auth.service:create_auto_login_token_service:498 - 创建免登录Token成功,用户:admin
2026-06-01 09:18:56.389 | INFO     | app.core.middlewares:dispatch:197 - 响应状态: 200, 响应内容长度: 242, 处理时间: 12.42ms
2026-06-01 09:18:56.395 | INFO     | app.core.middlewares:dispatch:109 - 请求来源: 127.0.0.1,请求方法: POST,请求路径: /api/v1/system/auth/auto-login
2026-06-01 09:18:56.401 | INFO     | app.api.v1.module_system.auth.service:create_token_service:160 - 用户ID: 1, 用户名: admin 正在生成JWT令牌
2026-06-01 09:18:56.403 | INFO     | app.api.v1.module_system.auth.service:auto_login_service:562 - 用户admin免登录成功
2026-06-01 09:18:56.403 | INFO     | app.api.v1.module_system.auth.controller:auto_login_controller:237 - 用户免登录成功
2026-06-01 09:18:56.407 | INFO     | app.core.middlewares:dispatch:197 - 响应状态: 200, 响应内容长度: 601, 处理时间: 11.77ms
2026-06-01 09:18:56.412 | INFO     | app.core.middlewares:dispatch:109 - 请求来源: 127.0.0.1,请求方法: GET,请求路径: /api/v1/system/user/current/info
2026-06-01 09:18:56.449 | INFO     | app.api.v1.module_system.user.controller:get_current_user_info_controller:52 - 获取当前用户信息成功
2026-06-01 09:18:56.454 | INFO     | app.core.middlewares:dispatch:197 - 响应状态: 200, 响应内容长度: 4306, 处理时间: 41.58ms
2026-06-01 09:18:56.555 | INFO     | app.core.middlewares:dispatch:109 - 请求来源: 127.0.0.1,请求方法: GET,请求路径: /api/v1/static/image/logo.png
2026-06-01 09:18:56.561 | INFO     | app.core.middlewares:dispatch:109 - 请求来源: 127.0.0.1,请求方法: GET,请求路径: /api/v1/static/image/logo.png
2026-06-01 09:18:56.630 | INFO     | app.core.middlewares:dispatch:197 - 响应状态: 304, 响应内容长度: 0, 处理时间: 68.88ms
2026-06-01 09:18:56.630 | INFO     | app.core.middlewares:dispatch:197 - 响应状态: 304, 响应内容长度: 0, 处理时间: 75.0ms
2026-06-01 09:18:56.631 | INFO     | app.core.middlewares:dispatch:109 - 请求来源: 127.0.0.1,请求方法: GET,请求路径: /api/v1/system/notice/available
2026-06-01 09:18:56.632 | INFO     | app.core.middlewares:dispatch:109 - 请求来源: 127.0.0.1,请求方法: GET,请求路径: /api/v1/system/param/info
2026-06-01 09:18:56.641 | INFO     | app.api.v1.module_system.params.controller:get_init_obj_controller:286 - 获取初始化缓存参数成功 [{'id': 13, 'uuid': '67da0f23-d1cd-4df2-8314-26ba1d427d0a', 'status': '0', 'description': '初始化数据', 'created_time': '2026-05-28 13:54:50', 'updated_time': '2026-05-28 13:54:50', 'is_deleted': False, 'deleted_time': None, 'config_name': '演示模式启用', 'config_key': 'demo_enable', 'config_value': 'false', 'config_type': True}, {'id': 11, 'uuid': 'd65e0ca0-9a9c-437d-8fc2-b50bd548d088', 'status': '0', 'description': '初始化数据', 'created_time': '2026-05-28 13:54:50', 'updated_time': '2026-05-28 13:54:50', 'is_deleted': False, 'deleted_time': None, 'config_name': '源码代码', 'config_key': 'sys_git_code', 'config_value': 'https://github.com/fastapiadmin/FastapiAdmin.git', 'config_type': True}, {'id': 2, 'uuid': '34a2d16c-5121-4e17-9ac6-0373d6f42372', 'status': '0', 'description': '初始化数据', 'created_time': '2026-05-28 13:54:50', 'updated_time': '2026-05-28 13:54:50', 'is_deleted': False, 'deleted_time': None, 'config_name': '网站描述', 'config_key': 'sys_web_description', 'config_value': '嘉期新媒体科技CRM管理系统', 'config_type': True}, {'id': 12, 'uuid': '0ea7cd7e-b931-4ff8-96b9-ab7be4334099', 'status': '0', 'description': '初始化数据', 'created_time': '2026-05-28 13:54:50', 'updated_time': '2026-05-28 13:54:50', 'is_deleted': False, 'deleted_time': None, 'config_name': '项目版本', 'config_key': 'sys_web_version', 'config_value': '2.0.0', 'config_type': True}, {'id': 10, 'uuid': 'ef0c96df-11d2-42c1-95ea-6544ce3ff21a', 'status': '0', 'description': '初始化数据', 'created_time': '2026-05-28 13:54:50', 'updated_time': '2026-05-28 13:54:50', 'is_deleted': False, 'deleted_time': None, 'config_name': '用户协议', 'config_key': 'sys_web_clause', 'config_value': 'https://github.com/fastapiadmin/FastapiAdmin/blob/master/LICENSE', 'config_type': True}, {'id': 7, 'uuid': '874a8241-64a4-4118-b227-c440f7d065e1', 'status': '0', 'description': '初始化数据', 'created_time': '2026-05-28 13:54:50', 'updated_time': '2026-05-28 13:54:50', 'is_deleted': False, 'deleted_time': None, 'config_name': '备案信息', 'config_key': 'sys_keep_record', 'config_value': '陕ICP备2025069493号-1', 'config_type': True}, {'id': 1, 'uuid': '7703e8ce-bc19-4c6a-9d95-0e0b94bb1bbc', 'status': '0', 'description': '初始化数据', 'created_time': '2026-05-28 13:54:50', 'updated_time': '2026-05-28 13:54:50', 'is_deleted': False, 'deleted_time': None, 'config_name': '网站名称', 'config_key': 'sys_web_title', 'config_value': '嘉期新媒体科技CRM', 'config_type': True}, {'id': 4, 'uuid': '5d670058-6674-47ce-911b-5ed1ded0c7cb', 'status': '0', 'description': '初始化数据', 'created_time': '2026-05-28 13:54:50', 'updated_time': '2026-05-28 13:54:50', 'is_deleted': False, 'deleted_time': None, 'config_name': '网站Logo', 'config_key': 'sys_web_logo', 'config_value': '/api/v1/static/image/logo.png', 'config_type': True}, {'id': 16, 'uuid': '7a2bbbe6-30c6-40b9-8a0a-2a387fc17ccf', 'status': '0', 'description': '初始化数据', 'created_time': '2026-05-28 13:54:50', 'updated_time': '2026-05-28 13:54:50', 'is_deleted': False, 'deleted_time': None, 'config_name': '访问IP黑名单', 'config_key': 'ip_black_list', 'config_value': '[]', 'config_type': True}, {'id': 5, 'uuid': '64363cd6-75cc-40f2-a8b6-1e98112bdcd3', 'status': '0', 'description': '初始化数据', 'created_time': '2026-05-28 13:54:50', 'updated_time': '2026-05-28 13:54:50', 'is_deleted': False, 'deleted_time': None, 'config_name': '登录背景', 'config_key': 'sys_login_background', 'config_value': 'https://service.fastapiadmin.com/api/v1/static/image/background.svg', 'config_type': True}, {'id': 14, 'uuid': 'ff4574d4-c611-4637-88b0-92ed76347995', 'status': '0', 'description': '初始化数据', 'created_time': '2026-05-28 13:54:50', 'updated_time': '2026-05-28 13:54:50', 'is_deleted': False, 'deleted_time': None, 'config_name': '演示访问IP白名单', 'config_key': 'ip_white_list', 'config_value': '["127.0.0.1"]', 'config_type': True}, {'id': 8, 'uuid': 'f8aef1af-405e-400f-8610-ae0b25ed6e38', 'status': '0', 'description': '初始化数据', 'created_time': '2026-05-28 13:54:50', 'updated_time': '2026-05-28 13:54:50', 'is_deleted': False, 'deleted_time': None, 'config_name': '帮助文档', 'config_key': 'sys_help_doc', 'config_value': 'https://service.fastapiadmin.com', 'config_type': True}, {'id': 9, 'uuid': '6f210f47-7c9d-4544-b33c-1f8a3b3ec68c', 'status': '0', 'description': '初始化数据', 'created_time': '2026-05-28 13:54:50', 'updated_time': '2026-05-28 13:54:50', 'is_deleted': False, 'deleted_time': None, 'config_name': '隐私政策', 'config_key': 'sys_web_privacy', 'config_value': 'https://github.com/fastapiadmin/FastapiAdmin/blob/master/LICENSE', 'config_type': True}, {'id': 3, 'uuid': 'fbed94cd-159f-485a-befb-86039b2280a6', 'status': '0', 'description': '初始化数据', 'created_time': '2026-05-28 13:54:50', 'updated_time': '2026-05-28 13:54:50', 'is_deleted': False, 'deleted_time': None, 'config_name': '网页图标', 'config_key': 'sys_web_favicon', 'config_value': '/api/v1/static/image/favicon.png', 'config_type': True}, {'id': 6, 'uuid': 'ed22bf5f-4d2d-4c3c-a368-2901c51836dc', 'status': '0', 'description': '初始化数据', 'created_time': '2026-05-28 13:54:50', 'updated_time': '2026-05-28 13:54:50', 'is_deleted': False, 'deleted_time': None, 'config_name': '版权信息', 'config_key': 'sys_web_copyright', 'config_value': 'Copyright © 2025-2026 service.fastapiadmin.com 版权所有', 'config_type': True}, {'id': 17, 'uuid': '74e27d3b-5cff-48da-a9e5-126385c4bbfc', 'status': '0', 'description': None, 'created_time': '2026-05-28 15:10:40', 'updated_time': '2026-05-28 15:10:40', 'is_deleted': False, 'deleted_time': None, 'config_name': '调度器状态', 'config_key': 'scheduler_status', 'config_value': 'stopped', 'config_type': True}, {'id': 15, 'uuid': 'a0831a35-52ac-4449-9620-93c03b8c85d8', 'status': '0', 'description': '初始化数据', 'created_time': '2026-05-28 13:54:50', 'updated_time': '2026-05-28 13:54:50', 'is_deleted': False, 'deleted_time': None, 'config_name': '接口白名单', 'config_key': 'white_api_list_path', 'config_value': '["/api/v1/system/auth/login", "/api/v1/system/auth/token/refresh", "/api/v1/system/auth/captcha/get", "/api/v1/system/auth/logout", "/api/v1/system/config/info", "/api/v1/system/user/current/info", "/api/v1/system/notice/available", "/api/v1/system/auth/auto-login/users", "/api/v1/system/auth/auto-login/token", "/api/v1/system/auth/auto-login"]', 'config_type': True}]
2026-06-01 09:18:56.642 | INFO     | app.core.middlewares:dispatch:197 - 响应状态: 200, 响应内容长度: 1511, 处理时间: 10.44ms
2026-06-01 09:18:56.656 | INFO     | app.api.v1.module_system.notice.controller:get_obj_list_available_controller:231 - 查询已启用公告列表成功
2026-06-01 09:18:56.657 | INFO     | app.core.middlewares:dispatch:197 - 响应状态: 200, 响应内容长度: 159, 处理时间: 26.9ms
2026-06-01 09:19:05.541 | INFO     | app.core.middlewares:dispatch:109 - 请求来源: 127.0.0.1,请求方法: GET,请求路径: /api/v1/system/dept/tree
2026-06-01 09:19:05.549 | INFO     | app.core.middlewares:dispatch:109 - 请求来源: 127.0.0.1,请求方法: GET,请求路径: /api/v1/system/user/list
2026-06-01 09:19:05.594 | INFO     | app.api.v1.module_system.dept.controller:get_dept_tree_controller:46 - 查询部门树成功
2026-06-01 09:19:05.597 | INFO     | app.core.middlewares:dispatch:197 - 响应状态: 200, 响应内容长度: 566, 处理时间: 57.27ms
2026-06-01 09:19:05.652 | INFO     | app.api.v1.module_system.user.controller:get_obj_list_controller:234 - 查询用户成功
2026-06-01 09:19:05.678 | INFO     | app.core.middlewares:dispatch:197 - 响应状态: 200, 响应内容长度: 5754, 处理时间: 129.74ms
2026-06-01 09:19:11.263 | INFO     | app.core.middlewares:dispatch:109 - 请求来源: 127.0.0.1,请求方法: GET,请求路径: /api/v1/system/role/list
2026-06-01 09:19:11.518 | INFO     | app.api.v1.module_system.role.controller:get_obj_list_controller:59 - 查询角色成功
2026-06-01 09:19:11.524 | INFO     | app.core.middlewares:dispatch:197 - 响应状态: 200, 响应内容长度: 3520, 处理时间: 261.06ms
2026-06-01 09:19:16.397 | INFO     | app.core.middlewares:dispatch:109 - 请求来源: 127.0.0.1,请求方法: GET,请求路径: /api/v1/system/dept/tree
2026-06-01 09:19:16.420 | INFO     | app.api.v1.module_system.dept.controller:get_dept_tree_controller:46 - 查询部门树成功
2026-06-01 09:19:16.422 | INFO     | app.core.middlewares:dispatch:197 - 响应状态: 200, 响应内容长度: 566, 处理时间: 24.93ms
2026-06-01 09:19:16.427 | INFO     | app.core.middlewares:dispatch:109 - 请求来源: 127.0.0.1,请求方法: GET,请求路径: /api/v1/system/menu/tree
2026-06-01 09:19:16.459 | INFO     | app.api.v1.module_system.menu.controller:get_menu_tree_controller:42 - 查询菜单树成功
2026-06-01 09:19:16.472 | INFO     | app.core.middlewares:dispatch:197 - 响应状态: 200, 响应内容长度: 11278, 处理时间: 45.05ms
2026-06-01 09:19:16.693 | INFO     | app.core.middlewares:dispatch:109 - 请求来源: 127.0.0.1,请求方法: GET,请求路径: /api/v1/system/role/detail/2
2026-06-01 09:19:16.709 | INFO     | app.api.v1.module_system.role.controller:get_obj_detail_controller:84 - 获取角色详情成功 2
2026-06-01 09:19:16.711 | INFO     | app.core.middlewares:dispatch:197 - 响应状态: 200, 响应内容长度: 1028, 处理时间: 18.73ms
2026-06-01 09:19:22.274 | INFO     | app.core.middlewares:dispatch:109 - 请求来源: 127.0.0.1,请求方法: GET,请求路径: /api/v1/system/dept/tree
2026-06-01 09:19:22.297 | INFO     | app.api.v1.module_system.dept.controller:get_dept_tree_controller:46 - 查询部门树成功
2026-06-01 09:19:22.298 | INFO     | app.core.middlewares:dispatch:197 - 响应状态: 200, 响应内容长度: 566, 处理时间: 23.99ms
2026-06-01 09:19:22.304 | INFO     | app.core.middlewares:dispatch:109 - 请求来源: 127.0.0.1,请求方法: GET,请求路径: /api/v1/system/menu/tree
2026-06-01 09:19:22.329 | INFO     | app.api.v1.module_system.menu.controller:get_menu_tree_controller:42 - 查询菜单树成功
2026-06-01 09:19:22.340 | INFO     | app.core.middlewares:dispatch:197 - 响应状态: 200, 响应内容长度: 11278, 处理时间: 36.12ms
2026-06-01 09:19:22.524 | INFO     | app.core.middlewares:dispatch:109 - 请求来源: 127.0.0.1,请求方法: GET,请求路径: /api/v1/system/role/detail/4
2026-06-01 09:19:22.605 | INFO     | app.api.v1.module_system.role.controller:get_obj_detail_controller:84 - 获取角色详情成功 4
2026-06-01 09:19:22.609 | INFO     | app.core.middlewares:dispatch:197 - 响应状态: 200, 响应内容长度: 3138, 处理时间: 84.5ms
2026-06-01 09:19:31.553 | INFO     | app.core.middlewares:dispatch:109 - 请求来源: 127.0.0.1,请求方法: POST,请求路径: /api/v1/system/auth/logout
2026-06-01 09:19:31.560 | INFO     | app.api.v1.module_system.auth.service:logout_service:324 - 用户退出登录成功,会话编号:567449b5-0f30-4b4c-90ff-ce40b75caee5
2026-06-01 09:19:31.560 | INFO     | app.api.v1.module_system.auth.controller:logout_controller:155 - 退出成功
2026-06-01 09:19:31.569 | INFO     | app.core.middlewares:dispatch:197 - 响应状态: 200, 响应内容长度: 76, 处理时间: 15.65ms
2026-06-01 09:19:31.582 | INFO     | app.core.middlewares:dispatch:109 - 请求来源: 127.0.0.1,请求方法: GET,请求路径: /api/v1/static/upload/2026/04/26/logo_20260426134735A387.png
2026-06-01 09:19:31.583 | ERROR    | app.core.exceptions:HttpExceptionHandler:102 - [HTTP异常] GET /api/v1/static/upload/2026/04/26/logo_20260426134735A387.png | 状态码: 404 | 错误信息: Not Found
2026-06-01 09:19:31.583 | INFO     | app.core.middlewares:dispatch:197 - 响应状态: 404, 响应内容长度: 74, 处理时间: 1.61ms
2026-06-01 09:19:31.634 | INFO     | app.core.middlewares:dispatch:109 - 请求来源: 127.0.0.1,请求方法: GET,请求路径: /api/v1/system/auth/captcha/get
2026-06-01 09:19:31.638 | INFO     | app.core.middlewares:dispatch:109 - 请求来源: 127.0.0.1,请求方法: GET,请求路径: /api/v1/system/auth/auto-login/users
2026-06-01 09:19:31.655 | INFO     | app.api.v1.module_system.auth.service:get_captcha_service:361 - 生成验证码成功,验证码:18
2026-06-01 09:19:31.655 | INFO     | app.api.v1.module_system.auth.controller:get_captcha_for_login_controller:127 - 获取验证码成功
2026-06-01 09:19:31.656 | INFO     | app.core.middlewares:dispatch:197 - 响应状态: 200, 响应内容长度: 1766, 处理时间: 21.71ms
2026-06-01 09:19:31.676 | INFO     | app.core.middlewares:dispatch:197 - 响应状态: 200, 响应内容长度: 687, 处理时间: 38.52ms
2026-06-01 09:19:36.647 | INFO     | app.core.middlewares:dispatch:109 - 请求来源: 127.0.0.1,请求方法: POST,请求路径: /api/v1/system/auth/auto-login/token
2026-06-01 09:19:36.665 | INFO     | app.api.v1.module_system.auth.service:create_auto_login_token_service:498 - 创建免登录Token成功,用户:wangzhixiu_jiaqi
2026-06-01 09:19:36.671 | INFO     | app.core.middlewares:dispatch:197 - 响应状态: 200, 响应内容长度: 199, 处理时间: 24.83ms
2026-06-01 09:19:36.678 | INFO     | app.core.middlewares:dispatch:109 - 请求来源: 127.0.0.1,请求方法: POST,请求路径: /api/v1/system/auth/auto-login
2026-06-01 09:19:36.689 | INFO     | app.api.v1.module_system.auth.service:create_token_service:160 - 用户ID: 8, 用户名: wangzhixiu_jiaqi 正在生成JWT令牌
2026-06-01 09:19:36.690 | INFO     | app.api.v1.module_system.auth.service:auto_login_service:562 - 用户wangzhixiu_jiaqi免登录成功
2026-06-01 09:19:36.690 | INFO     | app.api.v1.module_system.auth.controller:auto_login_controller:237 - 用户免登录成功
2026-06-01 09:19:36.694 | INFO     | app.core.middlewares:dispatch:197 - 响应状态: 200, 响应内容长度: 607, 处理时间: 15.61ms
2026-06-01 09:19:36.703 | INFO     | app.core.middlewares:dispatch:109 - 请求来源: 127.0.0.1,请求方法: GET,请求路径: /api/v1/system/user/current/info
2026-06-01 09:19:36.743 | INFO     | app.api.v1.module_system.user.controller:get_current_user_info_controller:52 - 获取当前用户信息成功
2026-06-01 09:19:36.748 | INFO     | app.core.middlewares:dispatch:197 - 响应状态: 200, 响应内容长度: 3704, 处理时间: 45.22ms
2026-06-01 09:19:36.797 | INFO     | app.core.middlewares:dispatch:109 - 请求来源: 127.0.0.1,请求方法: GET,请求路径: /api/v1/static/upload/2026/04/26/logo_20260426134735A387.png
2026-06-01 09:19:36.799 | ERROR    | app.core.exceptions:HttpExceptionHandler:102 - [HTTP异常] GET /api/v1/static/upload/2026/04/26/logo_20260426134735A387.png | 状态码: 404 | 错误信息: Not Found
2026-06-01 09:19:36.800 | INFO     | app.core.middlewares:dispatch:197 - 响应状态: 404, 响应内容长度: 74, 处理时间: 2.3ms
2026-06-01 09:19:36.811 | INFO     | app.core.middlewares:dispatch:109 - 请求来源: 127.0.0.1,请求方法: GET,请求路径: /api/v1/system/notice/available
2026-06-01 09:19:36.811 | INFO     | app.core.middlewares:dispatch:109 - 请求来源: 127.0.0.1,请求方法: GET,请求路径: /api/v1/system/param/info
2026-06-01 09:19:36.814 | INFO     | app.api.v1.module_system.params.controller:get_init_obj_controller:286 - 获取初始化缓存参数成功 [{'id': 13, 'uuid': '67da0f23-d1cd-4df2-8314-26ba1d427d0a', 'status': '0', 'description': '初始化数据', 'created_time': '2026-05-28 13:54:50', 'updated_time': '2026-05-28 13:54:50', 'is_deleted': False, 'deleted_time': None, 'config_name': '演示模式启用', 'config_key': 'demo_enable', 'config_value': 'false', 'config_type': True}, {'id': 11, 'uuid': 'd65e0ca0-9a9c-437d-8fc2-b50bd548d088', 'status': '0', 'description': '初始化数据', 'created_time': '2026-05-28 13:54:50', 'updated_time': '2026-05-28 13:54:50', 'is_deleted': False, 'deleted_time': None, 'config_name': '源码代码', 'config_key': 'sys_git_code', 'config_value': 'https://github.com/fastapiadmin/FastapiAdmin.git', 'config_type': True}, {'id': 2, 'uuid': '34a2d16c-5121-4e17-9ac6-0373d6f42372', 'status': '0', 'description': '初始化数据', 'created_time': '2026-05-28 13:54:50', 'updated_time': '2026-05-28 13:54:50', 'is_deleted': False, 'deleted_time': None, 'config_name': '网站描述', 'config_key': 'sys_web_description', 'config_value': '嘉期新媒体科技CRM管理系统', 'config_type': True}, {'id': 12, 'uuid': '0ea7cd7e-b931-4ff8-96b9-ab7be4334099', 'status': '0', 'description': '初始化数据', 'created_time': '2026-05-28 13:54:50', 'updated_time': '2026-05-28 13:54:50', 'is_deleted': False, 'deleted_time': None, 'config_name': '项目版本', 'config_key': 'sys_web_version', 'config_value': '2.0.0', 'config_type': True}, {'id': 10, 'uuid': 'ef0c96df-11d2-42c1-95ea-6544ce3ff21a', 'status': '0', 'description': '初始化数据', 'created_time': '2026-05-28 13:54:50', 'updated_time': '2026-05-28 13:54:50', 'is_deleted': False, 'deleted_time': None, 'config_name': '用户协议', 'config_key': 'sys_web_clause', 'config_value': 'https://github.com/fastapiadmin/FastapiAdmin/blob/master/LICENSE', 'config_type': True}, {'id': 7, 'uuid': '874a8241-64a4-4118-b227-c440f7d065e1', 'status': '0', 'description': '初始化数据', 'created_time': '2026-05-28 13:54:50', 'updated_time': '2026-05-28 13:54:50', 'is_deleted': False, 'deleted_time': None, 'config_name': '备案信息', 'config_key': 'sys_keep_record', 'config_value': '陕ICP备2025069493号-1', 'config_type': True}, {'id': 1, 'uuid': '7703e8ce-bc19-4c6a-9d95-0e0b94bb1bbc', 'status': '0', 'description': '初始化数据', 'created_time': '2026-05-28 13:54:50', 'updated_time': '2026-05-28 13:54:50', 'is_deleted': False, 'deleted_time': None, 'config_name': '网站名称', 'config_key': 'sys_web_title', 'config_value': '嘉期新媒体科技CRM', 'config_type': True}, {'id': 4, 'uuid': '5d670058-6674-47ce-911b-5ed1ded0c7cb', 'status': '0', 'description': '初始化数据', 'created_time': '2026-05-28 13:54:50', 'updated_time': '2026-05-28 13:54:50', 'is_deleted': False, 'deleted_time': None, 'config_name': '网站Logo', 'config_key': 'sys_web_logo', 'config_value': '/api/v1/static/image/logo.png', 'config_type': True}, {'id': 16, 'uuid': '7a2bbbe6-30c6-40b9-8a0a-2a387fc17ccf', 'status': '0', 'description': '初始化数据', 'created_time': '2026-05-28 13:54:50', 'updated_time': '2026-05-28 13:54:50', 'is_deleted': False, 'deleted_time': None, 'config_name': '访问IP黑名单', 'config_key': 'ip_black_list', 'config_value': '[]', 'config_type': True}, {'id': 5, 'uuid': '64363cd6-75cc-40f2-a8b6-1e98112bdcd3', 'status': '0', 'description': '初始化数据', 'created_time': '2026-05-28 13:54:50', 'updated_time': '2026-05-28 13:54:50', 'is_deleted': False, 'deleted_time': None, 'config_name': '登录背景', 'config_key': 'sys_login_background', 'config_value': 'https://service.fastapiadmin.com/api/v1/static/image/background.svg', 'config_type': True}, {'id': 14, 'uuid': 'ff4574d4-c611-4637-88b0-92ed76347995', 'status': '0', 'description': '初始化数据', 'created_time': '2026-05-28 13:54:50', 'updated_time': '2026-05-28 13:54:50', 'is_deleted': False, 'deleted_time': None, 'config_name': '演示访问IP白名单', 'config_key': 'ip_white_list', 'config_value': '["127.0.0.1"]', 'config_type': True}, {'id': 8, 'uuid': 'f8aef1af-405e-400f-8610-ae0b25ed6e38', 'status': '0', 'description': '初始化数据', 'created_time': '2026-05-28 13:54:50', 'updated_time': '2026-05-28 13:54:50', 'is_deleted': False, 'deleted_time': None, 'config_name': '帮助文档', 'config_key': 'sys_help_doc', 'config_value': 'https://service.fastapiadmin.com', 'config_type': True}, {'id': 9, 'uuid': '6f210f47-7c9d-4544-b33c-1f8a3b3ec68c', 'status': '0', 'description': '初始化数据', 'created_time': '2026-05-28 13:54:50', 'updated_time': '2026-05-28 13:54:50', 'is_deleted': False, 'deleted_time': None, 'config_name': '隐私政策', 'config_key': 'sys_web_privacy', 'config_value': 'https://github.com/fastapiadmin/FastapiAdmin/blob/master/LICENSE', 'config_type': True}, {'id': 3, 'uuid': 'fbed94cd-159f-485a-befb-86039b2280a6', 'status': '0', 'description': '初始化数据', 'created_time': '2026-05-28 13:54:50', 'updated_time': '2026-05-28 13:54:50', 'is_deleted': False, 'deleted_time': None, 'config_name': '网页图标', 'config_key': 'sys_web_favicon', 'config_value': '/api/v1/static/image/favicon.png', 'config_type': True}, {'id': 6, 'uuid': 'ed22bf5f-4d2d-4c3c-a368-2901c51836dc', 'status': '0', 'description': '初始化数据', 'created_time': '2026-05-28 13:54:50', 'updated_time': '2026-05-28 13:54:50', 'is_deleted': False, 'deleted_time': None, 'config_name': '版权信息', 'config_key': 'sys_web_copyright', 'config_value': 'Copyright © 2025-2026 service.fastapiadmin.com 版权所有', 'config_type': True}, {'id': 17, 'uuid': '74e27d3b-5cff-48da-a9e5-126385c4bbfc', 'status': '0', 'description': None, 'created_time': '2026-05-28 15:10:40', 'updated_time': '2026-05-28 15:10:40', 'is_deleted': False, 'deleted_time': None, 'config_name': '调度器状态', 'config_key': 'scheduler_status', 'config_value': 'stopped', 'config_type': True}, {'id': 15, 'uuid': 'a0831a35-52ac-4449-9620-93c03b8c85d8', 'status': '0', 'description': '初始化数据', 'created_time': '2026-05-28 13:54:50', 'updated_time': '2026-05-28 13:54:50', 'is_deleted': False, 'deleted_time': None, 'config_name': '接口白名单', 'config_key': 'white_api_list_path', 'config_value': '["/api/v1/system/auth/login", "/api/v1/system/auth/token/refresh", "/api/v1/system/auth/captcha/get", "/api/v1/system/auth/logout", "/api/v1/system/config/info", "/api/v1/system/user/current/info", "/api/v1/system/notice/available", "/api/v1/system/auth/auto-login/users", "/api/v1/system/auth/auto-login/token", "/api/v1/system/auth/auto-login"]', 'config_type': True}]
2026-06-01 09:19:36.815 | INFO     | app.core.middlewares:dispatch:197 - 响应状态: 200, 响应内容长度: 1511, 处理时间: 3.67ms
2026-06-01 09:19:36.882 | INFO     | app.api.v1.module_system.notice.controller:get_obj_list_available_controller:231 - 查询已启用公告列表成功
2026-06-01 09:19:36.883 | INFO     | app.core.middlewares:dispatch:197 - 响应状态: 200, 响应内容长度: 159, 处理时间: 72.48ms
2026-06-01 09:20:05.173 | INFO     | app.core.middlewares:dispatch:109 - 请求来源: 127.0.0.1,请求方法: GET,请求路径: /api/v1/salesmanagement/marketing_resources/list
2026-06-01 09:20:05.175 | INFO     | app.core.middlewares:dispatch:109 - 请求来源: 127.0.0.1,请求方法: GET,请求路径: /api/v1/system/dict/data/info/crm_marketing_resources_importance
2026-06-01 09:20:05.179 | INFO     | app.api.v1.module_system.dict.controller:get_init_dict_data_controller:526 - 获取初始化字典数据成功：[{'id': 35, 'uuid': '9beace41-c470-4a92-b0bb-4cce9c51df78', 'status': '0', 'description': None, 'created_time': '2026-06-01 09:15:48', 'updated_time': '2026-06-01 09:15:48', 'is_deleted': False, 'deleted_time': None, 'dict_sort': 1, 'dict_label': '普通', 'dict_value': 'normal', 'dict_type': 'crm_marketing_resources_importance', 'dict_type_id': 11, 'css_class': None, 'list_class': None, 'is_default': True}, {'id': 36, 'uuid': 'b125da0a-0c07-40de-8af4-3c4f8db74cca', 'status': '0', 'description': None, 'created_time': '2026-06-01 09:15:48', 'updated_time': '2026-06-01 09:15:48', 'is_deleted': False, 'deleted_time': None, 'dict_sort': 2, 'dict_label': '紧急', 'dict_value': 'urgent', 'dict_type': 'crm_marketing_resources_importance', 'dict_type_id': 11, 'css_class': None, 'list_class': None, 'is_default': False}]
2026-06-01 09:20:05.179 | INFO     | app.core.middlewares:dispatch:197 - 响应状态: 200, 响应内容长度: 853, 处理时间: 4.74ms
2026-06-01 09:20:05.232 | INFO     | app.plugin.module_salesmanagement.marketing_resources.controller:get_marketing_resource_list_controller:66 - 查询营销资源列表成功
2026-06-01 09:20:05.240 | INFO     | app.core.middlewares:dispatch:197 - 响应状态: 200, 响应内容长度: 1558, 处理时间: 68.67ms
2026-06-01 09:20:05.247 | INFO     | app.core.middlewares:dispatch:109 - 请求来源: 127.0.0.1,请求方法: GET,请求路径: /api/v1/salesmanagement/marketing_resources/list
2026-06-01 09:20:05.339 | INFO     | app.plugin.module_salesmanagement.marketing_resources.controller:get_marketing_resource_list_controller:66 - 查询营销资源列表成功
2026-06-01 09:20:05.342 | INFO     | app.core.middlewares:dispatch:197 - 响应状态: 200, 响应内容长度: 1558, 处理时间: 95.25ms
2026-06-01 09:20:07.129 | INFO     | app.core.middlewares:dispatch:109 - 请求来源: 127.0.0.1,请求方法: GET,请求路径: /api/v1/salesmanagement/marketing_resources/detail/2032
2026-06-01 09:20:07.152 | INFO     | app.plugin.module_salesmanagement.marketing_resources.controller:get_marketing_resource_detail_controller:42 - 获取营销资源详情成功 2032
2026-06-01 09:20:07.153 | INFO     | app.core.middlewares:dispatch:197 - 响应状态: 200, 响应内容长度: 640, 处理时间: 23.77ms
2026-06-01 09:20:08.649 | INFO     | app.core.middlewares:dispatch:109 - 请求来源: 127.0.0.1,请求方法: GET,请求路径: /api/v1/system/user/list
2026-06-01 09:20:08.681 | INFO     | app.api.v1.module_system.user.controller:get_obj_list_controller:234 - 查询用户成功
2026-06-01 09:20:08.690 | INFO     | app.core.middlewares:dispatch:197 - 响应状态: 200, 响应内容长度: 5757, 处理时间: 40.85ms
2026-06-01 09:20:17.871 | INFO     | app.core.middlewares:dispatch:109 - 请求来源: 127.0.0.1,请求方法: POST,请求路径: /api/v1/system/auth/logout
2026-06-01 09:20:17.887 | INFO     | app.api.v1.module_system.auth.service:logout_service:324 - 用户退出登录成功,会话编号:35925b20-46cd-4a53-bc60-874ce812c15f
2026-06-01 09:20:17.887 | INFO     | app.api.v1.module_system.auth.controller:logout_controller:155 - 退出成功
2026-06-01 09:20:17.896 | INFO     | app.core.middlewares:dispatch:197 - 响应状态: 200, 响应内容长度: 76, 处理时间: 25.14ms
2026-06-01 09:20:17.957 | INFO     | app.core.middlewares:dispatch:109 - 请求来源: 127.0.0.1,请求方法: GET,请求路径: /api/v1/system/auth/captcha/get
2026-06-01 09:20:17.958 | INFO     | app.core.middlewares:dispatch:109 - 请求来源: 127.0.0.1,请求方法: GET,请求路径: /api/v1/system/auth/auto-login/users
2026-06-01 09:20:17.964 | INFO     | app.api.v1.module_system.auth.service:get_captcha_service:361 - 生成验证码成功,验证码:5
2026-06-01 09:20:17.964 | INFO     | app.api.v1.module_system.auth.controller:get_captcha_for_login_controller:127 - 获取验证码成功
2026-06-01 09:20:17.965 | INFO     | app.core.middlewares:dispatch:197 - 响应状态: 200, 响应内容长度: 1791, 处理时间: 7.4ms
2026-06-01 09:20:17.981 | INFO     | app.core.middlewares:dispatch:197 - 响应状态: 200, 响应内容长度: 687, 处理时间: 23.29ms
2026-06-01 09:20:23.506 | INFO     | app.core.middlewares:dispatch:109 - 请求来源: 127.0.0.1,请求方法: POST,请求路径: /api/v1/system/auth/auto-login/token
2026-06-01 09:20:23.514 | INFO     | app.api.v1.module_system.auth.service:create_auto_login_token_service:498 - 创建免登录Token成功,用户:admin
2026-06-01 09:20:23.518 | INFO     | app.core.middlewares:dispatch:197 - 响应状态: 200, 响应内容长度: 242, 处理时间: 12.23ms
2026-06-01 09:20:23.524 | INFO     | app.core.middlewares:dispatch:109 - 请求来源: 127.0.0.1,请求方法: POST,请求路径: /api/v1/system/auth/auto-login
2026-06-01 09:20:23.529 | INFO     | app.api.v1.module_system.auth.service:create_token_service:160 - 用户ID: 1, 用户名: admin 正在生成JWT令牌
2026-06-01 09:20:23.530 | INFO     | app.api.v1.module_system.auth.service:auto_login_service:562 - 用户admin免登录成功
2026-06-01 09:20:23.530 | INFO     | app.api.v1.module_system.auth.controller:auto_login_controller:237 - 用户免登录成功
2026-06-01 09:20:23.533 | INFO     | app.core.middlewares:dispatch:197 - 响应状态: 200, 响应内容长度: 602, 处理时间: 9.63ms
2026-06-01 09:20:23.539 | INFO     | app.core.middlewares:dispatch:109 - 请求来源: 127.0.0.1,请求方法: GET,请求路径: /api/v1/system/user/current/info
2026-06-01 09:20:23.572 | INFO     | app.api.v1.module_system.user.controller:get_current_user_info_controller:52 - 获取当前用户信息成功
2026-06-01 09:20:23.576 | INFO     | app.core.middlewares:dispatch:197 - 响应状态: 200, 响应内容长度: 4306, 处理时间: 37.54ms
2026-06-01 09:20:23.710 | INFO     | app.core.middlewares:dispatch:109 - 请求来源: 127.0.0.1,请求方法: GET,请求路径: /api/v1/system/param/info
2026-06-01 09:20:23.712 | INFO     | app.core.middlewares:dispatch:109 - 请求来源: 127.0.0.1,请求方法: GET,请求路径: /api/v1/system/notice/available
2026-06-01 09:20:23.716 | INFO     | app.api.v1.module_system.params.controller:get_init_obj_controller:286 - 获取初始化缓存参数成功 [{'id': 13, 'uuid': '67da0f23-d1cd-4df2-8314-26ba1d427d0a', 'status': '0', 'description': '初始化数据', 'created_time': '2026-05-28 13:54:50', 'updated_time': '2026-05-28 13:54:50', 'is_deleted': False, 'deleted_time': None, 'config_name': '演示模式启用', 'config_key': 'demo_enable', 'config_value': 'false', 'config_type': True}, {'id': 11, 'uuid': 'd65e0ca0-9a9c-437d-8fc2-b50bd548d088', 'status': '0', 'description': '初始化数据', 'created_time': '2026-05-28 13:54:50', 'updated_time': '2026-05-28 13:54:50', 'is_deleted': False, 'deleted_time': None, 'config_name': '源码代码', 'config_key': 'sys_git_code', 'config_value': 'https://github.com/fastapiadmin/FastapiAdmin.git', 'config_type': True}, {'id': 2, 'uuid': '34a2d16c-5121-4e17-9ac6-0373d6f42372', 'status': '0', 'description': '初始化数据', 'created_time': '2026-05-28 13:54:50', 'updated_time': '2026-05-28 13:54:50', 'is_deleted': False, 'deleted_time': None, 'config_name': '网站描述', 'config_key': 'sys_web_description', 'config_value': '嘉期新媒体科技CRM管理系统', 'config_type': True}, {'id': 12, 'uuid': '0ea7cd7e-b931-4ff8-96b9-ab7be4334099', 'status': '0', 'description': '初始化数据', 'created_time': '2026-05-28 13:54:50', 'updated_time': '2026-05-28 13:54:50', 'is_deleted': False, 'deleted_time': None, 'config_name': '项目版本', 'config_key': 'sys_web_version', 'config_value': '2.0.0', 'config_type': True}, {'id': 10, 'uuid': 'ef0c96df-11d2-42c1-95ea-6544ce3ff21a', 'status': '0', 'description': '初始化数据', 'created_time': '2026-05-28 13:54:50', 'updated_time': '2026-05-28 13:54:50', 'is_deleted': False, 'deleted_time': None, 'config_name': '用户协议', 'config_key': 'sys_web_clause', 'config_value': 'https://github.com/fastapiadmin/FastapiAdmin/blob/master/LICENSE', 'config_type': True}, {'id': 7, 'uuid': '874a8241-64a4-4118-b227-c440f7d065e1', 'status': '0', 'description': '初始化数据', 'created_time': '2026-05-28 13:54:50', 'updated_time': '2026-05-28 13:54:50', 'is_deleted': False, 'deleted_time': None, 'config_name': '备案信息', 'config_key': 'sys_keep_record', 'config_value': '陕ICP备2025069493号-1', 'config_type': True}, {'id': 1, 'uuid': '7703e8ce-bc19-4c6a-9d95-0e0b94bb1bbc', 'status': '0', 'description': '初始化数据', 'created_time': '2026-05-28 13:54:50', 'updated_time': '2026-05-28 13:54:50', 'is_deleted': False, 'deleted_time': None, 'config_name': '网站名称', 'config_key': 'sys_web_title', 'config_value': '嘉期新媒体科技CRM', 'config_type': True}, {'id': 4, 'uuid': '5d670058-6674-47ce-911b-5ed1ded0c7cb', 'status': '0', 'description': '初始化数据', 'created_time': '2026-05-28 13:54:50', 'updated_time': '2026-05-28 13:54:50', 'is_deleted': False, 'deleted_time': None, 'config_name': '网站Logo', 'config_key': 'sys_web_logo', 'config_value': '/api/v1/static/image/logo.png', 'config_type': True}, {'id': 16, 'uuid': '7a2bbbe6-30c6-40b9-8a0a-2a387fc17ccf', 'status': '0', 'description': '初始化数据', 'created_time': '2026-05-28 13:54:50', 'updated_time': '2026-05-28 13:54:50', 'is_deleted': False, 'deleted_time': None, 'config_name': '访问IP黑名单', 'config_key': 'ip_black_list', 'config_value': '[]', 'config_type': True}, {'id': 5, 'uuid': '64363cd6-75cc-40f2-a8b6-1e98112bdcd3', 'status': '0', 'description': '初始化数据', 'created_time': '2026-05-28 13:54:50', 'updated_time': '2026-05-28 13:54:50', 'is_deleted': False, 'deleted_time': None, 'config_name': '登录背景', 'config_key': 'sys_login_background', 'config_value': 'https://service.fastapiadmin.com/api/v1/static/image/background.svg', 'config_type': True}, {'id': 14, 'uuid': 'ff4574d4-c611-4637-88b0-92ed76347995', 'status': '0', 'description': '初始化数据', 'created_time': '2026-05-28 13:54:50', 'updated_time': '2026-05-28 13:54:50', 'is_deleted': False, 'deleted_time': None, 'config_name': '演示访问IP白名单', 'config_key': 'ip_white_list', 'config_value': '["127.0.0.1"]', 'config_type': True}, {'id': 8, 'uuid': 'f8aef1af-405e-400f-8610-ae0b25ed6e38', 'status': '0', 'description': '初始化数据', 'created_time': '2026-05-28 13:54:50', 'updated_time': '2026-05-28 13:54:50', 'is_deleted': False, 'deleted_time': None, 'config_name': '帮助文档', 'config_key': 'sys_help_doc', 'config_value': 'https://service.fastapiadmin.com', 'config_type': True}, {'id': 9, 'uuid': '6f210f47-7c9d-4544-b33c-1f8a3b3ec68c', 'status': '0', 'description': '初始化数据', 'created_time': '2026-05-28 13:54:50', 'updated_time': '2026-05-28 13:54:50', 'is_deleted': False, 'deleted_time': None, 'config_name': '隐私政策', 'config_key': 'sys_web_privacy', 'config_value': 'https://github.com/fastapiadmin/FastapiAdmin/blob/master/LICENSE', 'config_type': True}, {'id': 3, 'uuid': 'fbed94cd-159f-485a-befb-86039b2280a6', 'status': '0', 'description': '初始化数据', 'created_time': '2026-05-28 13:54:50', 'updated_time': '2026-05-28 13:54:50', 'is_deleted': False, 'deleted_time': None, 'config_name': '网页图标', 'config_key': 'sys_web_favicon', 'config_value': '/api/v1/static/image/favicon.png', 'config_type': True}, {'id': 6, 'uuid': 'ed22bf5f-4d2d-4c3c-a368-2901c51836dc', 'status': '0', 'description': '初始化数据', 'created_time': '2026-05-28 13:54:50', 'updated_time': '2026-05-28 13:54:50', 'is_deleted': False, 'deleted_time': None, 'config_name': '版权信息', 'config_key': 'sys_web_copyright', 'config_value': 'Copyright © 2025-2026 service.fastapiadmin.com 版权所有', 'config_type': True}, {'id': 17, 'uuid': '74e27d3b-5cff-48da-a9e5-126385c4bbfc', 'status': '0', 'description': None, 'created_time': '2026-05-28 15:10:40', 'updated_time': '2026-05-28 15:10:40', 'is_deleted': False, 'deleted_time': None, 'config_name': '调度器状态', 'config_key': 'scheduler_status', 'config_value': 'stopped', 'config_type': True}, {'id': 15, 'uuid': 'a0831a35-52ac-4449-9620-93c03b8c85d8', 'status': '0', 'description': '初始化数据', 'created_time': '2026-05-28 13:54:50', 'updated_time': '2026-05-28 13:54:50', 'is_deleted': False, 'deleted_time': None, 'config_name': '接口白名单', 'config_key': 'white_api_list_path', 'config_value': '["/api/v1/system/auth/login", "/api/v1/system/auth/token/refresh", "/api/v1/system/auth/captcha/get", "/api/v1/system/auth/logout", "/api/v1/system/config/info", "/api/v1/system/user/current/info", "/api/v1/system/notice/available", "/api/v1/system/auth/auto-login/users", "/api/v1/system/auth/auto-login/token", "/api/v1/system/auth/auto-login"]', 'config_type': True}]
2026-06-01 09:20:23.717 | INFO     | app.core.middlewares:dispatch:197 - 响应状态: 200, 响应内容长度: 1511, 处理时间: 7.6ms
2026-06-01 09:20:23.732 | INFO     | app.api.v1.module_system.notice.controller:get_obj_list_available_controller:231 - 查询已启用公告列表成功
2026-06-01 09:20:23.733 | INFO     | app.core.middlewares:dispatch:197 - 响应状态: 200, 响应内容长度: 159, 处理时间: 21.05ms
2026-06-01 09:20:31.503 | INFO     | app.core.middlewares:dispatch:109 - 请求来源: 127.0.0.1,请求方法: GET,请求路径: /api/v1/system/dept/tree
2026-06-01 09:20:31.515 | INFO     | app.core.middlewares:dispatch:109 - 请求来源: 127.0.0.1,请求方法: GET,请求路径: /api/v1/system/user/list
2026-06-01 09:20:31.532 | INFO     | app.api.v1.module_system.dept.controller:get_dept_tree_controller:46 - 查询部门树成功
2026-06-01 09:20:31.535 | INFO     | app.core.middlewares:dispatch:197 - 响应状态: 200, 响应内容长度: 566, 处理时间: 31.51ms
2026-06-01 09:20:31.558 | INFO     | app.api.v1.module_system.user.controller:get_obj_list_controller:234 - 查询用户成功
2026-06-01 09:20:31.567 | INFO     | app.core.middlewares:dispatch:197 - 响应状态: 200, 响应内容长度: 5754, 处理时间: 52.27ms
2026-06-01 09:20:35.154 | INFO     | app.core.middlewares:dispatch:109 - 请求来源: 127.0.0.1,请求方法: GET,请求路径: /api/v1/system/user/detail/2
2026-06-01 09:20:35.182 | INFO     | app.api.v1.module_system.user.controller:get_obj_detail_controller:259 - 获取用户详情成功 2
2026-06-01 09:20:35.184 | INFO     | app.core.middlewares:dispatch:197 - 响应状态: 200, 响应内容长度: 1367, 处理时间: 29.95ms
2026-06-01 09:20:35.233 | INFO     | app.core.middlewares:dispatch:109 - 请求来源: 127.0.0.1,请求方法: GET,请求路径: /api/v1/system/dept/tree
2026-06-01 09:20:35.325 | INFO     | app.api.v1.module_system.dept.controller:get_dept_tree_controller:46 - 查询部门树成功
2026-06-01 09:20:35.328 | INFO     | app.core.middlewares:dispatch:197 - 响应状态: 200, 响应内容长度: 566, 处理时间: 95.43ms
2026-06-01 09:20:35.346 | INFO     | app.core.middlewares:dispatch:109 - 请求来源: 127.0.0.1,请求方法: GET,请求路径: /api/v1/system/role/list
2026-06-01 09:20:35.362 | INFO     | app.api.v1.module_system.role.controller:get_obj_list_controller:59 - 查询角色成功
2026-06-01 09:20:35.367 | INFO     | app.core.middlewares:dispatch:197 - 响应状态: 200, 响应内容长度: 3520, 处理时间: 20.69ms
2026-06-01 09:20:35.375 | INFO     | app.core.middlewares:dispatch:109 - 请求来源: 127.0.0.1,请求方法: GET,请求路径: /api/v1/system/position/list
2026-06-01 09:20:35.418 | INFO     | app.api.v1.module_system.position.controller:get_obj_list_controller:58 - 查询岗位列表成功
2026-06-01 09:20:35.420 | INFO     | app.core.middlewares:dispatch:197 - 响应状态: 200, 响应内容长度: 557, 处理时间: 45.09ms
2026-06-01 09:20:41.048 | INFO     | app.core.middlewares:dispatch:109 - 请求来源: 127.0.0.1,请求方法: PUT,请求路径: /api/v1/system/user/update/2
2026-06-01 09:20:41.187 | INFO     | app.api.v1.module_system.user.controller:update_obj_controller:315 - 修改用户成功: {'tenant': {'id': 1, 'name': '系统租户'}, 'created_id': 1, 'created_by': {'id': 1, 'name': '超级管理员'}, 'updated_id': 1, 'updated_by': {'id': 1, 'name': '超级管理员'}, 'deleted_id': None, 'deleted_by': None, 'id': 2, 'uuid': '31bcb179-f124-400f-8dc3-19ab09711ee0', 'status': '0', 'description': None, 'created_time': datetime.datetime(2026, 5, 28, 14, 30, 34, 149900), 'updated_time': datetime.datetime(2026, 5, 28, 18, 4, 4, 808732), 'is_deleted': False, 'deleted_time': None, 'name': '崔张莉', 'mobile': None, 'email': None, 'gender': '1', 'avatar': None, 'username': 'cuizhangli_jiaqi', 'password': '$2b$12$tpnZCX9SA27cYsmwh6Gm9.XY2JomwzluwaW3.z1wTnbN6/V5vWxRO', 'is_superuser': False, 'dept_id': 2, 'role_ids': [], 'position_ids': [], 'last_login': datetime.datetime(2026, 5, 28, 10, 4, 4, 802786, tzinfo=datetime.timezone.utc), 'gitee_login': None, 'github_login': None, 'wx_login': None, 'qq_login': None, 'dept_name': None, 'dept': {'id': 2, 'name': '销售部'}, 'positions': [{'id': 1, 'name': '销售总监'}], 'roles': [{'id': 2, 'uuid': '5df6f4ec-1c1e-461e-9286-b78ebd0e3db5', 'status': '0', 'description': None, 'created_time': datetime.datetime(2026, 5, 28, 14, 28, 22, 192274), 'updated_time': datetime.datetime(2026, 5, 29, 14, 36, 15, 992936), 'is_deleted': False, 'deleted_time': None, 'name': '管理01', 'code': 'Manager_01', 'order': 1, 'data_scope': 4, 'menus': [{'id': 192, 'uuid': '53832d38-0875-4e46-9eaf-08062b4d5e3c', 'status': '0', 'description': None, 'created_time': datetime.datetime(2026, 5, 29, 14, 23, 36, 308007), 'updated_time': datetime.datetime(2026, 5, 29, 14, 23, 36, 308011), 'is_deleted': False, 'deleted_time': None, 'name': '修改', 'type': 3, 'order': 1, 'permission': 'module_salesmanagement:marketing_resources:update', 'icon': None, 'route_name': None, 'route_path': None, 'component_path': None, 'redirect': None, 'hidden': False, 'keep_alive': False, 'always_show': False, 'title': '修改销售资源', 'params': [], 'affix': False, 'parent_id': 190, 'parent_name': None}, {'id': 1, 'uuid': '4be58d8b-2bdd-43a3-9ebc-a0016e1e4e1f', 'status': '0', 'description': '初始化数据', 'created_time': datetime.datetime(2026, 5, 28, 13, 54, 50, 22590), 'updated_time': datetime.datetime(2026, 5, 29, 14, 27, 56, 209987), 'is_deleted': False, 'deleted_time': None, 'name': '仪表盘', 'type': 1, 'order': 1, 'permission': '', 'icon': 'client', 'route_name': 'Dashboard', 'route_path': '/dashboard', 'component_path': None, 'redirect': '/dashboard/workplace', 'hidden': False, 'keep_alive': True, 'always_show': True, 'title': '仪表盘', 'params': None, 'affix': False, 'parent_id': None, 'parent_name': None}, {'id': 189, 'uuid': '11f8d437-39af-46d5-8ac1-6a195ddec72d', 'status': '0', 'description': None, 'created_time': datetime.datetime(2026, 5, 28, 15, 42, 25, 339258), 'updated_time': datetime.datetime(2026, 5, 29, 14, 27, 56, 209987), 'is_deleted': False, 'deleted_time': None, 'name': '销售管理', 'type': 1, 'order': 1, 'permission': None, 'icon': 'el-icon-Goods', 'route_name': 'SalesManagement', 'route_path': '/salesmanagement', 'component_path': None, 'redirect': '/salesmanagement', 'hidden': False, 'keep_alive': False, 'always_show': False, 'title': '销售管理', 'params': [], 'affix': False, 'parent_id': 1, 'parent_name': None}, {'id': 190, 'uuid': '33a8524f-c5ab-4cc3-8f66-74fcc306e47c', 'status': '0', 'description': None, 'created_time': datetime.datetime(2026, 5, 28, 15, 55, 19, 907703), 'updated_time': datetime.datetime(2026, 5, 29, 14, 27, 56, 209987), 'is_deleted': False, 'deleted_time': None, 'name': '销售管理列表', 'type': 2, 'order': 1, 'permission': 'module_salesmanagement:marketing_resources:query', 'icon': None, 'route_name': 'SalesManagementList', 'route_path': '/salesmanagement/list', 'component_path': 'salesmanagement/list/index', 'redirect': None, 'hidden': False, 'keep_alive': False, 'always_show': False, 'title': '销售管理列表', 'params': [], 'affix': False, 'parent_id': 189, 'parent_name': None}, {'id': 191, 'uuid': '34e0b841-a24f-4dd2-8d68-812eaf571dca', 'status': '0', 'description': None, 'created_time': datetime.datetime(2026, 5, 29, 14, 22, 51, 328347), 'updated_time': datetime.datetime(2026, 5, 29, 14, 27, 56, 209987), 'is_deleted': False, 'deleted_time': None, 'name': '创建', 'type': 3, 'order': 2, 'permission': 'module_salesmanagement:marketing_resources:create', 'icon': None, 'route_name': None, 'route_path': None, 'component_path': None, 'redirect': None, 'hidden': False, 'keep_alive': False, 'always_show': False, 'title': '创建销售资源', 'params': [], 'affix': False, 'parent_id': 190, 'parent_name': None}, {'id': 193, 'uuid': 'f73bd1f1-9838-4f59-b2a8-7f3e1c7087fd', 'status': '0', 'description': None, 'created_time': datetime.datetime(2026, 5, 29, 14, 33, 28, 569325), 'updated_time': datetime.datetime(2026, 5, 29, 14, 33, 28, 569330), 'is_deleted': False, 'deleted_time': None, 'name': '删除', 'type': 3, 'order': 3, 'permission': 'module_salesmanagement:marketing_resources:delete', 'icon': None, 'route_name': None, 'route_path': None, 'component_path': None, 'redirect': None, 'hidden': False, 'keep_alive': False, 'always_show': False, 'title': '删除销售资源', 'params': [], 'affix': False, 'parent_id': 190, 'parent_name': None}, {'id': 194, 'uuid': '669b64c6-7b5b-4b99-a6a7-876f289e30f4', 'status': '0', 'description': None, 'created_time': datetime.datetime(2026, 5, 29, 14, 36, 0, 952292), 'updated_time': datetime.datetime(2026, 5, 29, 14, 36, 0, 952299), 'is_deleted': False, 'deleted_time': None, 'name': '详情', 'type': 3, 'order': 4, 'permission': 'module_salesmanagement:marketing_resources:detail', 'icon': None, 'route_name': None, 'route_path': None, 'component_path': None, 'redirect': None, 'hidden': False, 'keep_alive': False, 'always_show': False, 'title': '销售资源详情', 'params': [], 'affix': False, 'parent_id': 190, 'parent_name': None}], 'depts': []}, {'id': 4, 'uuid': 'ec602558-c51e-4029-8b51-ffcf99485390', 'status': '0', 'description': None, 'created_time': datetime.datetime(2026, 5, 28, 16, 6, 35, 102696), 'updated_time': datetime.datetime(2026, 5, 29, 14, 37, 27, 707492), 'is_deleted': False, 'deleted_time': None, 'name': '董事', 'code': 'topmanage', 'order': 1, 'data_scope': 4, 'menus': [{'id': 192, 'uuid': '53832d38-0875-4e46-9eaf-08062b4d5e3c', 'status': '0', 'description': None, 'created_time': datetime.datetime(2026, 5, 29, 14, 23, 36, 308007), 'updated_time': datetime.datetime(2026, 5, 29, 14, 23, 36, 308011), 'is_deleted': False, 'deleted_time': None, 'name': '修改', 'type': 3, 'order': 1, 'permission': 'module_salesmanagement:marketing_resources:update', 'icon': None, 'route_name': None, 'route_path': None, 'component_path': None, 'redirect': None, 'hidden': False, 'keep_alive': False, 'always_show': False, 'title': '修改销售资源', 'params': [], 'affix': False, 'parent_id': 190, 'parent_name': None}, {'id': 42, 'uuid': 'dcda755c-34a1-4c96-bc03-5866b3efa376', 'status': '0', 'description': '初始化数据', 'created_time': datetime.datetime(2026, 5, 28, 13, 54, 50, 29163), 'updated_time': datetime.datetime(2026, 5, 28, 13, 54, 50, 29163), 'is_deleted': False, 'deleted_time': None, 'name': '创建部门', 'type': 3, 'order': 1, 'permission': 'module_system:dept:create', 'icon': None, 'route_name': None, 'route_path': None, 'component_path': None, 'redirect': None, 'hidden': False, 'keep_alive': True, 'always_show': False, 'title': '创建部门', 'params': None, 'affix': False, 'parent_id': 12, 'parent_name': None}, {'id': 189, 'uuid': '11f8d437-39af-46d5-8ac1-6a195ddec72d', 'status': '0', 'description': None, 'created_time': datetime.datetime(2026, 5, 28, 15, 42, 25, 339258), 'updated_time': datetime.datetime(2026, 5, 29, 14, 27, 56, 209987), 'is_deleted': False, 'deleted_time': None, 'name': '销售管理', 'type': 1, 'order': 1, 'permission': None, 'icon': 'el-icon-Goods', 'route_name': 'SalesManagement', 'route_path': '/salesmanagement', 'component_path': None, 'redirect': '/salesmanagement', 'hidden': False, 'keep_alive': False, 'always_show': False, 'title': '销售管理', 'params': [], 'affix': False, 'parent_id': 1, 'parent_name': None}, {'id': 48, 'uuid': '42540133-fb47-4911-82ae-cac92a9cda48', 'status': '0', 'description': '初始化数据', 'created_time': datetime.datetime(2026, 5, 28, 13, 54, 50, 29181), 'updated_time': datetime.datetime(2026, 5, 28, 13, 54, 50, 29181), 'is_deleted': False, 'deleted_time': None, 'name': '创建岗位', 'type': 3, 'order': 1, 'permission': 'module_system:position:create', 'icon': None, 'route_name': None, 'route_path': None, 'component_path': None, 'redirect': None, 'hidden': False, 'keep_alive': True, 'always_show': False, 'title': '创建岗位', 'params': None, 'affix': False, 'parent_id': 13, 'parent_name': None}, {'id': 190, 'uuid': '33a8524f-c5ab-4cc3-8f66-74fcc306e47c', 'status': '0', 'description': None, 'created_time': datetime.datetime(2026, 5, 28, 15, 55, 19, 907703), 'updated_time': datetime.datetime(2026, 5, 29, 14, 27, 56, 209987), 'is_deleted': False, 'deleted_time': None, 'name': '销售管理列表', 'type': 2, 'order': 1, 'permission': 'module_salesmanagement:marketing_resources:query', 'icon': None, 'route_name': 'SalesManagementList', 'route_path': '/salesmanagement/list', 'component_path': 'salesmanagement/list/index', 'redirect': None, 'hidden': False, 'keep_alive': False, 'always_show': False, 'title': '销售管理列表', 'params': [], 'affix': False, 'parent_id': 189, 'parent_name': None}, {'id': 1, 'uuid': '4be58d8b-2bdd-43a3-9ebc-a0016e1e4e1f', 'status': '0', 'description': '初始化数据', 'created_time': datetime.datetime(2026, 5, 28, 13, 54, 50, 22590), 'updated_time': datetime.datetime(2026, 5, 29, 14, 27, 56, 209987), 'is_deleted': False, 'deleted_time': None, 'name': '仪表盘', 'type': 1, 'order': 1, 'permission': '', 'icon': 'client', 'route_name': 'Dashboard', 'route_path': '/dashboard', 'component_path': None, 'redirect': '/dashboard/workplace', 'hidden': False, 'keep_alive': True, 'always_show': True, 'title': '仪表盘', 'params': None, 'affix': False, 'parent_id': None, 'parent_name': None}, {'id': 55, 'uuid': '0b049696-1f7c-41e0-aabf-c3e01fb58a68', 'status': '0', 'description': '初始化数据', 'created_time': datetime.datetime(2026, 5, 28, 13, 54, 50, 29205), 'updated_time': datetime.datetime(2026, 5, 28, 13, 54, 50, 29205), 'is_deleted': False, 'deleted_time': None, 'name': '创建角色', 'type': 3, 'order': 1, 'permission': 'module_system:role:create', 'icon': None, 'route_name': None, 'route_path': None, 'component_path': None, 'redirect': None, 'hidden': False, 'keep_alive': True, 'always_show': False, 'title': '创建角色', 'params': None, 'affix': False, 'parent_id': 14, 'parent_name': None}, {'id': 72, 'uuid': 'd200429c-3eab-4185-82b8-0aa4a30f4c07', 'status': '0', 'description': '初始化数据', 'created_time': datetime.datetime(2026, 5, 28, 13, 54, 50, 29256), 'updated_time': datetime.datetime(2026, 5, 28, 13, 54, 50, 29256), 'is_deleted': False, 'deleted_time': None, 'name': '日志删除', 'type': 3, 'order': 1, 'permission': 'module_system:log:delete', 'icon': None, 'route_name': None, 'route_path': None, 'component_path': None, 'redirect': None, 'hidden': False, 'keep_alive': True, 'always_show': False, 'title': '日志删除', 'params': None, 'affix': False, 'parent_id': 16, 'parent_name': None}, {'id': 63, 'uuid': '511a2167-54d2-46d8-b37c-30a9f9231a9a', 'status': '0', 'description': '初始化数据', 'created_time': datetime.datetime(2026, 5, 28, 13, 54, 50, 29229), 'updated_time': datetime.datetime(2026, 5, 28, 13, 54, 50, 29229), 'is_deleted': False, 'deleted_time': None, 'name': '创建用户', 'type': 3, 'order': 1, 'permission': 'module_system:user:create', 'icon': None, 'route_name': None, 'route_path': None, 'component_path': None, 'redirect': None, 'hidden': False, 'keep_alive': True, 'always_show': False, 'title': '创建用户', 'params': None, 'affix': False, 'parent_id': 15, 'parent_name': None}, {'id': 43, 'uuid': '8dc21196-72cc-4ad3-92b6-ceb42014c443', 'status': '0', 'description': '初始化数据', 'created_time': datetime.datetime(2026, 5, 28, 13, 54, 50, 29166), 'updated_time': datetime.datetime(2026, 5, 28, 13, 54, 50, 29166), 'is_deleted': False, 'deleted_time': None, 'name': '修改部门', 'type': 3, 'order': 2, 'permission': 'module_system:dept:update', 'icon': None, 'route_name': None, 'route_path': None, 'component_path': None, 'redirect': None, 'hidden': False, 'keep_alive': True, 'always_show': False, 'title': '修改部门', 'params': None, 'affix': False, 'parent_id': 12, 'parent_name': None}, {'id': 73, 'uuid': '4f4f82ef-2269-4d32-adad-f7cde8bfda12', 'status': '0', 'description': '初始化数据', 'created_time': datetime.datetime(2026, 5, 28, 13, 54, 50, 29259), 'updated_time': datetime.datetime(2026, 5, 28, 13, 54, 50, 29259), 'is_deleted': False, 'deleted_time': None, 'name': '日志导出', 'type': 3, 'order': 2, 'permission': 'module_system:log:export', 'icon': None, 'route_name': None, 'route_path': None, 'component_path': None, 'redirect': None, 'hidden': False, 'keep_alive': True, 'always_show': False, 'title': '日志导出', 'params': None, 'affix': False, 'parent_id': 16, 'parent_name': None}, {'id': 64, 'uuid': '7e38d2e0-184e-460d-bb6f-efa711a4e7d6', 'status': '0', 'description': '初始化数据', 'created_time': datetime.datetime(2026, 5, 28, 13, 54, 50, 29232), 'updated_time': datetime.datetime(2026, 5, 28, 13, 54, 50, 29232), 'is_deleted': False, 'deleted_time': None, 'name': '修改用户', 'type': 3, 'order': 2, 'permission': 'module_system:user:update', 'icon': None, 'route_name': None, 'route_path': None, 'component_path': None, 'redirect': None, 'hidden': False, 'keep_alive': True, 'always_show': False, 'title': '修改用户', 'params': None, 'affix': False, 'parent_id': 15, 'parent_name': None}, {'id': 2, 'uuid': '9f63a92f-18c5-4f78-ac20-ae8c219ebed6', 'status': '0', 'description': '初始化数据', 'created_time': datetime.datetime(2026, 5, 28, 13, 54, 50, 22599), 'updated_time': datetime.datetime(2026, 5, 28, 13, 54, 50, 22599), 'is_deleted': False, 'deleted_time': None, 'name': '系统管理', 'type': 1, 'order': 2, 'permission': None, 'icon': 'system', 'route_name': 'System', 'route_path': '/system', 'component_path': None, 'redirect': '/system/menu', 'hidden': False, 'keep_alive': True, 'always_show': False, 'title': '系统管理', 'params': None, 'affix': False, 'parent_id': None, 'parent_name': None}, {'id': 12, 'uuid': '1dbe85b8-a264-4fd7-a1ab-296d3c11816f', 'status': '0', 'description': '初始化数据', 'created_time': datetime.datetime(2026, 5, 28, 13, 54, 50, 25279), 'updated_time': datetime.datetime(2026, 5, 28, 13, 54, 50, 25280), 'is_deleted': False, 'deleted_time': None, 'name': '部门管理', 'type': 2, 'order': 2, 'permission': 'module_system:dept:query', 'icon': 'tree', 'route_name': 'Dept', 'route_path': '/system/dept', 'component_path': 'module_system/dept/index', 'redirect': None, 'hidden': False, 'keep_alive': True, 'always_show': False, 'title': '部门管理', 'params': None, 'affix': False, 'parent_id': 2, 'parent_name': None}, {'id': 191, 'uuid': '34e0b841-a24f-4dd2-8d68-812eaf571dca', 'status': '0', 'description': None, 'created_time': datetime.datetime(2026, 5, 29, 14, 22, 51, 328347), 'updated_time': datetime.datetime(2026, 5, 29, 14, 27, 56, 209987), 'is_deleted': False, 'deleted_time': None, 'name': '创建', 'type': 3, 'order': 2, 'permission': 'module_salesmanagement:marketing_resources:create', 'icon': None, 'route_name': None, 'route_path': None, 'component_path': None, 'redirect': None, 'hidden': False, 'keep_alive': False, 'always_show': False, 'title': '创建销售资源', 'params': [], 'affix': False, 'parent_id': 190, 'parent_name': None}, {'id': 49, 'uuid': 'bd25ed0a-8af3-4ae0-9d99-05a99cee4a94', 'status': '0', 'description': '初始化数据', 'created_time': datetime.datetime(2026, 5, 28, 13, 54, 50, 29184), 'updated_time': datetime.datetime(2026, 5, 28, 13, 54, 50, 29184), 'is_deleted': False, 'deleted_time': None, 'name': '修改岗位', 'type': 3, 'order': 2, 'permission': 'module_system:position:update', 'icon': None, 'route_name': None, 'route_path': None, 'component_path': None, 'redirect': None, 'hidden': False, 'keep_alive': True, 'always_show': False, 'title': '修改岗位', 'params': None, 'affix': False, 'parent_id': 13, 'parent_name': None}, {'id': 56, 'uuid': 'f2aa198e-8f82-4671-99b2-571c93a55073', 'status': '0', 'description': '初始化数据', 'created_time': datetime.datetime(2026, 5, 28, 13, 54, 50, 29208), 'updated_time': datetime.datetime(2026, 5, 28, 13, 54, 50, 29208), 'is_deleted': False, 'deleted_time': None, 'name': '修改角色', 'type': 3, 'order': 2, 'permission': 'module_system:role:update', 'icon': None, 'route_name': None, 'route_path': None, 'component_path': None, 'redirect': None, 'hidden': False, 'keep_alive': True, 'always_show': False, 'title': '修改角色', 'params': None, 'affix': False, 'parent_id': 14, 'parent_name': None}, {'id': 50, 'uuid': 'daa3ae3d-1a74-4c6a-bb10-27e83a94e748', 'status': '0', 'description': '初始化数据', 'created_time': datetime.datetime(2026, 5, 28, 13, 54, 50, 29187), 'updated_time': datetime.datetime(2026, 5, 28, 13, 54, 50, 29187), 'is_deleted': False, 'deleted_time': None, 'name': '删除岗位', 'type': 3, 'order': 3, 'permission': 'module_system:position:delete', 'icon': None, 'route_name': None, 'route_path': None, 'component_path': None, 'redirect': None, 'hidden': False, 'keep_alive': True, 'always_show': False, 'title': '修改岗位', 'params': None, 'affix': False, 'parent_id': 13, 'parent_name': None}, {'id': 44, 'uuid': '5db88d20-2349-4168-9253-031f721d9315', 'status': '0', 'description': '初始化数据', 'created_time': datetime.datetime(2026, 5, 28, 13, 54, 50, 29169), 'updated_time': datetime.datetime(2026, 5, 28, 13, 54, 50, 29169), 'is_deleted': False, 'deleted_time': None, 'name': '删除部门', 'type': 3, 'order': 3, 'permission': 'module_system:dept:delete', 'icon': None, 'route_name': None, 'route_path': None, 'component_path': None, 'redirect': None, 'hidden': False, 'keep_alive': True, 'always_show': False, 'title': '删除部门', 'params': None, 'affix': False, 'parent_id': 12, 'parent_name': None}, {'id': 13, 'uuid': '28af2021-c71f-46a5-9149-b8053e927c92', 'status': '0', 'description': '初始化数据', 'created_time': datetime.datetime(2026, 5, 28, 13, 54, 50, 25282), 'updated_time': datetime.datetime(2026, 5, 28, 13, 54, 50, 25283), 'is_deleted': False, 'deleted_time': None, 'name': '岗位管理', 'type': 2, 'order': 3, 'permission': 'module_system:position:query', 'icon': 'el-icon-Coordinate', 'route_name': 'Position', 'route_path': '/system/position', 'component_path': 'module_system/position/index', 'redirect': None, 'hidden': False, 'keep_alive': True, 'always_show': False, 'title': '岗位管理', 'params': None, 'affix': False, 'parent_id': 2, 'parent_name': None}, {'id': 74, 'uuid': 'a6934d8e-15bb-4f95-ab91-531dedd4e649', 'status': '0', 'description': '初始化数据', 'created_time': datetime.datetime(2026, 5, 28, 13, 54, 50, 29262), 'updated_time': datetime.datetime(2026, 5, 28, 13, 54, 50, 29262), 'is_deleted': False, 'deleted_time': None, 'name': '日志详情', 'type': 3, 'order': 3, 'permission': 'module_system:log:detail', 'icon': None, 'route_name': None, 'route_path': None, 'component_path': None, 'redirect': None, 'hidden': False, 'keep_alive': True, 'always_show': False, 'title': '日志详情', 'params': None, 'affix': False, 'parent_id': 16, 'parent_name': None}, {'id': 65, 'uuid': '28fde73f-6fef-423c-82a8-8482d306aa9a', 'status': '0', 'description': '初始化数据', 'created_time': datetime.datetime(2026, 5, 28, 13, 54, 50, 29235), 'updated_time': datetime.datetime(2026, 5, 28, 13, 54, 50, 29235), 'is_deleted': False, 'deleted_time': None, 'name': '删除用户', 'type': 3, 'order': 3, 'permission': 'module_system:user:delete', 'icon': None, 'route_name': None, 'route_path': None, 'component_path': None, 'redirect': None, 'hidden': False, 'keep_alive': True, 'always_show': False, 'title': '删除用户', 'params': None, 'affix': False, 'parent_id': 15, 'parent_name': None}, {'id': 193, 'uuid': 'f73bd1f1-9838-4f59-b2a8-7f3e1c7087fd', 'status': '0', 'description': None, 'created_time': datetime.datetime(2026, 5, 29, 14, 33, 28, 569325), 'updated_time': datetime.datetime(2026, 5, 29, 14, 33, 28, 569330), 'is_deleted': False, 'deleted_time': None, 'name': '删除', 'type': 3, 'order': 3, 'permission': 'module_salesmanagement:marketing_resources:delete', 'icon': None, 'route_name': None, 'route_path': None, 'component_path': None, 'redirect': None, 'hidden': False, 'keep_alive': False, 'always_show': False, 'title': '删除销售资源', 'params': [], 'affix': False, 'parent_id': 190, 'parent_name': None}, {'id': 57, 'uuid': '3720e00a-8975-4b0e-9049-0eaab5da8201', 'status': '0', 'description': '初始化数据', 'created_time': datetime.datetime(2026, 5, 28, 13, 54, 50, 29211), 'updated_time': datetime.datetime(2026, 5, 28, 13, 54, 50, 29211), 'is_deleted': False, 'deleted_time': None, 'name': '删除角色', 'type': 3, 'order': 3, 'permission': 'module_system:role:delete', 'icon': None, 'route_name': None, 'route_path': None, 'component_path': None, 'redirect': None, 'hidden': False, 'keep_alive': True, 'always_show': False, 'title': '删除角色', 'params': None, 'affix': False, 'parent_id': 14, 'parent_name': None}, {'id': 75, 'uuid': 'd9c81ffe-40ce-4369-b94a-36d4ab3aee65', 'status': '0', 'description': '初始化数据', 'created_time': datetime.datetime(2026, 5, 28, 13, 54, 50, 29265), 'updated_time': datetime.datetime(2026, 5, 28, 13, 54, 50, 29265), 'is_deleted': False, 'deleted_time': None, 'name': '查询日志', 'type': 3, 'order': 4, 'permission': 'module_system:log:query', 'icon': None, 'route_name': None, 'route_path': None, 'component_path': None, 'redirect': None, 'hidden': False, 'keep_alive': True, 'always_show': False, 'title': '查询日志', 'params': None, 'affix': False, 'parent_id': 16, 'parent_name': None}, {'id': 14, 'uuid': '02b1e39e-0cdd-4b39-8db3-5de276994e2e', 'status': '0', 'description': '初始化数据', 'created_time': datetime.datetime(2026, 5, 28, 13, 54, 50, 25286), 'updated_time': datetime.datetime(2026, 5, 28, 13, 54, 50, 25286), 'is_deleted': False, 'deleted_time': None, 'name': '角色管理', 'type': 2, 'order': 4, 'permission': 'module_system:role:query', 'icon': 'role', 'route_name': 'Role', 'route_path': '/system/role', 'component_path': 'module_system/role/index', 'redirect': None, 'hidden': False, 'keep_alive': True, 'always_show': False, 'title': '角色管理', 'params': None, 'affix': False, 'parent_id': 2, 'parent_name': None}, {'id': 45, 'uuid': '60528aea-e812-45d7-ab57-33dd3c45e389', 'status': '0', 'description': '初始化数据', 'created_time': datetime.datetime(2026, 5, 28, 13, 54, 50, 29172), 'updated_time': datetime.datetime(2026, 5, 28, 13, 54, 50, 29172), 'is_deleted': False, 'deleted_time': None, 'name': '批量修改部门状态', 'type': 3, 'order': 4, 'permission': 'module_system:dept:patch', 'icon': None, 'route_name': None, 'route_path': None, 'component_path': None, 'redirect': None, 'hidden': False, 'keep_alive': True, 'always_show': False, 'title': '批量修改部门状态', 'params': None, 'affix': False, 'parent_id': 12, 'parent_name': None}, {'id': 51, 'uuid': '7cd5e44a-9ebc-45f3-a46d-ff6f67654f17', 'status': '0', 'description': '初始化数据', 'created_time': datetime.datetime(2026, 5, 28, 13, 54, 50, 29190), 'updated_time': datetime.datetime(2026, 5, 28, 13, 54, 50, 29190), 'is_deleted': False, 'deleted_time': None, 'name': '批量修改岗位状态', 'type': 3, 'order': 4, 'permission': 'module_system:position:patch', 'icon': None, 'route_name': None, 'route_path': None, 'component_path': None, 'redirect': None, 'hidden': False, 'keep_alive': True, 'always_show': False, 'title': '批量修改岗位状态', 'params': None, 'affix': False, 'parent_id': 13, 'parent_name': None}, {'id': 58, 'uuid': '0ac21bd2-c5e1-4029-a135-9c75f040e745', 'status': '0', 'description': '初始化数据', 'created_time': datetime.datetime(2026, 5, 28, 13, 54, 50, 29214), 'updated_time': datetime.datetime(2026, 5, 28, 13, 54, 50, 29214), 'is_deleted': False, 'deleted_time': None, 'name': '批量修改角色状态', 'type': 3, 'order': 4, 'permission': 'module_system:role:patch', 'icon': None, 'route_name': None, 'route_path': None, 'component_path': None, 'redirect': None, 'hidden': False, 'keep_alive': True, 'always_show': False, 'title': '批量修改角色状态', 'params': None, 'affix': False, 'parent_id': 14, 'parent_name': None}, {'id': 66, 'uuid': 'c0be53c6-53d4-4db3-a642-faf4bfa010a8', 'status': '0', 'description': '初始化数据', 'created_time': datetime.datetime(2026, 5, 28, 13, 54, 50, 29238), 'updated_time': datetime.datetime(2026, 5, 28, 13, 54, 50, 29238), 'is_deleted': False, 'deleted_time': None, 'name': '批量修改用户状态', 'type': 3, 'order': 4, 'permission': 'module_system:user:patch', 'icon': None, 'route_name': None, 'route_path': None, 'component_path': None, 'redirect': None, 'hidden': False, 'keep_alive': True, 'always_show': False, 'title': '批量修改用户状态', 'params': None, 'affix': False, 'parent_id': 15, 'parent_name': None}, {'id': 194, 'uuid': '669b64c6-7b5b-4b99-a6a7-876f289e30f4', 'status': '0', 'description': None, 'created_time': datetime.datetime(2026, 5, 29, 14, 36, 0, 952292), 'updated_time': datetime.datetime(2026, 5, 29, 14, 36, 0, 952299), 'is_deleted': False, 'deleted_time': None, 'name': '详情', 'type': 3, 'order': 4, 'permission': 'module_salesmanagement:marketing_resources:detail', 'icon': None, 'route_name': None, 'route_path': None, 'component_path': None, 'redirect': None, 'hidden': False, 'keep_alive': False, 'always_show': False, 'title': '销售资源详情', 'params': [], 'affix': False, 'parent_id': 190, 'parent_name': None}, {'id': 52, 'uuid': '43454665-0411-460c-b3f6-25bb343f50f5', 'status': '0', 'description': '初始化数据', 'created_time': datetime.datetime(2026, 5, 28, 13, 54, 50, 29195), 'updated_time': datetime.datetime(2026, 5, 28, 13, 54, 50, 29195), 'is_deleted': False, 'deleted_time': None, 'name': '岗位导出', 'type': 3, 'order': 5, 'permission': 'module_system:position:export', 'icon': None, 'route_name': None, 'route_path': None, 'component_path': None, 'redirect': None, 'hidden': False, 'keep_alive': True, 'always_show': False, 'title': '岗位导出', 'params': None, 'affix': False, 'parent_id': 13, 'parent_name': None}, {'id': 15, 'uuid': '949970be-4cdc-4dc0-aa31-0e8e4aafbbd2', 'status': '0', 'description': '初始化数据', 'created_time': datetime.datetime(2026, 5, 28, 13, 54, 50, 25289), 'updated_time': datetime.datetime(2026, 5, 28, 13, 54, 50, 25290), 'is_deleted': False, 'deleted_time': None, 'name': '用户管理', 'type': 2, 'order': 5, 'permission': 'module_system:user:query', 'icon': 'el-icon-User', 'route_name': 'User', 'route_path': '/system/user', 'component_path': 'module_system/user/index', 'redirect': None, 'hidden': False, 'keep_alive': True, 'always_show': False, 'title': '用户管理', 'params': None, 'affix': False, 'parent_id': 2, 'parent_name': None}, {'id': 67, 'uuid': 'a1c8b416-a247-49ee-9cf9-744fdddcb3d8', 'status': '0', 'description': '初始化数据', 'created_time': datetime.datetime(2026, 5, 28, 13, 54, 50, 29241), 'updated_time': datetime.datetime(2026, 5, 28, 13, 54, 50, 29241), 'is_deleted': False, 'deleted_time': None, 'name': '导出用户', 'type': 3, 'order': 5, 'permission': 'module_system:user:export', 'icon': None, 'route_name': None, 'route_path': None, 'component_path': None, 'redirect': None, 'hidden': False, 'keep_alive': True, 'always_show': False, 'title': '导出用户', 'params': None, 'affix': False, 'parent_id': 15, 'parent_name': None}, {'id': 46, 'uuid': 'fa6c0834-e0b4-42eb-bc07-fcd6be259415', 'status': '0', 'description': '初始化数据', 'created_time': datetime.datetime(2026, 5, 28, 13, 54, 50, 29175), 'updated_time': datetime.datetime(2026, 5, 28, 13, 54, 50, 29175), 'is_deleted': False, 'deleted_time': None, 'name': '详情部门', 'type': 3, 'order': 5, 'permission': 'module_system:dept:detail', 'icon': None, 'route_name': None, 'route_path': None, 'component_path': None, 'redirect': None, 'hidden': False, 'keep_alive': True, 'always_show': False, 'title': '详情部门', 'params': None, 'affix': False, 'parent_id': 12, 'parent_name': None}, {'id': 59, 'uuid': 'd20424b8-1bbd-4516-ab4d-8e34fd0a12b0', 'status': '0', 'description': '初始化数据', 'created_time': datetime.datetime(2026, 5, 28, 13, 54, 50, 29217), 'updated_time': datetime.datetime(2026, 5, 28, 13, 54, 50, 29217), 'is_deleted': False, 'deleted_time': None, 'name': '角色导出', 'type': 3, 'order': 5, 'permission': 'module_system:role:export', 'icon': None, 'route_name': None, 'route_path': None, 'component_path': None, 'redirect': None, 'hidden': False, 'keep_alive': True, 'always_show': False, 'title': '角色导出', 'params': None, 'affix': False, 'parent_id': 14, 'parent_name': None}, {'id': 68, 'uuid': 'cc4e37cd-9cbe-403b-916c-a491e8eb522e', 'status': '0', 'description': '初始化数据', 'created_time': datetime.datetime(2026, 5, 28, 13, 54, 50, 29244), 'updated_time': datetime.datetime(2026, 5, 28, 13, 54, 50, 29244), 'is_deleted': False, 'deleted_time': None, 'name': '导入用户', 'type': 3, 'order': 6, 'permission': 'module_system:user:import', 'icon': None, 'route_name': None, 'route_path': None, 'component_path': None, 'redirect': None, 'hidden': False, 'keep_alive': True, 'always_show': False, 'title': '导入用户', 'params': None, 'affix': False, 'parent_id': 15, 'parent_name': None}, {'id': 47, 'uuid': '64a2432d-cd3e-4cd2-8ab9-e4f2c54aebdd', 'status': '0', 'description': '初始化数据', 'created_time': datetime.datetime(2026, 5, 28, 13, 54, 50, 29178), 'updated_time': datetime.datetime(2026, 5, 28, 13, 54, 50, 29178), 'is_deleted': False, 'deleted_time': None, 'name': '查询部门', 'type': 3, 'order': 6, 'permission': 'module_system:dept:query', 'icon': None, 'route_name': None, 'route_path': None, 'component_path': None, 'redirect': None, 'hidden': False, 'keep_alive': True, 'always_show': False, 'title': '查询部门', 'params': None, 'affix': False, 'parent_id': 12, 'parent_name': None}, {'id': 60, 'uuid': '0d7918c4-2b68-410d-8bcf-89522f058324', 'status': '0', 'description': '初始化数据', 'created_time': datetime.datetime(2026, 5, 28, 13, 54, 50, 29220), 'updated_time': datetime.datetime(2026, 5, 28, 13, 54, 50, 29220), 'is_deleted': False, 'deleted_time': None, 'name': '详情角色', 'type': 3, 'order': 6, 'permission': 'module_system:role:detail', 'icon': None, 'route_name': None, 'route_path': None, 'component_path': None, 'redirect': None, 'hidden': False, 'keep_alive': True, 'always_show': False, 'title': '详情角色', 'params': None, 'affix': False, 'parent_id': 14, 'parent_name': None}, {'id': 53, 'uuid': '9c2d0ae1-aaa2-4641-b710-d23a85a0e929', 'status': '0', 'description': '初始化数据', 'created_time': datetime.datetime(2026, 5, 28, 13, 54, 50, 29198), 'updated_time': datetime.datetime(2026, 5, 28, 13, 54, 50, 29199), 'is_deleted': False, 'deleted_time': None, 'name': '详情岗位', 'type': 3, 'order': 6, 'permission': 'module_system:position:detail', 'icon': None, 'route_name': None, 'route_path': None, 'component_path': None, 'redirect': None, 'hidden': False, 'keep_alive': True, 'always_show': False, 'title': '详情岗位', 'params': None, 'affix': False, 'parent_id': 13, 'parent_name': None}, {'id': 16, 'uuid': '9ae2dfc1-b7da-4ab3-90bc-355d33ee9bbd', 'status': '0', 'description': '初始化数据', 'created_time': datetime.datetime(2026, 5, 28, 13, 54, 50, 25292), 'updated_time': datetime.datetime(2026, 5, 28, 13, 54, 50, 25293), 'is_deleted': False, 'deleted_time': None, 'name': '日志管理', 'type': 2, 'order': 6, 'permission': 'module_system:log:query', 'icon': 'el-icon-Aim', 'route_name': 'Log', 'route_path': '/system/log', 'component_path': 'module_system/log/index', 'redirect': None, 'hidden': False, 'keep_alive': True, 'always_show': False, 'title': '日志管理', 'params': None, 'affix': False, 'parent_id': 2, 'parent_name': None}, {'id': 61, 'uuid': '0d78f2ef-967e-4f6c-80f7-d09ce77c77ec', 'status': '0', 'description': '初始化数据', 'created_time': datetime.datetime(2026, 5, 28, 13, 54, 50, 29223), 'updated_time': datetime.datetime(2026, 5, 28, 13, 54, 50, 29223), 'is_deleted': False, 'deleted_time': None, 'name': '查询角色', 'type': 3, 'order': 7, 'permission': 'module_system:role:query', 'icon': None, 'route_name': None, 'route_path': None, 'component_path': None, 'redirect': None, 'hidden': False, 'keep_alive': True, 'always_show': False, 'title': '查询角色', 'params': None, 'affix': False, 'parent_id': 14, 'parent_name': None}, {'id': 69, 'uuid': '524aaf3e-247d-4f70-b609-ff84e2fc1c54', 'status': '0', 'description': '初始化数据', 'created_time': datetime.datetime(2026, 5, 28, 13, 54, 50, 29247), 'updated_time': datetime.datetime(2026, 5, 28, 13, 54, 50, 29247), 'is_deleted': False, 'deleted_time': None, 'name': '下载用户导入模板', 'type': 3, 'order': 7, 'permission': 'module_system:user:download', 'icon': None, 'route_name': None, 'route_path': None, 'component_path': None, 'redirect': None, 'hidden': False, 'keep_alive': True, 'always_show': False, 'title': '下载用户导入模板', 'params': None, 'affix': False, 'parent_id': 15, 'parent_name': None}, {'id': 54, 'uuid': 'be7c0fac-65b2-445e-8227-a1c43de1cb15', 'status': '0', 'description': '初始化数据', 'created_time': datetime.datetime(2026, 5, 28, 13, 54, 50, 29201), 'updated_time': datetime.datetime(2026, 5, 28, 13, 54, 50, 29202), 'is_deleted': False, 'deleted_time': None, 'name': '查询岗位', 'type': 3, 'order': 7, 'permission': 'module_system:position:query', 'icon': None, 'route_name': None, 'route_path': None, 'component_path': None, 'redirect': None, 'hidden': False, 'keep_alive': True, 'always_show': False, 'title': '查询岗位', 'params': None, 'affix': False, 'parent_id': 13, 'parent_name': None}, {'id': 62, 'uuid': '2869ce5d-e943-4273-8870-8fd106e995d4', 'status': '0', 'description': '初始化数据', 'created_time': datetime.datetime(2026, 5, 28, 13, 54, 50, 29226), 'updated_time': datetime.datetime(2026, 5, 28, 13, 54, 50, 29226), 'is_deleted': False, 'deleted_time': None, 'name': '分配权限', 'type': 3, 'order': 8, 'permission': 'module_system:role:permission', 'icon': None, 'route_name': None, 'route_path': None, 'component_path': None, 'redirect': None, 'hidden': False, 'keep_alive': True, 'always_show': False, 'title': '分配权限', 'params': None, 'affix': False, 'parent_id': 14, 'parent_name': None}, {'id': 70, 'uuid': 'da807efb-7b93-4b36-8d9a-44ce38578c07', 'status': '0', 'description': '初始化数据', 'created_time': datetime.datetime(2026, 5, 28, 13, 54, 50, 29250), 'updated_time': datetime.datetime(2026, 5, 28, 13, 54, 50, 29250), 'is_deleted': False, 'deleted_time': None, 'name': '详情用户', 'type': 3, 'order': 8, 'permission': 'module_system:user:detail', 'icon': None, 'route_name': None, 'route_path': None, 'component_path': None, 'redirect': None, 'hidden': False, 'keep_alive': True, 'always_show': False, 'title': '详情用户', 'params': None, 'affix': False, 'parent_id': 15, 'parent_name': None}, {'id': 71, 'uuid': '9f9b8404-5ae2-4fe4-b11e-2c5b0011bfe6', 'status': '0', 'description': '初始化数据', 'created_time': datetime.datetime(2026, 5, 28, 13, 54, 50, 29253), 'updated_time': datetime.datetime(2026, 5, 28, 13, 54, 50, 29253), 'is_deleted': False, 'deleted_time': None, 'name': '查询用户', 'type': 3, 'order': 9, 'permission': 'module_system:user:query', 'icon': None, 'route_name': None, 'route_path': None, 'component_path': None, 'redirect': None, 'hidden': False, 'keep_alive': True, 'always_show': False, 'title': '查询用户', 'params': None, 'affix': False, 'parent_id': 15, 'parent_name': None}], 'depts': []}], 'menus': []}
2026-06-01 09:20:41.199 | INFO     | app.core.middlewares:dispatch:197 - 响应状态: 200, 响应内容长度: 3584, 处理时间: 150.38ms
2026-06-01 09:20:41.224 | INFO     | app.core.middlewares:dispatch:109 - 请求来源: 127.0.0.1,请求方法: GET,请求路径: /api/v1/system/user/list
2026-06-01 09:20:41.255 | INFO     | app.api.v1.module_system.user.controller:get_obj_list_controller:234 - 查询用户成功
2026-06-01 09:20:41.267 | INFO     | app.core.middlewares:dispatch:197 - 响应状态: 200, 响应内容长度: 7905, 处理时间: 42.3ms
2026-06-01 09:20:44.812 | INFO     | app.core.middlewares:dispatch:109 - 请求来源: 127.0.0.1,请求方法: POST,请求路径: /api/v1/system/auth/logout
2026-06-01 09:20:44.821 | INFO     | app.api.v1.module_system.auth.service:logout_service:324 - 用户退出登录成功,会话编号:270ff598-dfa1-40f4-8303-f4aa2616ce68
2026-06-01 09:20:44.821 | INFO     | app.api.v1.module_system.auth.controller:logout_controller:155 - 退出成功
2026-06-01 09:20:44.828 | INFO     | app.core.middlewares:dispatch:197 - 响应状态: 200, 响应内容长度: 76, 处理时间: 15.51ms
2026-06-01 09:20:44.837 | INFO     | app.core.middlewares:dispatch:109 - 请求来源: 127.0.0.1,请求方法: GET,请求路径: /api/v1/static/upload/2026/04/26/logo_20260426134735A387.png
2026-06-01 09:20:44.838 | ERROR    | app.core.exceptions:HttpExceptionHandler:102 - [HTTP异常] GET /api/v1/static/upload/2026/04/26/logo_20260426134735A387.png | 状态码: 404 | 错误信息: Not Found
2026-06-01 09:20:44.839 | INFO     | app.core.middlewares:dispatch:197 - 响应状态: 404, 响应内容长度: 74, 处理时间: 2.24ms
2026-06-01 09:20:44.888 | INFO     | app.core.middlewares:dispatch:109 - 请求来源: 127.0.0.1,请求方法: GET,请求路径: /api/v1/system/auth/auto-login/users
2026-06-01 09:20:44.889 | INFO     | app.core.middlewares:dispatch:109 - 请求来源: 127.0.0.1,请求方法: GET,请求路径: /api/v1/system/auth/captcha/get
2026-06-01 09:20:44.908 | INFO     | app.api.v1.module_system.auth.service:get_captcha_service:361 - 生成验证码成功,验证码:26
2026-06-01 09:20:44.909 | INFO     | app.api.v1.module_system.auth.controller:get_captcha_for_login_controller:127 - 获取验证码成功
2026-06-01 09:20:44.909 | INFO     | app.core.middlewares:dispatch:197 - 响应状态: 200, 响应内容长度: 1701, 处理时间: 20.47ms
2026-06-01 09:20:44.924 | INFO     | app.core.middlewares:dispatch:197 - 响应状态: 200, 响应内容长度: 687, 处理时间: 35.67ms
2026-06-01 09:20:49.376 | INFO     | app.core.middlewares:dispatch:109 - 请求来源: 127.0.0.1,请求方法: POST,请求路径: /api/v1/system/auth/auto-login/token
2026-06-01 09:20:49.388 | INFO     | app.api.v1.module_system.auth.service:create_auto_login_token_service:498 - 创建免登录Token成功,用户:wangzhixiu_jiaqi
2026-06-01 09:20:49.394 | INFO     | app.core.middlewares:dispatch:197 - 响应状态: 200, 响应内容长度: 199, 处理时间: 18.38ms
2026-06-01 09:20:49.399 | INFO     | app.core.middlewares:dispatch:109 - 请求来源: 127.0.0.1,请求方法: POST,请求路径: /api/v1/system/auth/auto-login
2026-06-01 09:20:49.408 | INFO     | app.api.v1.module_system.auth.service:create_token_service:160 - 用户ID: 8, 用户名: wangzhixiu_jiaqi 正在生成JWT令牌
2026-06-01 09:20:49.408 | INFO     | app.api.v1.module_system.auth.service:auto_login_service:562 - 用户wangzhixiu_jiaqi免登录成功
2026-06-01 09:20:49.408 | INFO     | app.api.v1.module_system.auth.controller:auto_login_controller:237 - 用户免登录成功
2026-06-01 09:20:49.412 | INFO     | app.core.middlewares:dispatch:197 - 响应状态: 200, 响应内容长度: 609, 处理时间: 12.71ms
2026-06-01 09:20:49.417 | INFO     | app.core.middlewares:dispatch:109 - 请求来源: 127.0.0.1,请求方法: GET,请求路径: /api/v1/system/user/current/info
2026-06-01 09:20:49.460 | INFO     | app.api.v1.module_system.user.controller:get_current_user_info_controller:52 - 获取当前用户信息成功
2026-06-01 09:20:49.468 | INFO     | app.core.middlewares:dispatch:197 - 响应状态: 200, 响应内容长度: 3704, 处理时间: 51.12ms
2026-06-01 09:20:49.533 | INFO     | app.core.middlewares:dispatch:109 - 请求来源: 127.0.0.1,请求方法: GET,请求路径: /api/v1/static/upload/2026/04/26/logo_20260426134735A387.png
2026-06-01 09:20:49.534 | ERROR    | app.core.exceptions:HttpExceptionHandler:102 - [HTTP异常] GET /api/v1/static/upload/2026/04/26/logo_20260426134735A387.png | 状态码: 404 | 错误信息: Not Found
2026-06-01 09:20:49.534 | INFO     | app.core.middlewares:dispatch:197 - 响应状态: 404, 响应内容长度: 74, 处理时间: 1.17ms
2026-06-01 09:20:49.557 | INFO     | app.core.middlewares:dispatch:109 - 请求来源: 127.0.0.1,请求方法: GET,请求路径: /api/v1/system/param/info
2026-06-01 09:20:49.560 | INFO     | app.core.middlewares:dispatch:109 - 请求来源: 127.0.0.1,请求方法: GET,请求路径: /api/v1/system/notice/available
2026-06-01 09:20:49.594 | INFO     | app.api.v1.module_system.params.controller:get_init_obj_controller:286 - 获取初始化缓存参数成功 [{'id': 13, 'uuid': '67da0f23-d1cd-4df2-8314-26ba1d427d0a', 'status': '0', 'description': '初始化数据', 'created_time': '2026-05-28 13:54:50', 'updated_time': '2026-05-28 13:54:50', 'is_deleted': False, 'deleted_time': None, 'config_name': '演示模式启用', 'config_key': 'demo_enable', 'config_value': 'false', 'config_type': True}, {'id': 11, 'uuid': 'd65e0ca0-9a9c-437d-8fc2-b50bd548d088', 'status': '0', 'description': '初始化数据', 'created_time': '2026-05-28 13:54:50', 'updated_time': '2026-05-28 13:54:50', 'is_deleted': False, 'deleted_time': None, 'config_name': '源码代码', 'config_key': 'sys_git_code', 'config_value': 'https://github.com/fastapiadmin/FastapiAdmin.git', 'config_type': True}, {'id': 2, 'uuid': '34a2d16c-5121-4e17-9ac6-0373d6f42372', 'status': '0', 'description': '初始化数据', 'created_time': '2026-05-28 13:54:50', 'updated_time': '2026-05-28 13:54:50', 'is_deleted': False, 'deleted_time': None, 'config_name': '网站描述', 'config_key': 'sys_web_description', 'config_value': '嘉期新媒体科技CRM管理系统', 'config_type': True}, {'id': 12, 'uuid': '0ea7cd7e-b931-4ff8-96b9-ab7be4334099', 'status': '0', 'description': '初始化数据', 'created_time': '2026-05-28 13:54:50', 'updated_time': '2026-05-28 13:54:50', 'is_deleted': False, 'deleted_time': None, 'config_name': '项目版本', 'config_key': 'sys_web_version', 'config_value': '2.0.0', 'config_type': True}, {'id': 10, 'uuid': 'ef0c96df-11d2-42c1-95ea-6544ce3ff21a', 'status': '0', 'description': '初始化数据', 'created_time': '2026-05-28 13:54:50', 'updated_time': '2026-05-28 13:54:50', 'is_deleted': False, 'deleted_time': None, 'config_name': '用户协议', 'config_key': 'sys_web_clause', 'config_value': 'https://github.com/fastapiadmin/FastapiAdmin/blob/master/LICENSE', 'config_type': True}, {'id': 7, 'uuid': '874a8241-64a4-4118-b227-c440f7d065e1', 'status': '0', 'description': '初始化数据', 'created_time': '2026-05-28 13:54:50', 'updated_time': '2026-05-28 13:54:50', 'is_deleted': False, 'deleted_time': None, 'config_name': '备案信息', 'config_key': 'sys_keep_record', 'config_value': '陕ICP备2025069493号-1', 'config_type': True}, {'id': 1, 'uuid': '7703e8ce-bc19-4c6a-9d95-0e0b94bb1bbc', 'status': '0', 'description': '初始化数据', 'created_time': '2026-05-28 13:54:50', 'updated_time': '2026-05-28 13:54:50', 'is_deleted': False, 'deleted_time': None, 'config_name': '网站名称', 'config_key': 'sys_web_title', 'config_value': '嘉期新媒体科技CRM', 'config_type': True}, {'id': 4, 'uuid': '5d670058-6674-47ce-911b-5ed1ded0c7cb', 'status': '0', 'description': '初始化数据', 'created_time': '2026-05-28 13:54:50', 'updated_time': '2026-05-28 13:54:50', 'is_deleted': False, 'deleted_time': None, 'config_name': '网站Logo', 'config_key': 'sys_web_logo', 'config_value': '/api/v1/static/image/logo.png', 'config_type': True}, {'id': 16, 'uuid': '7a2bbbe6-30c6-40b9-8a0a-2a387fc17ccf', 'status': '0', 'description': '初始化数据', 'created_time': '2026-05-28 13:54:50', 'updated_time': '2026-05-28 13:54:50', 'is_deleted': False, 'deleted_time': None, 'config_name': '访问IP黑名单', 'config_key': 'ip_black_list', 'config_value': '[]', 'config_type': True}, {'id': 5, 'uuid': '64363cd6-75cc-40f2-a8b6-1e98112bdcd3', 'status': '0', 'description': '初始化数据', 'created_time': '2026-05-28 13:54:50', 'updated_time': '2026-05-28 13:54:50', 'is_deleted': False, 'deleted_time': None, 'config_name': '登录背景', 'config_key': 'sys_login_background', 'config_value': 'https://service.fastapiadmin.com/api/v1/static/image/background.svg', 'config_type': True}, {'id': 14, 'uuid': 'ff4574d4-c611-4637-88b0-92ed76347995', 'status': '0', 'description': '初始化数据', 'created_time': '2026-05-28 13:54:50', 'updated_time': '2026-05-28 13:54:50', 'is_deleted': False, 'deleted_time': None, 'config_name': '演示访问IP白名单', 'config_key': 'ip_white_list', 'config_value': '["127.0.0.1"]', 'config_type': True}, {'id': 8, 'uuid': 'f8aef1af-405e-400f-8610-ae0b25ed6e38', 'status': '0', 'description': '初始化数据', 'created_time': '2026-05-28 13:54:50', 'updated_time': '2026-05-28 13:54:50', 'is_deleted': False, 'deleted_time': None, 'config_name': '帮助文档', 'config_key': 'sys_help_doc', 'config_value': 'https://service.fastapiadmin.com', 'config_type': True}, {'id': 9, 'uuid': '6f210f47-7c9d-4544-b33c-1f8a3b3ec68c', 'status': '0', 'description': '初始化数据', 'created_time': '2026-05-28 13:54:50', 'updated_time': '2026-05-28 13:54:50', 'is_deleted': False, 'deleted_time': None, 'config_name': '隐私政策', 'config_key': 'sys_web_privacy', 'config_value': 'https://github.com/fastapiadmin/FastapiAdmin/blob/master/LICENSE', 'config_type': True}, {'id': 3, 'uuid': 'fbed94cd-159f-485a-befb-86039b2280a6', 'status': '0', 'description': '初始化数据', 'created_time': '2026-05-28 13:54:50', 'updated_time': '2026-05-28 13:54:50', 'is_deleted': False, 'deleted_time': None, 'config_name': '网页图标', 'config_key': 'sys_web_favicon', 'config_value': '/api/v1/static/image/favicon.png', 'config_type': True}, {'id': 6, 'uuid': 'ed22bf5f-4d2d-4c3c-a368-2901c51836dc', 'status': '0', 'description': '初始化数据', 'created_time': '2026-05-28 13:54:50', 'updated_time': '2026-05-28 13:54:50', 'is_deleted': False, 'deleted_time': None, 'config_name': '版权信息', 'config_key': 'sys_web_copyright', 'config_value': 'Copyright © 2025-2026 service.fastapiadmin.com 版权所有', 'config_type': True}, {'id': 17, 'uuid': '74e27d3b-5cff-48da-a9e5-126385c4bbfc', 'status': '0', 'description': None, 'created_time': '2026-05-28 15:10:40', 'updated_time': '2026-05-28 15:10:40', 'is_deleted': False, 'deleted_time': None, 'config_name': '调度器状态', 'config_key': 'scheduler_status', 'config_value': 'stopped', 'config_type': True}, {'id': 15, 'uuid': 'a0831a35-52ac-4449-9620-93c03b8c85d8', 'status': '0', 'description': '初始化数据', 'created_time': '2026-05-28 13:54:50', 'updated_time': '2026-05-28 13:54:50', 'is_deleted': False, 'deleted_time': None, 'config_name': '接口白名单', 'config_key': 'white_api_list_path', 'config_value': '["/api/v1/system/auth/login", "/api/v1/system/auth/token/refresh", "/api/v1/system/auth/captcha/get", "/api/v1/system/auth/logout", "/api/v1/system/config/info", "/api/v1/system/user/current/info", "/api/v1/system/notice/available", "/api/v1/system/auth/auto-login/users", "/api/v1/system/auth/auto-login/token", "/api/v1/system/auth/auto-login"]', 'config_type': True}]
2026-06-01 09:20:49.597 | INFO     | app.core.middlewares:dispatch:197 - 响应状态: 200, 响应内容长度: 1511, 处理时间: 40.11ms
2026-06-01 09:20:49.623 | INFO     | app.api.v1.module_system.notice.controller:get_obj_list_available_controller:231 - 查询已启用公告列表成功
2026-06-01 09:20:49.624 | INFO     | app.core.middlewares:dispatch:197 - 响应状态: 200, 响应内容长度: 159, 处理时间: 63.51ms
2026-06-01 09:20:55.560 | INFO     | app.core.middlewares:dispatch:109 - 请求来源: 127.0.0.1,请求方法: POST,请求路径: /api/v1/system/auth/logout
2026-06-01 09:20:55.585 | INFO     | app.api.v1.module_system.auth.service:logout_service:324 - 用户退出登录成功,会话编号:62e39c70-8232-4615-af8f-01eb6df42f82
2026-06-01 09:20:55.585 | INFO     | app.api.v1.module_system.auth.controller:logout_controller:155 - 退出成功
2026-06-01 09:20:55.595 | INFO     | app.core.middlewares:dispatch:197 - 响应状态: 200, 响应内容长度: 76, 处理时间: 36.33ms
2026-06-01 09:20:55.647 | INFO     | app.core.middlewares:dispatch:109 - 请求来源: 127.0.0.1,请求方法: GET,请求路径: /api/v1/system/auth/captcha/get
2026-06-01 09:20:55.647 | INFO     | app.core.middlewares:dispatch:109 - 请求来源: 127.0.0.1,请求方法: GET,请求路径: /api/v1/system/auth/auto-login/users
2026-06-01 09:20:55.656 | INFO     | app.api.v1.module_system.auth.service:get_captcha_service:361 - 生成验证码成功,验证码:9
2026-06-01 09:20:55.656 | INFO     | app.api.v1.module_system.auth.controller:get_captcha_for_login_controller:127 - 获取验证码成功
2026-06-01 09:20:55.657 | INFO     | app.core.middlewares:dispatch:197 - 响应状态: 200, 响应内容长度: 1790, 处理时间: 10.14ms
2026-06-01 09:20:55.666 | INFO     | app.core.middlewares:dispatch:197 - 响应状态: 200, 响应内容长度: 687, 处理时间: 19.61ms
2026-06-01 09:20:58.634 | INFO     | app.core.middlewares:dispatch:109 - 请求来源: 127.0.0.1,请求方法: POST,请求路径: /api/v1/system/auth/auto-login/token
2026-06-01 09:20:58.643 | INFO     | app.api.v1.module_system.auth.service:create_auto_login_token_service:498 - 创建免登录Token成功,用户:cuizhangli_jiaqi
2026-06-01 09:20:58.646 | INFO     | app.core.middlewares:dispatch:197 - 响应状态: 200, 响应内容长度: 199, 处理时间: 11.48ms
2026-06-01 09:20:58.652 | INFO     | app.core.middlewares:dispatch:109 - 请求来源: 127.0.0.1,请求方法: POST,请求路径: /api/v1/system/auth/auto-login
2026-06-01 09:20:58.658 | INFO     | app.api.v1.module_system.auth.service:create_token_service:160 - 用户ID: 2, 用户名: cuizhangli_jiaqi 正在生成JWT令牌
2026-06-01 09:20:58.659 | INFO     | app.api.v1.module_system.auth.service:auto_login_service:562 - 用户cuizhangli_jiaqi免登录成功
2026-06-01 09:20:58.659 | INFO     | app.api.v1.module_system.auth.controller:auto_login_controller:237 - 用户免登录成功
2026-06-01 09:20:58.662 | INFO     | app.core.middlewares:dispatch:197 - 响应状态: 200, 响应内容长度: 606, 处理时间: 9.92ms
2026-06-01 09:20:58.668 | INFO     | app.core.middlewares:dispatch:109 - 请求来源: 127.0.0.1,请求方法: GET,请求路径: /api/v1/system/user/current/info
2026-06-01 09:20:58.706 | INFO     | app.api.v1.module_system.user.controller:get_current_user_info_controller:52 - 获取当前用户信息成功
2026-06-01 09:20:58.710 | INFO     | app.core.middlewares:dispatch:197 - 响应状态: 200, 响应内容长度: 3701, 处理时间: 42.63ms
2026-06-01 09:20:58.761 | INFO     | app.core.middlewares:dispatch:109 - 请求来源: 127.0.0.1,请求方法: GET,请求路径: /api/v1/static/upload/2026/04/26/logo_20260426134735A387.png
2026-06-01 09:20:58.762 | ERROR    | app.core.exceptions:HttpExceptionHandler:102 - [HTTP异常] GET /api/v1/static/upload/2026/04/26/logo_20260426134735A387.png | 状态码: 404 | 错误信息: Not Found
2026-06-01 09:20:58.762 | INFO     | app.core.middlewares:dispatch:197 - 响应状态: 404, 响应内容长度: 74, 处理时间: 1.81ms
2026-06-01 09:20:58.773 | INFO     | app.core.middlewares:dispatch:109 - 请求来源: 127.0.0.1,请求方法: GET,请求路径: /api/v1/system/notice/available
2026-06-01 09:20:58.774 | INFO     | app.core.middlewares:dispatch:109 - 请求来源: 127.0.0.1,请求方法: GET,请求路径: /api/v1/system/param/info
2026-06-01 09:20:58.777 | INFO     | app.api.v1.module_system.params.controller:get_init_obj_controller:286 - 获取初始化缓存参数成功 [{'id': 13, 'uuid': '67da0f23-d1cd-4df2-8314-26ba1d427d0a', 'status': '0', 'description': '初始化数据', 'created_time': '2026-05-28 13:54:50', 'updated_time': '2026-05-28 13:54:50', 'is_deleted': False, 'deleted_time': None, 'config_name': '演示模式启用', 'config_key': 'demo_enable', 'config_value': 'false', 'config_type': True}, {'id': 11, 'uuid': 'd65e0ca0-9a9c-437d-8fc2-b50bd548d088', 'status': '0', 'description': '初始化数据', 'created_time': '2026-05-28 13:54:50', 'updated_time': '2026-05-28 13:54:50', 'is_deleted': False, 'deleted_time': None, 'config_name': '源码代码', 'config_key': 'sys_git_code', 'config_value': 'https://github.com/fastapiadmin/FastapiAdmin.git', 'config_type': True}, {'id': 2, 'uuid': '34a2d16c-5121-4e17-9ac6-0373d6f42372', 'status': '0', 'description': '初始化数据', 'created_time': '2026-05-28 13:54:50', 'updated_time': '2026-05-28 13:54:50', 'is_deleted': False, 'deleted_time': None, 'config_name': '网站描述', 'config_key': 'sys_web_description', 'config_value': '嘉期新媒体科技CRM管理系统', 'config_type': True}, {'id': 12, 'uuid': '0ea7cd7e-b931-4ff8-96b9-ab7be4334099', 'status': '0', 'description': '初始化数据', 'created_time': '2026-05-28 13:54:50', 'updated_time': '2026-05-28 13:54:50', 'is_deleted': False, 'deleted_time': None, 'config_name': '项目版本', 'config_key': 'sys_web_version', 'config_value': '2.0.0', 'config_type': True}, {'id': 10, 'uuid': 'ef0c96df-11d2-42c1-95ea-6544ce3ff21a', 'status': '0', 'description': '初始化数据', 'created_time': '2026-05-28 13:54:50', 'updated_time': '2026-05-28 13:54:50', 'is_deleted': False, 'deleted_time': None, 'config_name': '用户协议', 'config_key': 'sys_web_clause', 'config_value': 'https://github.com/fastapiadmin/FastapiAdmin/blob/master/LICENSE', 'config_type': True}, {'id': 7, 'uuid': '874a8241-64a4-4118-b227-c440f7d065e1', 'status': '0', 'description': '初始化数据', 'created_time': '2026-05-28 13:54:50', 'updated_time': '2026-05-28 13:54:50', 'is_deleted': False, 'deleted_time': None, 'config_name': '备案信息', 'config_key': 'sys_keep_record', 'config_value': '陕ICP备2025069493号-1', 'config_type': True}, {'id': 1, 'uuid': '7703e8ce-bc19-4c6a-9d95-0e0b94bb1bbc', 'status': '0', 'description': '初始化数据', 'created_time': '2026-05-28 13:54:50', 'updated_time': '2026-05-28 13:54:50', 'is_deleted': False, 'deleted_time': None, 'config_name': '网站名称', 'config_key': 'sys_web_title', 'config_value': '嘉期新媒体科技CRM', 'config_type': True}, {'id': 4, 'uuid': '5d670058-6674-47ce-911b-5ed1ded0c7cb', 'status': '0', 'description': '初始化数据', 'created_time': '2026-05-28 13:54:50', 'updated_time': '2026-05-28 13:54:50', 'is_deleted': False, 'deleted_time': None, 'config_name': '网站Logo', 'config_key': 'sys_web_logo', 'config_value': '/api/v1/static/image/logo.png', 'config_type': True}, {'id': 16, 'uuid': '7a2bbbe6-30c6-40b9-8a0a-2a387fc17ccf', 'status': '0', 'description': '初始化数据', 'created_time': '2026-05-28 13:54:50', 'updated_time': '2026-05-28 13:54:50', 'is_deleted': False, 'deleted_time': None, 'config_name': '访问IP黑名单', 'config_key': 'ip_black_list', 'config_value': '[]', 'config_type': True}, {'id': 5, 'uuid': '64363cd6-75cc-40f2-a8b6-1e98112bdcd3', 'status': '0', 'description': '初始化数据', 'created_time': '2026-05-28 13:54:50', 'updated_time': '2026-05-28 13:54:50', 'is_deleted': False, 'deleted_time': None, 'config_name': '登录背景', 'config_key': 'sys_login_background', 'config_value': 'https://service.fastapiadmin.com/api/v1/static/image/background.svg', 'config_type': True}, {'id': 14, 'uuid': 'ff4574d4-c611-4637-88b0-92ed76347995', 'status': '0', 'description': '初始化数据', 'created_time': '2026-05-28 13:54:50', 'updated_time': '2026-05-28 13:54:50', 'is_deleted': False, 'deleted_time': None, 'config_name': '演示访问IP白名单', 'config_key': 'ip_white_list', 'config_value': '["127.0.0.1"]', 'config_type': True}, {'id': 8, 'uuid': 'f8aef1af-405e-400f-8610-ae0b25ed6e38', 'status': '0', 'description': '初始化数据', 'created_time': '2026-05-28 13:54:50', 'updated_time': '2026-05-28 13:54:50', 'is_deleted': False, 'deleted_time': None, 'config_name': '帮助文档', 'config_key': 'sys_help_doc', 'config_value': 'https://service.fastapiadmin.com', 'config_type': True}, {'id': 9, 'uuid': '6f210f47-7c9d-4544-b33c-1f8a3b3ec68c', 'status': '0', 'description': '初始化数据', 'created_time': '2026-05-28 13:54:50', 'updated_time': '2026-05-28 13:54:50', 'is_deleted': False, 'deleted_time': None, 'config_name': '隐私政策', 'config_key': 'sys_web_privacy', 'config_value': 'https://github.com/fastapiadmin/FastapiAdmin/blob/master/LICENSE', 'config_type': True}, {'id': 3, 'uuid': 'fbed94cd-159f-485a-befb-86039b2280a6', 'status': '0', 'description': '初始化数据', 'created_time': '2026-05-28 13:54:50', 'updated_time': '2026-05-28 13:54:50', 'is_deleted': False, 'deleted_time': None, 'config_name': '网页图标', 'config_key': 'sys_web_favicon', 'config_value': '/api/v1/static/image/favicon.png', 'config_type': True}, {'id': 6, 'uuid': 'ed22bf5f-4d2d-4c3c-a368-2901c51836dc', 'status': '0', 'description': '初始化数据', 'created_time': '2026-05-28 13:54:50', 'updated_time': '2026-05-28 13:54:50', 'is_deleted': False, 'deleted_time': None, 'config_name': '版权信息', 'config_key': 'sys_web_copyright', 'config_value': 'Copyright © 2025-2026 service.fastapiadmin.com 版权所有', 'config_type': True}, {'id': 17, 'uuid': '74e27d3b-5cff-48da-a9e5-126385c4bbfc', 'status': '0', 'description': None, 'created_time': '2026-05-28 15:10:40', 'updated_time': '2026-05-28 15:10:40', 'is_deleted': False, 'deleted_time': None, 'config_name': '调度器状态', 'config_key': 'scheduler_status', 'config_value': 'stopped', 'config_type': True}, {'id': 15, 'uuid': 'a0831a35-52ac-4449-9620-93c03b8c85d8', 'status': '0', 'description': '初始化数据', 'created_time': '2026-05-28 13:54:50', 'updated_time': '2026-05-28 13:54:50', 'is_deleted': False, 'deleted_time': None, 'config_name': '接口白名单', 'config_key': 'white_api_list_path', 'config_value': '["/api/v1/system/auth/login", "/api/v1/system/auth/token/refresh", "/api/v1/system/auth/captcha/get", "/api/v1/system/auth/logout", "/api/v1/system/config/info", "/api/v1/system/user/current/info", "/api/v1/system/notice/available", "/api/v1/system/auth/auto-login/users", "/api/v1/system/auth/auto-login/token", "/api/v1/system/auth/auto-login"]', 'config_type': True}]
2026-06-01 09:20:58.778 | INFO     | app.core.middlewares:dispatch:197 - 响应状态: 200, 响应内容长度: 1511, 处理时间: 4.38ms
2026-06-01 09:20:58.856 | INFO     | app.api.v1.module_system.notice.controller:get_obj_list_available_controller:231 - 查询已启用公告列表成功
2026-06-01 09:20:58.857 | INFO     | app.core.middlewares:dispatch:197 - 响应状态: 200, 响应内容长度: 159, 处理时间: 84.03ms
2026-06-01 09:21:01.744 | INFO     | app.core.middlewares:dispatch:109 - 请求来源: 127.0.0.1,请求方法: GET,请求路径: /api/v1/salesmanagement/marketing_resources/list
2026-06-01 09:21:01.748 | INFO     | app.core.middlewares:dispatch:109 - 请求来源: 127.0.0.1,请求方法: GET,请求路径: /api/v1/system/dict/data/info/crm_marketing_resources_importance
2026-06-01 09:21:01.750 | INFO     | app.api.v1.module_system.dict.controller:get_init_dict_data_controller:526 - 获取初始化字典数据成功：[{'id': 35, 'uuid': '9beace41-c470-4a92-b0bb-4cce9c51df78', 'status': '0', 'description': None, 'created_time': '2026-06-01 09:15:48', 'updated_time': '2026-06-01 09:15:48', 'is_deleted': False, 'deleted_time': None, 'dict_sort': 1, 'dict_label': '普通', 'dict_value': 'normal', 'dict_type': 'crm_marketing_resources_importance', 'dict_type_id': 11, 'css_class': None, 'list_class': None, 'is_default': True}, {'id': 36, 'uuid': 'b125da0a-0c07-40de-8af4-3c4f8db74cca', 'status': '0', 'description': None, 'created_time': '2026-06-01 09:15:48', 'updated_time': '2026-06-01 09:15:48', 'is_deleted': False, 'deleted_time': None, 'dict_sort': 2, 'dict_label': '紧急', 'dict_value': 'urgent', 'dict_type': 'crm_marketing_resources_importance', 'dict_type_id': 11, 'css_class': None, 'list_class': None, 'is_default': False}]
2026-06-01 09:21:01.751 | INFO     | app.core.middlewares:dispatch:197 - 响应状态: 200, 响应内容长度: 853, 处理时间: 2.69ms
2026-06-01 09:21:01.795 | INFO     | app.plugin.module_salesmanagement.marketing_resources.controller:get_marketing_resource_list_controller:66 - 查询营销资源列表成功
2026-06-01 09:21:01.799 | INFO     | app.core.middlewares:dispatch:197 - 响应状态: 200, 响应内容长度: 1558, 处理时间: 54.9ms
2026-06-01 09:21:01.809 | INFO     | app.core.middlewares:dispatch:109 - 请求来源: 127.0.0.1,请求方法: GET,请求路径: /api/v1/salesmanagement/marketing_resources/list
2026-06-01 09:21:01.877 | INFO     | app.plugin.module_salesmanagement.marketing_resources.controller:get_marketing_resource_list_controller:66 - 查询营销资源列表成功
2026-06-01 09:21:01.880 | INFO     | app.core.middlewares:dispatch:197 - 响应状态: 200, 响应内容长度: 1558, 处理时间: 71.11ms
2026-06-01 09:21:03.382 | INFO     | app.core.middlewares:dispatch:109 - 请求来源: 127.0.0.1,请求方法: GET,请求路径: /api/v1/salesmanagement/marketing_resources/detail/2032
2026-06-01 09:21:03.403 | INFO     | app.plugin.module_salesmanagement.marketing_resources.controller:get_marketing_resource_detail_controller:42 - 获取营销资源详情成功 2032
2026-06-01 09:21:03.404 | INFO     | app.core.middlewares:dispatch:197 - 响应状态: 200, 响应内容长度: 640, 处理时间: 22.77ms
2026-06-01 09:21:04.658 | INFO     | app.core.middlewares:dispatch:109 - 请求来源: 127.0.0.1,请求方法: GET,请求路径: /api/v1/system/user/list
2026-06-01 09:21:04.692 | INFO     | app.api.v1.module_system.user.controller:get_obj_list_controller:234 - 查询用户成功
2026-06-01 09:21:04.703 | INFO     | app.core.middlewares:dispatch:197 - 响应状态: 200, 响应内容长度: 7917, 处理时间: 45.16ms
2026-06-01 09:21:20.667 | INFO     | app.core.middlewares:dispatch:109 - 请求来源: 127.0.0.1,请求方法: GET,请求路径: /api/v1/salesmanagement/marketing_resources/detail/2032
2026-06-01 09:21:20.700 | INFO     | app.plugin.module_salesmanagement.marketing_resources.controller:get_marketing_resource_detail_controller:42 - 获取营销资源详情成功 2032
2026-06-01 09:21:20.701 | INFO     | app.core.middlewares:dispatch:197 - 响应状态: 200, 响应内容长度: 640, 处理时间: 35.48ms
2026-06-01 09:21:22.241 | INFO     | app.core.middlewares:dispatch:109 - 请求来源: 127.0.0.1,请求方法: GET,请求路径: /api/v1/system/user/list
2026-06-01 09:21:22.273 | INFO     | app.api.v1.module_system.user.controller:get_obj_list_controller:234 - 查询用户成功
2026-06-01 09:21:22.283 | INFO     | app.core.middlewares:dispatch:197 - 响应状态: 200, 响应内容长度: 7917, 处理时间: 41.83ms
2026-06-01 09:23:13.935 | INFO     | app.core.middlewares:dispatch:109 - 请求来源: 127.0.0.1,请求方法: GET,请求路径: /api/v1/salesmanagement/marketing_resources/list
2026-06-01 09:23:14.105 | INFO     | app.plugin.module_salesmanagement.marketing_resources.controller:get_marketing_resource_list_controller:66 - 查询营销资源列表成功
2026-06-01 09:23:14.110 | INFO     | app.core.middlewares:dispatch:197 - 响应状态: 200, 响应内容长度: 1558, 处理时间: 176.33ms
2026-06-01 09:23:14.293 | INFO     | app.core.middlewares:dispatch:109 - 请求来源: 127.0.0.1,请求方法: GET,请求路径: /api/v1/salesmanagement/marketing_resources/list
2026-06-01 09:23:14.396 | INFO     | app.plugin.module_salesmanagement.marketing_resources.controller:get_marketing_resource_list_controller:66 - 查询营销资源列表成功
2026-06-01 09:23:14.400 | INFO     | app.core.middlewares:dispatch:197 - 响应状态: 200, 响应内容长度: 1558, 处理时间: 106.86ms
2026-06-01 09:23:14.731 | INFO     | app.core.middlewares:dispatch:109 - 请求来源: 127.0.0.1,请求方法: GET,请求路径: /api/v1/salesmanagement/marketing_resources/list
2026-06-01 09:23:14.798 | INFO     | app.plugin.module_salesmanagement.marketing_resources.controller:get_marketing_resource_list_controller:66 - 查询营销资源列表成功
2026-06-01 09:23:14.800 | INFO     | app.core.middlewares:dispatch:197 - 响应状态: 200, 响应内容长度: 1558, 处理时间: 69.4ms
2026-06-01 09:23:14.805 | INFO     | app.core.middlewares:dispatch:109 - 请求来源: 127.0.0.1,请求方法: GET,请求路径: /api/v1/salesmanagement/marketing_resources/list
2026-06-01 09:23:14.849 | INFO     | app.plugin.module_salesmanagement.marketing_resources.controller:get_marketing_resource_list_controller:66 - 查询营销资源列表成功
2026-06-01 09:23:14.851 | INFO     | app.core.middlewares:dispatch:197 - 响应状态: 200, 响应内容长度: 1558, 处理时间: 46.27ms
2026-06-01 09:23:17.885 | INFO     | app.core.middlewares:dispatch:109 - 请求来源: 127.0.0.1,请求方法: GET,请求路径: /api/v1/salesmanagement/marketing_resources/list
2026-06-01 09:23:17.885 | INFO     | app.core.middlewares:dispatch:109 - 请求来源: 127.0.0.1,请求方法: GET,请求路径: /api/v1/system/dict/data/info/crm_marketing_resources_importance
2026-06-01 09:23:17.887 | INFO     | app.api.v1.module_system.dict.controller:get_init_dict_data_controller:526 - 获取初始化字典数据成功：[{'id': 35, 'uuid': '9beace41-c470-4a92-b0bb-4cce9c51df78', 'status': '0', 'description': None, 'created_time': '2026-06-01 09:15:48', 'updated_time': '2026-06-01 09:15:48', 'is_deleted': False, 'deleted_time': None, 'dict_sort': 1, 'dict_label': '普通', 'dict_value': 'normal', 'dict_type': 'crm_marketing_resources_importance', 'dict_type_id': 11, 'css_class': None, 'list_class': None, 'is_default': True}, {'id': 36, 'uuid': 'b125da0a-0c07-40de-8af4-3c4f8db74cca', 'status': '0', 'description': None, 'created_time': '2026-06-01 09:15:48', 'updated_time': '2026-06-01 09:15:48', 'is_deleted': False, 'deleted_time': None, 'dict_sort': 2, 'dict_label': '紧急', 'dict_value': 'urgent', 'dict_type': 'crm_marketing_resources_importance', 'dict_type_id': 11, 'css_class': None, 'list_class': None, 'is_default': False}]
2026-06-01 09:23:17.887 | INFO     | app.core.middlewares:dispatch:197 - 响应状态: 200, 响应内容长度: 853, 处理时间: 2.05ms
2026-06-01 09:23:17.915 | INFO     | app.plugin.module_salesmanagement.marketing_resources.controller:get_marketing_resource_list_controller:66 - 查询营销资源列表成功
2026-06-01 09:23:17.917 | INFO     | app.core.middlewares:dispatch:197 - 响应状态: 200, 响应内容长度: 1472, 处理时间: 32.21ms
2026-06-01 09:23:18.070 | INFO     | app.core.middlewares:dispatch:109 - 请求来源: 127.0.0.1,请求方法: GET,请求路径: /api/v1/salesmanagement/marketing_resources/list
2026-06-01 09:23:18.071 | ERROR    | app.core.exceptions:CustomExceptionHandler:80 - [自定义异常] GET /api/v1/salesmanagement/marketing_resources/list | 错误码: -1 | 错误信息: 请求过于频繁，请稍后重试！ | 详情: {'Retry-After': '197'}
2026-06-01 09:23:18.071 | INFO     | app.core.middlewares:dispatch:197 - 响应状态: 429, 响应内容长度: 122, 处理时间: 1.37ms
2026-06-01 09:23:19.841 | INFO     | app.core.middlewares:dispatch:109 - 请求来源: 127.0.0.1,请求方法: GET,请求路径: /api/v1/salesmanagement/marketing_resources/list
2026-06-01 09:23:19.846 | ERROR    | app.core.exceptions:CustomExceptionHandler:80 - [自定义异常] GET /api/v1/salesmanagement/marketing_resources/list | 错误码: -1 | 错误信息: 请求过于频繁，请稍后重试！ | 详情: {'Retry-After': '138'}
2026-06-01 09:23:19.846 | INFO     | app.core.middlewares:dispatch:197 - 响应状态: 429, 响应内容长度: 122, 处理时间: 5.99ms
2026-06-01 09:23:19.966 | INFO     | app.core.middlewares:dispatch:109 - 请求来源: 127.0.0.1,请求方法: GET,请求路径: /api/v1/salesmanagement/marketing_resources/list
2026-06-01 09:23:19.967 | ERROR    | app.core.exceptions:CustomExceptionHandler:80 - [自定义异常] GET /api/v1/salesmanagement/marketing_resources/list | 错误码: -1 | 错误信息: 请求过于频繁，请稍后重试！ | 详情: {'Retry-After': '134'}
2026-06-01 09:23:19.967 | INFO     | app.core.middlewares:dispatch:197 - 响应状态: 429, 响应内容长度: 122, 处理时间: 1.42ms
2026-06-01 09:23:20.876 | INFO     | app.core.middlewares:dispatch:109 - 请求来源: 127.0.0.1,请求方法: GET,请求路径: /api/v1/salesmanagement/marketing_resources/list
2026-06-01 09:23:20.877 | ERROR    | app.core.exceptions:CustomExceptionHandler:80 - [自定义异常] GET /api/v1/salesmanagement/marketing_resources/list | 错误码: -1 | 错误信息: 请求过于频繁，请稍后重试！ | 详情: {'Retry-After': '104'}
2026-06-01 09:23:20.877 | INFO     | app.core.middlewares:dispatch:197 - 响应状态: 429, 响应内容长度: 122, 处理时间: 1.13ms
2026-06-01 09:23:20.931 | INFO     | app.core.middlewares:dispatch:109 - 请求来源: 127.0.0.1,请求方法: GET,请求路径: /api/v1/salesmanagement/marketing_resources/list
2026-06-01 09:23:20.932 | ERROR    | app.core.exceptions:CustomExceptionHandler:80 - [自定义异常] GET /api/v1/salesmanagement/marketing_resources/list | 错误码: -1 | 错误信息: 请求过于频繁，请稍后重试！ | 详情: {'Retry-After': '102'}
2026-06-01 09:23:20.932 | INFO     | app.core.middlewares:dispatch:197 - 响应状态: 429, 响应内容长度: 122, 处理时间: 1.08ms
2026-06-01 09:24:32.562 | INFO     | app.core.middlewares:dispatch:109 - 请求来源: 127.0.0.1,请求方法: GET,请求路径: /api/v1/system/param/info
2026-06-01 09:24:32.589 | INFO     | app.api.v1.module_system.params.controller:get_init_obj_controller:286 - 获取初始化缓存参数成功 [{'id': 13, 'uuid': '67da0f23-d1cd-4df2-8314-26ba1d427d0a', 'status': '0', 'description': '初始化数据', 'created_time': '2026-05-28 13:54:50', 'updated_time': '2026-05-28 13:54:50', 'is_deleted': False, 'deleted_time': None, 'config_name': '演示模式启用', 'config_key': 'demo_enable', 'config_value': 'false', 'config_type': True}, {'id': 11, 'uuid': 'd65e0ca0-9a9c-437d-8fc2-b50bd548d088', 'status': '0', 'description': '初始化数据', 'created_time': '2026-05-28 13:54:50', 'updated_time': '2026-05-28 13:54:50', 'is_deleted': False, 'deleted_time': None, 'config_name': '源码代码', 'config_key': 'sys_git_code', 'config_value': 'https://github.com/fastapiadmin/FastapiAdmin.git', 'config_type': True}, {'id': 2, 'uuid': '34a2d16c-5121-4e17-9ac6-0373d6f42372', 'status': '0', 'description': '初始化数据', 'created_time': '2026-05-28 13:54:50', 'updated_time': '2026-05-28 13:54:50', 'is_deleted': False, 'deleted_time': None, 'config_name': '网站描述', 'config_key': 'sys_web_description', 'config_value': '嘉期新媒体科技CRM管理系统', 'config_type': True}, {'id': 12, 'uuid': '0ea7cd7e-b931-4ff8-96b9-ab7be4334099', 'status': '0', 'description': '初始化数据', 'created_time': '2026-05-28 13:54:50', 'updated_time': '2026-05-28 13:54:50', 'is_deleted': False, 'deleted_time': None, 'config_name': '项目版本', 'config_key': 'sys_web_version', 'config_value': '2.0.0', 'config_type': True}, {'id': 10, 'uuid': 'ef0c96df-11d2-42c1-95ea-6544ce3ff21a', 'status': '0', 'description': '初始化数据', 'created_time': '2026-05-28 13:54:50', 'updated_time': '2026-05-28 13:54:50', 'is_deleted': False, 'deleted_time': None, 'config_name': '用户协议', 'config_key': 'sys_web_clause', 'config_value': 'https://github.com/fastapiadmin/FastapiAdmin/blob/master/LICENSE', 'config_type': True}, {'id': 7, 'uuid': '874a8241-64a4-4118-b227-c440f7d065e1', 'status': '0', 'description': '初始化数据', 'created_time': '2026-05-28 13:54:50', 'updated_time': '2026-05-28 13:54:50', 'is_deleted': False, 'deleted_time': None, 'config_name': '备案信息', 'config_key': 'sys_keep_record', 'config_value': '陕ICP备2025069493号-1', 'config_type': True}, {'id': 1, 'uuid': '7703e8ce-bc19-4c6a-9d95-0e0b94bb1bbc', 'status': '0', 'description': '初始化数据', 'created_time': '2026-05-28 13:54:50', 'updated_time': '2026-05-28 13:54:50', 'is_deleted': False, 'deleted_time': None, 'config_name': '网站名称', 'config_key': 'sys_web_title', 'config_value': '嘉期新媒体科技CRM', 'config_type': True}, {'id': 4, 'uuid': '5d670058-6674-47ce-911b-5ed1ded0c7cb', 'status': '0', 'description': '初始化数据', 'created_time': '2026-05-28 13:54:50', 'updated_time': '2026-05-28 13:54:50', 'is_deleted': False, 'deleted_time': None, 'config_name': '网站Logo', 'config_key': 'sys_web_logo', 'config_value': '/api/v1/static/image/logo.png', 'config_type': True}, {'id': 16, 'uuid': '7a2bbbe6-30c6-40b9-8a0a-2a387fc17ccf', 'status': '0', 'description': '初始化数据', 'created_time': '2026-05-28 13:54:50', 'updated_time': '2026-05-28 13:54:50', 'is_deleted': False, 'deleted_time': None, 'config_name': '访问IP黑名单', 'config_key': 'ip_black_list', 'config_value': '[]', 'config_type': True}, {'id': 5, 'uuid': '64363cd6-75cc-40f2-a8b6-1e98112bdcd3', 'status': '0', 'description': '初始化数据', 'created_time': '2026-05-28 13:54:50', 'updated_time': '2026-05-28 13:54:50', 'is_deleted': False, 'deleted_time': None, 'config_name': '登录背景', 'config_key': 'sys_login_background', 'config_value': 'https://service.fastapiadmin.com/api/v1/static/image/background.svg', 'config_type': True}, {'id': 14, 'uuid': 'ff4574d4-c611-4637-88b0-92ed76347995', 'status': '0', 'description': '初始化数据', 'created_time': '2026-05-28 13:54:50', 'updated_time': '2026-05-28 13:54:50', 'is_deleted': False, 'deleted_time': None, 'config_name': '演示访问IP白名单', 'config_key': 'ip_white_list', 'config_value': '["127.0.0.1"]', 'config_type': True}, {'id': 8, 'uuid': 'f8aef1af-405e-400f-8610-ae0b25ed6e38', 'status': '0', 'description': '初始化数据', 'created_time': '2026-05-28 13:54:50', 'updated_time': '2026-05-28 13:54:50', 'is_deleted': False, 'deleted_time': None, 'config_name': '帮助文档', 'config_key': 'sys_help_doc', 'config_value': 'https://service.fastapiadmin.com', 'config_type': True}, {'id': 9, 'uuid': '6f210f47-7c9d-4544-b33c-1f8a3b3ec68c', 'status': '0', 'description': '初始化数据', 'created_time': '2026-05-28 13:54:50', 'updated_time': '2026-05-28 13:54:50', 'is_deleted': False, 'deleted_time': None, 'config_name': '隐私政策', 'config_key': 'sys_web_privacy', 'config_value': 'https://github.com/fastapiadmin/FastapiAdmin/blob/master/LICENSE', 'config_type': True}, {'id': 3, 'uuid': 'fbed94cd-159f-485a-befb-86039b2280a6', 'status': '0', 'description': '初始化数据', 'created_time': '2026-05-28 13:54:50', 'updated_time': '2026-05-28 13:54:50', 'is_deleted': False, 'deleted_time': None, 'config_name': '网页图标', 'config_key': 'sys_web_favicon', 'config_value': '/api/v1/static/image/favicon.png', 'config_type': True}, {'id': 6, 'uuid': 'ed22bf5f-4d2d-4c3c-a368-2901c51836dc', 'status': '0', 'description': '初始化数据', 'created_time': '2026-05-28 13:54:50', 'updated_time': '2026-05-28 13:54:50', 'is_deleted': False, 'deleted_time': None, 'config_name': '版权信息', 'config_key': 'sys_web_copyright', 'config_value': 'Copyright © 2025-2026 service.fastapiadmin.com 版权所有', 'config_type': True}, {'id': 17, 'uuid': '74e27d3b-5cff-48da-a9e5-126385c4bbfc', 'status': '0', 'description': None, 'created_time': '2026-05-28 15:10:40', 'updated_time': '2026-05-28 15:10:40', 'is_deleted': False, 'deleted_time': None, 'config_name': '调度器状态', 'config_key': 'scheduler_status', 'config_value': 'stopped', 'config_type': True}, {'id': 15, 'uuid': 'a0831a35-52ac-4449-9620-93c03b8c85d8', 'status': '0', 'description': '初始化数据', 'created_time': '2026-05-28 13:54:50', 'updated_time': '2026-05-28 13:54:50', 'is_deleted': False, 'deleted_time': None, 'config_name': '接口白名单', 'config_key': 'white_api_list_path', 'config_value': '["/api/v1/system/auth/login", "/api/v1/system/auth/token/refresh", "/api/v1/system/auth/captcha/get", "/api/v1/system/auth/logout", "/api/v1/system/config/info", "/api/v1/system/user/current/info", "/api/v1/system/notice/available", "/api/v1/system/auth/auto-login/users", "/api/v1/system/auth/auto-login/token", "/api/v1/system/auth/auto-login"]', 'config_type': True}]
2026-06-01 09:24:32.593 | INFO     | app.core.middlewares:dispatch:197 - 响应状态: 200, 响应内容长度: 1511, 处理时间: 35.93ms
2026-06-01 09:24:32.907 | INFO     | app.core.middlewares:dispatch:109 - 请求来源: 127.0.0.1,请求方法: GET,请求路径: /api/v1/static/upload/2026/04/26/logo_20260426134735A387.png
2026-06-01 09:24:32.908 | ERROR    | app.core.exceptions:HttpExceptionHandler:102 - [HTTP异常] GET /api/v1/static/upload/2026/04/26/logo_20260426134735A387.png | 状态码: 404 | 错误信息: Not Found
2026-06-01 09:24:32.909 | INFO     | app.core.middlewares:dispatch:197 - 响应状态: 404, 响应内容长度: 74, 处理时间: 2.11ms
2026-06-01 09:24:32.918 | INFO     | app.core.middlewares:dispatch:109 - 请求来源: 127.0.0.1,请求方法: GET,请求路径: /api/v1/salesmanagement/marketing_resources/list
2026-06-01 09:24:32.918 | INFO     | app.core.middlewares:dispatch:109 - 请求来源: 127.0.0.1,请求方法: GET,请求路径: /api/v1/system/notice/available
2026-06-01 09:24:32.918 | INFO     | app.core.middlewares:dispatch:109 - 请求来源: 127.0.0.1,请求方法: GET,请求路径: /api/v1/system/param/info
2026-06-01 09:24:32.923 | INFO     | app.api.v1.module_system.params.controller:get_init_obj_controller:286 - 获取初始化缓存参数成功 [{'id': 13, 'uuid': '67da0f23-d1cd-4df2-8314-26ba1d427d0a', 'status': '0', 'description': '初始化数据', 'created_time': '2026-05-28 13:54:50', 'updated_time': '2026-05-28 13:54:50', 'is_deleted': False, 'deleted_time': None, 'config_name': '演示模式启用', 'config_key': 'demo_enable', 'config_value': 'false', 'config_type': True}, {'id': 11, 'uuid': 'd65e0ca0-9a9c-437d-8fc2-b50bd548d088', 'status': '0', 'description': '初始化数据', 'created_time': '2026-05-28 13:54:50', 'updated_time': '2026-05-28 13:54:50', 'is_deleted': False, 'deleted_time': None, 'config_name': '源码代码', 'config_key': 'sys_git_code', 'config_value': 'https://github.com/fastapiadmin/FastapiAdmin.git', 'config_type': True}, {'id': 2, 'uuid': '34a2d16c-5121-4e17-9ac6-0373d6f42372', 'status': '0', 'description': '初始化数据', 'created_time': '2026-05-28 13:54:50', 'updated_time': '2026-05-28 13:54:50', 'is_deleted': False, 'deleted_time': None, 'config_name': '网站描述', 'config_key': 'sys_web_description', 'config_value': '嘉期新媒体科技CRM管理系统', 'config_type': True}, {'id': 12, 'uuid': '0ea7cd7e-b931-4ff8-96b9-ab7be4334099', 'status': '0', 'description': '初始化数据', 'created_time': '2026-05-28 13:54:50', 'updated_time': '2026-05-28 13:54:50', 'is_deleted': False, 'deleted_time': None, 'config_name': '项目版本', 'config_key': 'sys_web_version', 'config_value': '2.0.0', 'config_type': True}, {'id': 10, 'uuid': 'ef0c96df-11d2-42c1-95ea-6544ce3ff21a', 'status': '0', 'description': '初始化数据', 'created_time': '2026-05-28 13:54:50', 'updated_time': '2026-05-28 13:54:50', 'is_deleted': False, 'deleted_time': None, 'config_name': '用户协议', 'config_key': 'sys_web_clause', 'config_value': 'https://github.com/fastapiadmin/FastapiAdmin/blob/master/LICENSE', 'config_type': True}, {'id': 7, 'uuid': '874a8241-64a4-4118-b227-c440f7d065e1', 'status': '0', 'description': '初始化数据', 'created_time': '2026-05-28 13:54:50', 'updated_time': '2026-05-28 13:54:50', 'is_deleted': False, 'deleted_time': None, 'config_name': '备案信息', 'config_key': 'sys_keep_record', 'config_value': '陕ICP备2025069493号-1', 'config_type': True}, {'id': 1, 'uuid': '7703e8ce-bc19-4c6a-9d95-0e0b94bb1bbc', 'status': '0', 'description': '初始化数据', 'created_time': '2026-05-28 13:54:50', 'updated_time': '2026-05-28 13:54:50', 'is_deleted': False, 'deleted_time': None, 'config_name': '网站名称', 'config_key': 'sys_web_title', 'config_value': '嘉期新媒体科技CRM', 'config_type': True}, {'id': 4, 'uuid': '5d670058-6674-47ce-911b-5ed1ded0c7cb', 'status': '0', 'description': '初始化数据', 'created_time': '2026-05-28 13:54:50', 'updated_time': '2026-05-28 13:54:50', 'is_deleted': False, 'deleted_time': None, 'config_name': '网站Logo', 'config_key': 'sys_web_logo', 'config_value': '/api/v1/static/image/logo.png', 'config_type': True}, {'id': 16, 'uuid': '7a2bbbe6-30c6-40b9-8a0a-2a387fc17ccf', 'status': '0', 'description': '初始化数据', 'created_time': '2026-05-28 13:54:50', 'updated_time': '2026-05-28 13:54:50', 'is_deleted': False, 'deleted_time': None, 'config_name': '访问IP黑名单', 'config_key': 'ip_black_list', 'config_value': '[]', 'config_type': True}, {'id': 5, 'uuid': '64363cd6-75cc-40f2-a8b6-1e98112bdcd3', 'status': '0', 'description': '初始化数据', 'created_time': '2026-05-28 13:54:50', 'updated_time': '2026-05-28 13:54:50', 'is_deleted': False, 'deleted_time': None, 'config_name': '登录背景', 'config_key': 'sys_login_background', 'config_value': 'https://service.fastapiadmin.com/api/v1/static/image/background.svg', 'config_type': True}, {'id': 14, 'uuid': 'ff4574d4-c611-4637-88b0-92ed76347995', 'status': '0', 'description': '初始化数据', 'created_time': '2026-05-28 13:54:50', 'updated_time': '2026-05-28 13:54:50', 'is_deleted': False, 'deleted_time': None, 'config_name': '演示访问IP白名单', 'config_key': 'ip_white_list', 'config_value': '["127.0.0.1"]', 'config_type': True}, {'id': 8, 'uuid': 'f8aef1af-405e-400f-8610-ae0b25ed6e38', 'status': '0', 'description': '初始化数据', 'created_time': '2026-05-28 13:54:50', 'updated_time': '2026-05-28 13:54:50', 'is_deleted': False, 'deleted_time': None, 'config_name': '帮助文档', 'config_key': 'sys_help_doc', 'config_value': 'https://service.fastapiadmin.com', 'config_type': True}, {'id': 9, 'uuid': '6f210f47-7c9d-4544-b33c-1f8a3b3ec68c', 'status': '0', 'description': '初始化数据', 'created_time': '2026-05-28 13:54:50', 'updated_time': '2026-05-28 13:54:50', 'is_deleted': False, 'deleted_time': None, 'config_name': '隐私政策', 'config_key': 'sys_web_privacy', 'config_value': 'https://github.com/fastapiadmin/FastapiAdmin/blob/master/LICENSE', 'config_type': True}, {'id': 3, 'uuid': 'fbed94cd-159f-485a-befb-86039b2280a6', 'status': '0', 'description': '初始化数据', 'created_time': '2026-05-28 13:54:50', 'updated_time': '2026-05-28 13:54:50', 'is_deleted': False, 'deleted_time': None, 'config_name': '网页图标', 'config_key': 'sys_web_favicon', 'config_value': '/api/v1/static/image/favicon.png', 'config_type': True}, {'id': 6, 'uuid': 'ed22bf5f-4d2d-4c3c-a368-2901c51836dc', 'status': '0', 'description': '初始化数据', 'created_time': '2026-05-28 13:54:50', 'updated_time': '2026-05-28 13:54:50', 'is_deleted': False, 'deleted_time': None, 'config_name': '版权信息', 'config_key': 'sys_web_copyright', 'config_value': 'Copyright © 2025-2026 service.fastapiadmin.com 版权所有', 'config_type': True}, {'id': 17, 'uuid': '74e27d3b-5cff-48da-a9e5-126385c4bbfc', 'status': '0', 'description': None, 'created_time': '2026-05-28 15:10:40', 'updated_time': '2026-05-28 15:10:40', 'is_deleted': False, 'deleted_time': None, 'config_name': '调度器状态', 'config_key': 'scheduler_status', 'config_value': 'stopped', 'config_type': True}, {'id': 15, 'uuid': 'a0831a35-52ac-4449-9620-93c03b8c85d8', 'status': '0', 'description': '初始化数据', 'created_time': '2026-05-28 13:54:50', 'updated_time': '2026-05-28 13:54:50', 'is_deleted': False, 'deleted_time': None, 'config_name': '接口白名单', 'config_key': 'white_api_list_path', 'config_value': '["/api/v1/system/auth/login", "/api/v1/system/auth/token/refresh", "/api/v1/system/auth/captcha/get", "/api/v1/system/auth/logout", "/api/v1/system/config/info", "/api/v1/system/user/current/info", "/api/v1/system/notice/available", "/api/v1/system/auth/auto-login/users", "/api/v1/system/auth/auto-login/token", "/api/v1/system/auth/auto-login"]', 'config_type': True}]
2026-06-01 09:24:32.932 | INFO     | app.core.middlewares:dispatch:197 - 响应状态: 200, 响应内容长度: 1511, 处理时间: 13.2ms
2026-06-01 09:24:33.019 | INFO     | app.api.v1.module_system.notice.controller:get_obj_list_available_controller:231 - 查询已启用公告列表成功
2026-06-01 09:24:33.028 | INFO     | app.core.middlewares:dispatch:197 - 响应状态: 200, 响应内容长度: 159, 处理时间: 110.08ms
2026-06-01 09:24:33.048 | INFO     | app.plugin.module_salesmanagement.marketing_resources.controller:get_marketing_resource_list_controller:66 - 查询营销资源列表成功
2026-06-01 09:24:33.050 | INFO     | app.core.middlewares:dispatch:197 - 响应状态: 200, 响应内容长度: 1558, 处理时间: 132.72ms
2026-06-01 09:24:33.056 | INFO     | app.core.middlewares:dispatch:109 - 请求来源: 127.0.0.1,请求方法: GET,请求路径: /api/v1/salesmanagement/marketing_resources/list
2026-06-01 09:24:33.100 | INFO     | app.plugin.module_salesmanagement.marketing_resources.controller:get_marketing_resource_list_controller:66 - 查询营销资源列表成功
2026-06-01 09:24:33.102 | INFO     | app.core.middlewares:dispatch:197 - 响应状态: 200, 响应内容长度: 1558, 处理时间: 46.76ms
2026-06-01 09:24:33.876 | INFO     | app.core.middlewares:dispatch:109 - 请求来源: 127.0.0.1,请求方法: GET,请求路径: /api/v1/salesmanagement/marketing_resources/detail/2032
2026-06-01 09:24:33.899 | INFO     | app.plugin.module_salesmanagement.marketing_resources.controller:get_marketing_resource_detail_controller:42 - 获取营销资源详情成功 2032
2026-06-01 09:24:33.900 | INFO     | app.core.middlewares:dispatch:197 - 响应状态: 200, 响应内容长度: 640, 处理时间: 24.41ms
2026-06-01 09:24:36.067 | INFO     | app.core.middlewares:dispatch:109 - 请求来源: 127.0.0.1,请求方法: GET,请求路径: /api/v1/system/user/list
2026-06-01 09:24:36.114 | INFO     | app.api.v1.module_system.user.controller:get_obj_list_controller:234 - 查询用户成功
2026-06-01 09:24:36.119 | INFO     | app.core.middlewares:dispatch:197 - 响应状态: 200, 响应内容长度: 4271, 处理时间: 52.43ms
2026-06-01 09:25:45.209 | INFO     | app.core.middlewares:dispatch:109 - 请求来源: 127.0.0.1,请求方法: POST,请求路径: /api/v1/system/auth/logout
2026-06-01 09:25:45.238 | INFO     | app.api.v1.module_system.auth.service:logout_service:324 - 用户退出登录成功,会话编号:3a8f5547-6aec-4cf1-b525-caa63eb022d7
2026-06-01 09:25:45.238 | INFO     | app.api.v1.module_system.auth.controller:logout_controller:155 - 退出成功
2026-06-01 09:25:45.249 | INFO     | app.core.middlewares:dispatch:197 - 响应状态: 200, 响应内容长度: 76, 处理时间: 40.6ms
2026-06-01 09:25:45.388 | INFO     | app.core.middlewares:dispatch:109 - 请求来源: 127.0.0.1,请求方法: GET,请求路径: /api/v1/system/auth/captcha/get
2026-06-01 09:25:45.389 | INFO     | app.core.middlewares:dispatch:109 - 请求来源: 127.0.0.1,请求方法: GET,请求路径: /api/v1/system/auth/auto-login/users
2026-06-01 09:25:45.402 | INFO     | app.api.v1.module_system.auth.service:get_captcha_service:361 - 生成验证码成功,验证码:6
2026-06-01 09:25:45.402 | INFO     | app.api.v1.module_system.auth.controller:get_captcha_for_login_controller:127 - 获取验证码成功
2026-06-01 09:25:45.402 | INFO     | app.core.middlewares:dispatch:197 - 响应状态: 200, 响应内容长度: 2071, 处理时间: 14.39ms
2026-06-01 09:25:45.415 | INFO     | app.core.middlewares:dispatch:197 - 响应状态: 200, 响应内容长度: 687, 处理时间: 26.26ms
2026-06-01 09:25:49.709 | INFO     | app.core.middlewares:dispatch:109 - 请求来源: 127.0.0.1,请求方法: POST,请求路径: /api/v1/system/auth/auto-login/token
2026-06-01 09:25:49.716 | INFO     | app.api.v1.module_system.auth.service:create_auto_login_token_service:498 - 创建免登录Token成功,用户:tangzhaoshuai_jiaqi
2026-06-01 09:25:49.719 | INFO     | app.core.middlewares:dispatch:197 - 响应状态: 200, 响应内容长度: 202, 处理时间: 9.97ms
2026-06-01 09:25:49.725 | INFO     | app.core.middlewares:dispatch:109 - 请求来源: 127.0.0.1,请求方法: POST,请求路径: /api/v1/system/auth/auto-login
2026-06-01 09:25:49.731 | INFO     | app.api.v1.module_system.auth.service:create_token_service:160 - 用户ID: 7, 用户名: tangzhaoshuai_jiaqi 正在生成JWT令牌
2026-06-01 09:25:49.731 | INFO     | app.api.v1.module_system.auth.service:auto_login_service:562 - 用户tangzhaoshuai_jiaqi免登录成功
2026-06-01 09:25:49.731 | INFO     | app.api.v1.module_system.auth.controller:auto_login_controller:237 - 用户免登录成功
2026-06-01 09:25:49.735 | INFO     | app.core.middlewares:dispatch:197 - 响应状态: 200, 响应内容长度: 598, 处理时间: 9.56ms
2026-06-01 09:25:49.741 | INFO     | app.core.middlewares:dispatch:109 - 请求来源: 127.0.0.1,请求方法: GET,请求路径: /api/v1/system/user/current/info
2026-06-01 09:25:49.771 | INFO     | app.api.v1.module_system.user.controller:get_current_user_info_controller:52 - 获取当前用户信息成功
2026-06-01 09:25:49.773 | INFO     | app.core.middlewares:dispatch:197 - 响应状态: 200, 响应内容长度: 1225, 处理时间: 31.62ms
2026-06-01 09:25:49.910 | INFO     | app.core.middlewares:dispatch:109 - 请求来源: 127.0.0.1,请求方法: GET,请求路径: /api/v1/static/upload/2026/04/26/logo_20260426134735A387.png
2026-06-01 09:25:49.912 | ERROR    | app.core.exceptions:HttpExceptionHandler:102 - [HTTP异常] GET /api/v1/static/upload/2026/04/26/logo_20260426134735A387.png | 状态码: 404 | 错误信息: Not Found
2026-06-01 09:25:49.912 | INFO     | app.core.middlewares:dispatch:197 - 响应状态: 404, 响应内容长度: 74, 处理时间: 2.27ms
2026-06-01 09:25:49.935 | INFO     | app.core.middlewares:dispatch:109 - 请求来源: 127.0.0.1,请求方法: GET,请求路径: /api/v1/system/notice/available
2026-06-01 09:25:49.936 | INFO     | app.core.middlewares:dispatch:109 - 请求来源: 127.0.0.1,请求方法: GET,请求路径: /api/v1/system/param/info
2026-06-01 09:25:49.941 | INFO     | app.api.v1.module_system.params.controller:get_init_obj_controller:286 - 获取初始化缓存参数成功 [{'id': 13, 'uuid': '67da0f23-d1cd-4df2-8314-26ba1d427d0a', 'status': '0', 'description': '初始化数据', 'created_time': '2026-05-28 13:54:50', 'updated_time': '2026-05-28 13:54:50', 'is_deleted': False, 'deleted_time': None, 'config_name': '演示模式启用', 'config_key': 'demo_enable', 'config_value': 'false', 'config_type': True}, {'id': 11, 'uuid': 'd65e0ca0-9a9c-437d-8fc2-b50bd548d088', 'status': '0', 'description': '初始化数据', 'created_time': '2026-05-28 13:54:50', 'updated_time': '2026-05-28 13:54:50', 'is_deleted': False, 'deleted_time': None, 'config_name': '源码代码', 'config_key': 'sys_git_code', 'config_value': 'https://github.com/fastapiadmin/FastapiAdmin.git', 'config_type': True}, {'id': 2, 'uuid': '34a2d16c-5121-4e17-9ac6-0373d6f42372', 'status': '0', 'description': '初始化数据', 'created_time': '2026-05-28 13:54:50', 'updated_time': '2026-05-28 13:54:50', 'is_deleted': False, 'deleted_time': None, 'config_name': '网站描述', 'config_key': 'sys_web_description', 'config_value': '嘉期新媒体科技CRM管理系统', 'config_type': True}, {'id': 12, 'uuid': '0ea7cd7e-b931-4ff8-96b9-ab7be4334099', 'status': '0', 'description': '初始化数据', 'created_time': '2026-05-28 13:54:50', 'updated_time': '2026-05-28 13:54:50', 'is_deleted': False, 'deleted_time': None, 'config_name': '项目版本', 'config_key': 'sys_web_version', 'config_value': '2.0.0', 'config_type': True}, {'id': 10, 'uuid': 'ef0c96df-11d2-42c1-95ea-6544ce3ff21a', 'status': '0', 'description': '初始化数据', 'created_time': '2026-05-28 13:54:50', 'updated_time': '2026-05-28 13:54:50', 'is_deleted': False, 'deleted_time': None, 'config_name': '用户协议', 'config_key': 'sys_web_clause', 'config_value': 'https://github.com/fastapiadmin/FastapiAdmin/blob/master/LICENSE', 'config_type': True}, {'id': 7, 'uuid': '874a8241-64a4-4118-b227-c440f7d065e1', 'status': '0', 'description': '初始化数据', 'created_time': '2026-05-28 13:54:50', 'updated_time': '2026-05-28 13:54:50', 'is_deleted': False, 'deleted_time': None, 'config_name': '备案信息', 'config_key': 'sys_keep_record', 'config_value': '陕ICP备2025069493号-1', 'config_type': True}, {'id': 1, 'uuid': '7703e8ce-bc19-4c6a-9d95-0e0b94bb1bbc', 'status': '0', 'description': '初始化数据', 'created_time': '2026-05-28 13:54:50', 'updated_time': '2026-05-28 13:54:50', 'is_deleted': False, 'deleted_time': None, 'config_name': '网站名称', 'config_key': 'sys_web_title', 'config_value': '嘉期新媒体科技CRM', 'config_type': True}, {'id': 4, 'uuid': '5d670058-6674-47ce-911b-5ed1ded0c7cb', 'status': '0', 'description': '初始化数据', 'created_time': '2026-05-28 13:54:50', 'updated_time': '2026-05-28 13:54:50', 'is_deleted': False, 'deleted_time': None, 'config_name': '网站Logo', 'config_key': 'sys_web_logo', 'config_value': '/api/v1/static/image/logo.png', 'config_type': True}, {'id': 16, 'uuid': '7a2bbbe6-30c6-40b9-8a0a-2a387fc17ccf', 'status': '0', 'description': '初始化数据', 'created_time': '2026-05-28 13:54:50', 'updated_time': '2026-05-28 13:54:50', 'is_deleted': False, 'deleted_time': None, 'config_name': '访问IP黑名单', 'config_key': 'ip_black_list', 'config_value': '[]', 'config_type': True}, {'id': 5, 'uuid': '64363cd6-75cc-40f2-a8b6-1e98112bdcd3', 'status': '0', 'description': '初始化数据', 'created_time': '2026-05-28 13:54:50', 'updated_time': '2026-05-28 13:54:50', 'is_deleted': False, 'deleted_time': None, 'config_name': '登录背景', 'config_key': 'sys_login_background', 'config_value': 'https://service.fastapiadmin.com/api/v1/static/image/background.svg', 'config_type': True}, {'id': 14, 'uuid': 'ff4574d4-c611-4637-88b0-92ed76347995', 'status': '0', 'description': '初始化数据', 'created_time': '2026-05-28 13:54:50', 'updated_time': '2026-05-28 13:54:50', 'is_deleted': False, 'deleted_time': None, 'config_name': '演示访问IP白名单', 'config_key': 'ip_white_list', 'config_value': '["127.0.0.1"]', 'config_type': True}, {'id': 8, 'uuid': 'f8aef1af-405e-400f-8610-ae0b25ed6e38', 'status': '0', 'description': '初始化数据', 'created_time': '2026-05-28 13:54:50', 'updated_time': '2026-05-28 13:54:50', 'is_deleted': False, 'deleted_time': None, 'config_name': '帮助文档', 'config_key': 'sys_help_doc', 'config_value': 'https://service.fastapiadmin.com', 'config_type': True}, {'id': 9, 'uuid': '6f210f47-7c9d-4544-b33c-1f8a3b3ec68c', 'status': '0', 'description': '初始化数据', 'created_time': '2026-05-28 13:54:50', 'updated_time': '2026-05-28 13:54:50', 'is_deleted': False, 'deleted_time': None, 'config_name': '隐私政策', 'config_key': 'sys_web_privacy', 'config_value': 'https://github.com/fastapiadmin/FastapiAdmin/blob/master/LICENSE', 'config_type': True}, {'id': 3, 'uuid': 'fbed94cd-159f-485a-befb-86039b2280a6', 'status': '0', 'description': '初始化数据', 'created_time': '2026-05-28 13:54:50', 'updated_time': '2026-05-28 13:54:50', 'is_deleted': False, 'deleted_time': None, 'config_name': '网页图标', 'config_key': 'sys_web_favicon', 'config_value': '/api/v1/static/image/favicon.png', 'config_type': True}, {'id': 6, 'uuid': 'ed22bf5f-4d2d-4c3c-a368-2901c51836dc', 'status': '0', 'description': '初始化数据', 'created_time': '2026-05-28 13:54:50', 'updated_time': '2026-05-28 13:54:50', 'is_deleted': False, 'deleted_time': None, 'config_name': '版权信息', 'config_key': 'sys_web_copyright', 'config_value': 'Copyright © 2025-2026 service.fastapiadmin.com 版权所有', 'config_type': True}, {'id': 17, 'uuid': '74e27d3b-5cff-48da-a9e5-126385c4bbfc', 'status': '0', 'description': None, 'created_time': '2026-05-28 15:10:40', 'updated_time': '2026-05-28 15:10:40', 'is_deleted': False, 'deleted_time': None, 'config_name': '调度器状态', 'config_key': 'scheduler_status', 'config_value': 'stopped', 'config_type': True}, {'id': 15, 'uuid': 'a0831a35-52ac-4449-9620-93c03b8c85d8', 'status': '0', 'description': '初始化数据', 'created_time': '2026-05-28 13:54:50', 'updated_time': '2026-05-28 13:54:50', 'is_deleted': False, 'deleted_time': None, 'config_name': '接口白名单', 'config_key': 'white_api_list_path', 'config_value': '["/api/v1/system/auth/login", "/api/v1/system/auth/token/refresh", "/api/v1/system/auth/captcha/get", "/api/v1/system/auth/logout", "/api/v1/system/config/info", "/api/v1/system/user/current/info", "/api/v1/system/notice/available", "/api/v1/system/auth/auto-login/users", "/api/v1/system/auth/auto-login/token", "/api/v1/system/auth/auto-login"]', 'config_type': True}]
2026-06-01 09:25:49.943 | INFO     | app.core.middlewares:dispatch:197 - 响应状态: 200, 响应内容长度: 1511, 处理时间: 6.93ms
2026-06-01 09:25:50.000 | INFO     | app.api.v1.module_system.notice.controller:get_obj_list_available_controller:231 - 查询已启用公告列表成功
2026-06-01 09:25:50.001 | INFO     | app.core.middlewares:dispatch:197 - 响应状态: 200, 响应内容长度: 159, 处理时间: 66.03ms
2026-06-01 09:25:53.142 | INFO     | app.core.middlewares:dispatch:109 - 请求来源: 127.0.0.1,请求方法: GET,请求路径: /api/v1/salesmanagement/marketing_resources/list
2026-06-01 09:25:53.146 | INFO     | app.core.middlewares:dispatch:109 - 请求来源: 127.0.0.1,请求方法: GET,请求路径: /api/v1/system/dict/data/info/crm_marketing_resources_importance
2026-06-01 09:25:53.147 | INFO     | app.api.v1.module_system.dict.controller:get_init_dict_data_controller:526 - 获取初始化字典数据成功：[{'id': 35, 'uuid': '9beace41-c470-4a92-b0bb-4cce9c51df78', 'status': '0', 'description': None, 'created_time': '2026-06-01 09:15:48', 'updated_time': '2026-06-01 09:15:48', 'is_deleted': False, 'deleted_time': None, 'dict_sort': 1, 'dict_label': '普通', 'dict_value': 'normal', 'dict_type': 'crm_marketing_resources_importance', 'dict_type_id': 11, 'css_class': None, 'list_class': None, 'is_default': True}, {'id': 36, 'uuid': 'b125da0a-0c07-40de-8af4-3c4f8db74cca', 'status': '0', 'description': None, 'created_time': '2026-06-01 09:15:48', 'updated_time': '2026-06-01 09:15:48', 'is_deleted': False, 'deleted_time': None, 'dict_sort': 2, 'dict_label': '紧急', 'dict_value': 'urgent', 'dict_type': 'crm_marketing_resources_importance', 'dict_type_id': 11, 'css_class': None, 'list_class': None, 'is_default': False}]
2026-06-01 09:25:53.147 | INFO     | app.core.middlewares:dispatch:197 - 响应状态: 200, 响应内容长度: 853, 处理时间: 1.7ms
2026-06-01 09:25:53.221 | INFO     | app.plugin.module_salesmanagement.marketing_resources.controller:get_marketing_resource_list_controller:66 - 查询营销资源列表成功
2026-06-01 09:25:53.225 | INFO     | app.core.middlewares:dispatch:197 - 响应状态: 200, 响应内容长度: 1558, 处理时间: 82.6ms
2026-06-01 09:25:53.232 | INFO     | app.core.middlewares:dispatch:109 - 请求来源: 127.0.0.1,请求方法: GET,请求路径: /api/v1/salesmanagement/marketing_resources/list
2026-06-01 09:25:53.297 | INFO     | app.plugin.module_salesmanagement.marketing_resources.controller:get_marketing_resource_list_controller:66 - 查询营销资源列表成功
2026-06-01 09:25:53.300 | INFO     | app.core.middlewares:dispatch:197 - 响应状态: 200, 响应内容长度: 1558, 处理时间: 67.56ms
2026-06-01 09:26:35.846 | INFO     | app.core.middlewares:dispatch:109 - 请求来源: 127.0.0.1,请求方法: POST,请求路径: /api/v1/system/auth/logout
2026-06-01 09:26:35.865 | INFO     | app.api.v1.module_system.auth.service:logout_service:324 - 用户退出登录成功,会话编号:e665c58f-f34d-46b4-a016-3d59f8077c9e
2026-06-01 09:26:35.865 | INFO     | app.api.v1.module_system.auth.controller:logout_controller:155 - 退出成功
2026-06-01 09:26:35.873 | INFO     | app.core.middlewares:dispatch:197 - 响应状态: 200, 响应内容长度: 76, 处理时间: 27.43ms
2026-06-01 09:26:35.954 | INFO     | app.core.middlewares:dispatch:109 - 请求来源: 127.0.0.1,请求方法: GET,请求路径: /api/v1/system/auth/captcha/get
2026-06-01 09:26:35.954 | INFO     | app.core.middlewares:dispatch:109 - 请求来源: 127.0.0.1,请求方法: GET,请求路径: /api/v1/system/auth/auto-login/users
2026-06-01 09:26:35.964 | INFO     | app.api.v1.module_system.auth.service:get_captcha_service:361 - 生成验证码成功,验证码:9
2026-06-01 09:26:35.964 | INFO     | app.api.v1.module_system.auth.controller:get_captcha_for_login_controller:127 - 获取验证码成功
2026-06-01 09:26:35.966 | INFO     | app.core.middlewares:dispatch:197 - 响应状态: 200, 响应内容长度: 1771, 处理时间: 12.46ms
2026-06-01 09:26:36.051 | INFO     | app.core.middlewares:dispatch:197 - 响应状态: 200, 响应内容长度: 687, 处理时间: 96.14ms
2026-06-01 09:26:47.434 | INFO     | app.core.middlewares:dispatch:109 - 请求来源: 127.0.0.1,请求方法: POST,请求路径: /api/v1/system/auth/auto-login/token
2026-06-01 09:26:47.447 | INFO     | app.api.v1.module_system.auth.service:create_auto_login_token_service:498 - 创建免登录Token成功,用户:admin
2026-06-01 09:26:47.452 | INFO     | app.core.middlewares:dispatch:197 - 响应状态: 200, 响应内容长度: 242, 处理时间: 18.56ms
2026-06-01 09:26:47.459 | INFO     | app.core.middlewares:dispatch:109 - 请求来源: 127.0.0.1,请求方法: POST,请求路径: /api/v1/system/auth/auto-login
2026-06-01 09:26:47.466 | INFO     | app.api.v1.module_system.auth.service:create_token_service:160 - 用户ID: 1, 用户名: admin 正在生成JWT令牌
2026-06-01 09:26:47.466 | INFO     | app.api.v1.module_system.auth.service:auto_login_service:562 - 用户admin免登录成功
2026-06-01 09:26:47.466 | INFO     | app.api.v1.module_system.auth.controller:auto_login_controller:237 - 用户免登录成功
2026-06-01 09:26:47.470 | INFO     | app.core.middlewares:dispatch:197 - 响应状态: 200, 响应内容长度: 604, 处理时间: 11.15ms
2026-06-01 09:26:47.476 | INFO     | app.core.middlewares:dispatch:109 - 请求来源: 127.0.0.1,请求方法: GET,请求路径: /api/v1/system/user/current/info
2026-06-01 09:26:47.503 | INFO     | app.api.v1.module_system.user.controller:get_current_user_info_controller:52 - 获取当前用户信息成功
2026-06-01 09:26:47.508 | INFO     | app.core.middlewares:dispatch:197 - 响应状态: 200, 响应内容长度: 4306, 处理时间: 32.97ms
2026-06-01 09:26:47.631 | INFO     | app.core.middlewares:dispatch:109 - 请求来源: 127.0.0.1,请求方法: GET,请求路径: /api/v1/system/param/info
2026-06-01 09:26:47.632 | INFO     | app.core.middlewares:dispatch:109 - 请求来源: 127.0.0.1,请求方法: GET,请求路径: /api/v1/system/notice/available
2026-06-01 09:26:47.644 | INFO     | app.api.v1.module_system.params.controller:get_init_obj_controller:286 - 获取初始化缓存参数成功 [{'id': 13, 'uuid': '67da0f23-d1cd-4df2-8314-26ba1d427d0a', 'status': '0', 'description': '初始化数据', 'created_time': '2026-05-28 13:54:50', 'updated_time': '2026-05-28 13:54:50', 'is_deleted': False, 'deleted_time': None, 'config_name': '演示模式启用', 'config_key': 'demo_enable', 'config_value': 'false', 'config_type': True}, {'id': 11, 'uuid': 'd65e0ca0-9a9c-437d-8fc2-b50bd548d088', 'status': '0', 'description': '初始化数据', 'created_time': '2026-05-28 13:54:50', 'updated_time': '2026-05-28 13:54:50', 'is_deleted': False, 'deleted_time': None, 'config_name': '源码代码', 'config_key': 'sys_git_code', 'config_value': 'https://github.com/fastapiadmin/FastapiAdmin.git', 'config_type': True}, {'id': 2, 'uuid': '34a2d16c-5121-4e17-9ac6-0373d6f42372', 'status': '0', 'description': '初始化数据', 'created_time': '2026-05-28 13:54:50', 'updated_time': '2026-05-28 13:54:50', 'is_deleted': False, 'deleted_time': None, 'config_name': '网站描述', 'config_key': 'sys_web_description', 'config_value': '嘉期新媒体科技CRM管理系统', 'config_type': True}, {'id': 12, 'uuid': '0ea7cd7e-b931-4ff8-96b9-ab7be4334099', 'status': '0', 'description': '初始化数据', 'created_time': '2026-05-28 13:54:50', 'updated_time': '2026-05-28 13:54:50', 'is_deleted': False, 'deleted_time': None, 'config_name': '项目版本', 'config_key': 'sys_web_version', 'config_value': '2.0.0', 'config_type': True}, {'id': 10, 'uuid': 'ef0c96df-11d2-42c1-95ea-6544ce3ff21a', 'status': '0', 'description': '初始化数据', 'created_time': '2026-05-28 13:54:50', 'updated_time': '2026-05-28 13:54:50', 'is_deleted': False, 'deleted_time': None, 'config_name': '用户协议', 'config_key': 'sys_web_clause', 'config_value': 'https://github.com/fastapiadmin/FastapiAdmin/blob/master/LICENSE', 'config_type': True}, {'id': 7, 'uuid': '874a8241-64a4-4118-b227-c440f7d065e1', 'status': '0', 'description': '初始化数据', 'created_time': '2026-05-28 13:54:50', 'updated_time': '2026-05-28 13:54:50', 'is_deleted': False, 'deleted_time': None, 'config_name': '备案信息', 'config_key': 'sys_keep_record', 'config_value': '陕ICP备2025069493号-1', 'config_type': True}, {'id': 1, 'uuid': '7703e8ce-bc19-4c6a-9d95-0e0b94bb1bbc', 'status': '0', 'description': '初始化数据', 'created_time': '2026-05-28 13:54:50', 'updated_time': '2026-05-28 13:54:50', 'is_deleted': False, 'deleted_time': None, 'config_name': '网站名称', 'config_key': 'sys_web_title', 'config_value': '嘉期新媒体科技CRM', 'config_type': True}, {'id': 4, 'uuid': '5d670058-6674-47ce-911b-5ed1ded0c7cb', 'status': '0', 'description': '初始化数据', 'created_time': '2026-05-28 13:54:50', 'updated_time': '2026-05-28 13:54:50', 'is_deleted': False, 'deleted_time': None, 'config_name': '网站Logo', 'config_key': 'sys_web_logo', 'config_value': '/api/v1/static/image/logo.png', 'config_type': True}, {'id': 16, 'uuid': '7a2bbbe6-30c6-40b9-8a0a-2a387fc17ccf', 'status': '0', 'description': '初始化数据', 'created_time': '2026-05-28 13:54:50', 'updated_time': '2026-05-28 13:54:50', 'is_deleted': False, 'deleted_time': None, 'config_name': '访问IP黑名单', 'config_key': 'ip_black_list', 'config_value': '[]', 'config_type': True}, {'id': 5, 'uuid': '64363cd6-75cc-40f2-a8b6-1e98112bdcd3', 'status': '0', 'description': '初始化数据', 'created_time': '2026-05-28 13:54:50', 'updated_time': '2026-05-28 13:54:50', 'is_deleted': False, 'deleted_time': None, 'config_name': '登录背景', 'config_key': 'sys_login_background', 'config_value': 'https://service.fastapiadmin.com/api/v1/static/image/background.svg', 'config_type': True}, {'id': 14, 'uuid': 'ff4574d4-c611-4637-88b0-92ed76347995', 'status': '0', 'description': '初始化数据', 'created_time': '2026-05-28 13:54:50', 'updated_time': '2026-05-28 13:54:50', 'is_deleted': False, 'deleted_time': None, 'config_name': '演示访问IP白名单', 'config_key': 'ip_white_list', 'config_value': '["127.0.0.1"]', 'config_type': True}, {'id': 8, 'uuid': 'f8aef1af-405e-400f-8610-ae0b25ed6e38', 'status': '0', 'description': '初始化数据', 'created_time': '2026-05-28 13:54:50', 'updated_time': '2026-05-28 13:54:50', 'is_deleted': False, 'deleted_time': None, 'config_name': '帮助文档', 'config_key': 'sys_help_doc', 'config_value': 'https://service.fastapiadmin.com', 'config_type': True}, {'id': 9, 'uuid': '6f210f47-7c9d-4544-b33c-1f8a3b3ec68c', 'status': '0', 'description': '初始化数据', 'created_time': '2026-05-28 13:54:50', 'updated_time': '2026-05-28 13:54:50', 'is_deleted': False, 'deleted_time': None, 'config_name': '隐私政策', 'config_key': 'sys_web_privacy', 'config_value': 'https://github.com/fastapiadmin/FastapiAdmin/blob/master/LICENSE', 'config_type': True}, {'id': 3, 'uuid': 'fbed94cd-159f-485a-befb-86039b2280a6', 'status': '0', 'description': '初始化数据', 'created_time': '2026-05-28 13:54:50', 'updated_time': '2026-05-28 13:54:50', 'is_deleted': False, 'deleted_time': None, 'config_name': '网页图标', 'config_key': 'sys_web_favicon', 'config_value': '/api/v1/static/image/favicon.png', 'config_type': True}, {'id': 6, 'uuid': 'ed22bf5f-4d2d-4c3c-a368-2901c51836dc', 'status': '0', 'description': '初始化数据', 'created_time': '2026-05-28 13:54:50', 'updated_time': '2026-05-28 13:54:50', 'is_deleted': False, 'deleted_time': None, 'config_name': '版权信息', 'config_key': 'sys_web_copyright', 'config_value': 'Copyright © 2025-2026 service.fastapiadmin.com 版权所有', 'config_type': True}, {'id': 17, 'uuid': '74e27d3b-5cff-48da-a9e5-126385c4bbfc', 'status': '0', 'description': None, 'created_time': '2026-05-28 15:10:40', 'updated_time': '2026-05-28 15:10:40', 'is_deleted': False, 'deleted_time': None, 'config_name': '调度器状态', 'config_key': 'scheduler_status', 'config_value': 'stopped', 'config_type': True}, {'id': 15, 'uuid': 'a0831a35-52ac-4449-9620-93c03b8c85d8', 'status': '0', 'description': '初始化数据', 'created_time': '2026-05-28 13:54:50', 'updated_time': '2026-05-28 13:54:50', 'is_deleted': False, 'deleted_time': None, 'config_name': '接口白名单', 'config_key': 'white_api_list_path', 'config_value': '["/api/v1/system/auth/login", "/api/v1/system/auth/token/refresh", "/api/v1/system/auth/captcha/get", "/api/v1/system/auth/logout", "/api/v1/system/config/info", "/api/v1/system/user/current/info", "/api/v1/system/notice/available", "/api/v1/system/auth/auto-login/users", "/api/v1/system/auth/auto-login/token", "/api/v1/system/auth/auto-login"]', 'config_type': True}]
2026-06-01 09:26:47.645 | INFO     | app.core.middlewares:dispatch:197 - 响应状态: 200, 响应内容长度: 1511, 处理时间: 14.02ms
2026-06-01 09:26:47.669 | INFO     | app.api.v1.module_system.notice.controller:get_obj_list_available_controller:231 - 查询已启用公告列表成功
2026-06-01 09:26:47.672 | INFO     | app.core.middlewares:dispatch:197 - 响应状态: 200, 响应内容长度: 159, 处理时间: 40.64ms
2026-06-01 09:26:51.924 | INFO     | app.core.middlewares:dispatch:109 - 请求来源: 127.0.0.1,请求方法: GET,请求路径: /api/v1/system/dept/tree
2026-06-01 09:26:51.937 | INFO     | app.core.middlewares:dispatch:109 - 请求来源: 127.0.0.1,请求方法: GET,请求路径: /api/v1/system/user/list
2026-06-01 09:26:51.977 | INFO     | app.api.v1.module_system.dept.controller:get_dept_tree_controller:46 - 查询部门树成功
2026-06-01 09:26:51.981 | INFO     | app.core.middlewares:dispatch:197 - 响应状态: 200, 响应内容长度: 566, 处理时间: 57.16ms
2026-06-01 09:26:52.044 | INFO     | app.api.v1.module_system.user.controller:get_obj_list_controller:234 - 查询用户成功
2026-06-01 09:26:52.071 | INFO     | app.core.middlewares:dispatch:197 - 响应状态: 200, 响应内容长度: 7905, 处理时间: 134.69ms
2026-06-01 09:26:54.793 | INFO     | app.core.middlewares:dispatch:109 - 请求来源: 127.0.0.1,请求方法: GET,请求路径: /api/v1/system/dept/tree
2026-06-01 09:26:54.825 | INFO     | app.api.v1.module_system.dept.controller:get_dept_tree_controller:46 - 查询部门树成功
2026-06-01 09:26:54.827 | INFO     | app.core.middlewares:dispatch:197 - 响应状态: 200, 响应内容长度: 566, 处理时间: 33.95ms
2026-06-01 09:26:54.836 | INFO     | app.core.middlewares:dispatch:109 - 请求来源: 127.0.0.1,请求方法: GET,请求路径: /api/v1/system/role/list
2026-06-01 09:26:54.850 | INFO     | app.api.v1.module_system.role.controller:get_obj_list_controller:59 - 查询角色成功
2026-06-01 09:26:54.854 | INFO     | app.core.middlewares:dispatch:197 - 响应状态: 200, 响应内容长度: 3520, 处理时间: 17.69ms
2026-06-01 09:26:54.861 | INFO     | app.core.middlewares:dispatch:109 - 请求来源: 127.0.0.1,请求方法: GET,请求路径: /api/v1/system/position/list
2026-06-01 09:26:54.885 | INFO     | app.api.v1.module_system.position.controller:get_obj_list_controller:58 - 查询岗位列表成功
2026-06-01 09:26:54.888 | INFO     | app.core.middlewares:dispatch:197 - 响应状态: 200, 响应内容长度: 557, 处理时间: 27.69ms
2026-06-01 09:27:03.954 | INFO     | app.core.middlewares:dispatch:109 - 请求来源: 127.0.0.1,请求方法: GET,请求路径: /api/v1/system/param/info
2026-06-01 09:27:03.959 | INFO     | app.api.v1.module_system.params.controller:get_init_obj_controller:286 - 获取初始化缓存参数成功 [{'id': 13, 'uuid': '67da0f23-d1cd-4df2-8314-26ba1d427d0a', 'status': '0', 'description': '初始化数据', 'created_time': '2026-05-28 13:54:50', 'updated_time': '2026-05-28 13:54:50', 'is_deleted': False, 'deleted_time': None, 'config_name': '演示模式启用', 'config_key': 'demo_enable', 'config_value': 'false', 'config_type': True}, {'id': 11, 'uuid': 'd65e0ca0-9a9c-437d-8fc2-b50bd548d088', 'status': '0', 'description': '初始化数据', 'created_time': '2026-05-28 13:54:50', 'updated_time': '2026-05-28 13:54:50', 'is_deleted': False, 'deleted_time': None, 'config_name': '源码代码', 'config_key': 'sys_git_code', 'config_value': 'https://github.com/fastapiadmin/FastapiAdmin.git', 'config_type': True}, {'id': 2, 'uuid': '34a2d16c-5121-4e17-9ac6-0373d6f42372', 'status': '0', 'description': '初始化数据', 'created_time': '2026-05-28 13:54:50', 'updated_time': '2026-05-28 13:54:50', 'is_deleted': False, 'deleted_time': None, 'config_name': '网站描述', 'config_key': 'sys_web_description', 'config_value': '嘉期新媒体科技CRM管理系统', 'config_type': True}, {'id': 12, 'uuid': '0ea7cd7e-b931-4ff8-96b9-ab7be4334099', 'status': '0', 'description': '初始化数据', 'created_time': '2026-05-28 13:54:50', 'updated_time': '2026-05-28 13:54:50', 'is_deleted': False, 'deleted_time': None, 'config_name': '项目版本', 'config_key': 'sys_web_version', 'config_value': '2.0.0', 'config_type': True}, {'id': 10, 'uuid': 'ef0c96df-11d2-42c1-95ea-6544ce3ff21a', 'status': '0', 'description': '初始化数据', 'created_time': '2026-05-28 13:54:50', 'updated_time': '2026-05-28 13:54:50', 'is_deleted': False, 'deleted_time': None, 'config_name': '用户协议', 'config_key': 'sys_web_clause', 'config_value': 'https://github.com/fastapiadmin/FastapiAdmin/blob/master/LICENSE', 'config_type': True}, {'id': 7, 'uuid': '874a8241-64a4-4118-b227-c440f7d065e1', 'status': '0', 'description': '初始化数据', 'created_time': '2026-05-28 13:54:50', 'updated_time': '2026-05-28 13:54:50', 'is_deleted': False, 'deleted_time': None, 'config_name': '备案信息', 'config_key': 'sys_keep_record', 'config_value': '陕ICP备2025069493号-1', 'config_type': True}, {'id': 1, 'uuid': '7703e8ce-bc19-4c6a-9d95-0e0b94bb1bbc', 'status': '0', 'description': '初始化数据', 'created_time': '2026-05-28 13:54:50', 'updated_time': '2026-05-28 13:54:50', 'is_deleted': False, 'deleted_time': None, 'config_name': '网站名称', 'config_key': 'sys_web_title', 'config_value': '嘉期新媒体科技CRM', 'config_type': True}, {'id': 4, 'uuid': '5d670058-6674-47ce-911b-5ed1ded0c7cb', 'status': '0', 'description': '初始化数据', 'created_time': '2026-05-28 13:54:50', 'updated_time': '2026-05-28 13:54:50', 'is_deleted': False, 'deleted_time': None, 'config_name': '网站Logo', 'config_key': 'sys_web_logo', 'config_value': '/api/v1/static/image/logo.png', 'config_type': True}, {'id': 16, 'uuid': '7a2bbbe6-30c6-40b9-8a0a-2a387fc17ccf', 'status': '0', 'description': '初始化数据', 'created_time': '2026-05-28 13:54:50', 'updated_time': '2026-05-28 13:54:50', 'is_deleted': False, 'deleted_time': None, 'config_name': '访问IP黑名单', 'config_key': 'ip_black_list', 'config_value': '[]', 'config_type': True}, {'id': 5, 'uuid': '64363cd6-75cc-40f2-a8b6-1e98112bdcd3', 'status': '0', 'description': '初始化数据', 'created_time': '2026-05-28 13:54:50', 'updated_time': '2026-05-28 13:54:50', 'is_deleted': False, 'deleted_time': None, 'config_name': '登录背景', 'config_key': 'sys_login_background', 'config_value': 'https://service.fastapiadmin.com/api/v1/static/image/background.svg', 'config_type': True}, {'id': 14, 'uuid': 'ff4574d4-c611-4637-88b0-92ed76347995', 'status': '0', 'description': '初始化数据', 'created_time': '2026-05-28 13:54:50', 'updated_time': '2026-05-28 13:54:50', 'is_deleted': False, 'deleted_time': None, 'config_name': '演示访问IP白名单', 'config_key': 'ip_white_list', 'config_value': '["127.0.0.1"]', 'config_type': True}, {'id': 8, 'uuid': 'f8aef1af-405e-400f-8610-ae0b25ed6e38', 'status': '0', 'description': '初始化数据', 'created_time': '2026-05-28 13:54:50', 'updated_time': '2026-05-28 13:54:50', 'is_deleted': False, 'deleted_time': None, 'config_name': '帮助文档', 'config_key': 'sys_help_doc', 'config_value': 'https://service.fastapiadmin.com', 'config_type': True}, {'id': 9, 'uuid': '6f210f47-7c9d-4544-b33c-1f8a3b3ec68c', 'status': '0', 'description': '初始化数据', 'created_time': '2026-05-28 13:54:50', 'updated_time': '2026-05-28 13:54:50', 'is_deleted': False, 'deleted_time': None, 'config_name': '隐私政策', 'config_key': 'sys_web_privacy', 'config_value': 'https://github.com/fastapiadmin/FastapiAdmin/blob/master/LICENSE', 'config_type': True}, {'id': 3, 'uuid': 'fbed94cd-159f-485a-befb-86039b2280a6', 'status': '0', 'description': '初始化数据', 'created_time': '2026-05-28 13:54:50', 'updated_time': '2026-05-28 13:54:50', 'is_deleted': False, 'deleted_time': None, 'config_name': '网页图标', 'config_key': 'sys_web_favicon', 'config_value': '/api/v1/static/image/favicon.png', 'config_type': True}, {'id': 6, 'uuid': 'ed22bf5f-4d2d-4c3c-a368-2901c51836dc', 'status': '0', 'description': '初始化数据', 'created_time': '2026-05-28 13:54:50', 'updated_time': '2026-05-28 13:54:50', 'is_deleted': False, 'deleted_time': None, 'config_name': '版权信息', 'config_key': 'sys_web_copyright', 'config_value': 'Copyright © 2025-2026 service.fastapiadmin.com 版权所有', 'config_type': True}, {'id': 17, 'uuid': '74e27d3b-5cff-48da-a9e5-126385c4bbfc', 'status': '0', 'description': None, 'created_time': '2026-05-28 15:10:40', 'updated_time': '2026-05-28 15:10:40', 'is_deleted': False, 'deleted_time': None, 'config_name': '调度器状态', 'config_key': 'scheduler_status', 'config_value': 'stopped', 'config_type': True}, {'id': 15, 'uuid': 'a0831a35-52ac-4449-9620-93c03b8c85d8', 'status': '0', 'description': '初始化数据', 'created_time': '2026-05-28 13:54:50', 'updated_time': '2026-05-28 13:54:50', 'is_deleted': False, 'deleted_time': None, 'config_name': '接口白名单', 'config_key': 'white_api_list_path', 'config_value': '["/api/v1/system/auth/login", "/api/v1/system/auth/token/refresh", "/api/v1/system/auth/captcha/get", "/api/v1/system/auth/logout", "/api/v1/system/config/info", "/api/v1/system/user/current/info", "/api/v1/system/notice/available", "/api/v1/system/auth/auto-login/users", "/api/v1/system/auth/auto-login/token", "/api/v1/system/auth/auto-login"]', 'config_type': True}]
2026-06-01 09:27:03.960 | INFO     | app.core.middlewares:dispatch:197 - 响应状态: 200, 响应内容长度: 1511, 处理时间: 6.75ms
2026-06-01 09:27:04.526 | INFO     | app.core.middlewares:dispatch:109 - 请求来源: 127.0.0.1,请求方法: GET,请求路径: /api/v1/static/image/logo.png
2026-06-01 09:27:04.528 | INFO     | app.core.middlewares:dispatch:197 - 响应状态: 304, 响应内容长度: 0, 处理时间: 1.59ms
2026-06-01 09:27:04.571 | INFO     | app.core.middlewares:dispatch:109 - 请求来源: 127.0.0.1,请求方法: GET,请求路径: /api/v1/system/notice/available
2026-06-01 09:27:04.571 | INFO     | app.core.middlewares:dispatch:109 - 请求来源: 127.0.0.1,请求方法: GET,请求路径: /api/v1/system/param/info
2026-06-01 09:27:04.573 | ERROR    | app.core.exceptions:CustomExceptionHandler:80 - [自定义异常] GET /api/v1/system/notice/available | 错误码: 10401 | 错误信息: 认证已过期,请重新登录 | 详情: None
2026-06-01 09:27:04.573 | INFO     | app.core.middlewares:dispatch:197 - 响应状态: 401, 响应内容长度: 100, 处理时间: 2.58ms
2026-06-01 09:27:04.574 | INFO     | app.api.v1.module_system.params.controller:get_init_obj_controller:286 - 获取初始化缓存参数成功 [{'id': 13, 'uuid': '67da0f23-d1cd-4df2-8314-26ba1d427d0a', 'status': '0', 'description': '初始化数据', 'created_time': '2026-05-28 13:54:50', 'updated_time': '2026-05-28 13:54:50', 'is_deleted': False, 'deleted_time': None, 'config_name': '演示模式启用', 'config_key': 'demo_enable', 'config_value': 'false', 'config_type': True}, {'id': 11, 'uuid': 'd65e0ca0-9a9c-437d-8fc2-b50bd548d088', 'status': '0', 'description': '初始化数据', 'created_time': '2026-05-28 13:54:50', 'updated_time': '2026-05-28 13:54:50', 'is_deleted': False, 'deleted_time': None, 'config_name': '源码代码', 'config_key': 'sys_git_code', 'config_value': 'https://github.com/fastapiadmin/FastapiAdmin.git', 'config_type': True}, {'id': 2, 'uuid': '34a2d16c-5121-4e17-9ac6-0373d6f42372', 'status': '0', 'description': '初始化数据', 'created_time': '2026-05-28 13:54:50', 'updated_time': '2026-05-28 13:54:50', 'is_deleted': False, 'deleted_time': None, 'config_name': '网站描述', 'config_key': 'sys_web_description', 'config_value': '嘉期新媒体科技CRM管理系统', 'config_type': True}, {'id': 12, 'uuid': '0ea7cd7e-b931-4ff8-96b9-ab7be4334099', 'status': '0', 'description': '初始化数据', 'created_time': '2026-05-28 13:54:50', 'updated_time': '2026-05-28 13:54:50', 'is_deleted': False, 'deleted_time': None, 'config_name': '项目版本', 'config_key': 'sys_web_version', 'config_value': '2.0.0', 'config_type': True}, {'id': 10, 'uuid': 'ef0c96df-11d2-42c1-95ea-6544ce3ff21a', 'status': '0', 'description': '初始化数据', 'created_time': '2026-05-28 13:54:50', 'updated_time': '2026-05-28 13:54:50', 'is_deleted': False, 'deleted_time': None, 'config_name': '用户协议', 'config_key': 'sys_web_clause', 'config_value': 'https://github.com/fastapiadmin/FastapiAdmin/blob/master/LICENSE', 'config_type': True}, {'id': 7, 'uuid': '874a8241-64a4-4118-b227-c440f7d065e1', 'status': '0', 'description': '初始化数据', 'created_time': '2026-05-28 13:54:50', 'updated_time': '2026-05-28 13:54:50', 'is_deleted': False, 'deleted_time': None, 'config_name': '备案信息', 'config_key': 'sys_keep_record', 'config_value': '陕ICP备2025069493号-1', 'config_type': True}, {'id': 1, 'uuid': '7703e8ce-bc19-4c6a-9d95-0e0b94bb1bbc', 'status': '0', 'description': '初始化数据', 'created_time': '2026-05-28 13:54:50', 'updated_time': '2026-05-28 13:54:50', 'is_deleted': False, 'deleted_time': None, 'config_name': '网站名称', 'config_key': 'sys_web_title', 'config_value': '嘉期新媒体科技CRM', 'config_type': True}, {'id': 4, 'uuid': '5d670058-6674-47ce-911b-5ed1ded0c7cb', 'status': '0', 'description': '初始化数据', 'created_time': '2026-05-28 13:54:50', 'updated_time': '2026-05-28 13:54:50', 'is_deleted': False, 'deleted_time': None, 'config_name': '网站Logo', 'config_key': 'sys_web_logo', 'config_value': '/api/v1/static/image/logo.png', 'config_type': True}, {'id': 16, 'uuid': '7a2bbbe6-30c6-40b9-8a0a-2a387fc17ccf', 'status': '0', 'description': '初始化数据', 'created_time': '2026-05-28 13:54:50', 'updated_time': '2026-05-28 13:54:50', 'is_deleted': False, 'deleted_time': None, 'config_name': '访问IP黑名单', 'config_key': 'ip_black_list', 'config_value': '[]', 'config_type': True}, {'id': 5, 'uuid': '64363cd6-75cc-40f2-a8b6-1e98112bdcd3', 'status': '0', 'description': '初始化数据', 'created_time': '2026-05-28 13:54:50', 'updated_time': '2026-05-28 13:54:50', 'is_deleted': False, 'deleted_time': None, 'config_name': '登录背景', 'config_key': 'sys_login_background', 'config_value': 'https://service.fastapiadmin.com/api/v1/static/image/background.svg', 'config_type': True}, {'id': 14, 'uuid': 'ff4574d4-c611-4637-88b0-92ed76347995', 'status': '0', 'description': '初始化数据', 'created_time': '2026-05-28 13:54:50', 'updated_time': '2026-05-28 13:54:50', 'is_deleted': False, 'deleted_time': None, 'config_name': '演示访问IP白名单', 'config_key': 'ip_white_list', 'config_value': '["127.0.0.1"]', 'config_type': True}, {'id': 8, 'uuid': 'f8aef1af-405e-400f-8610-ae0b25ed6e38', 'status': '0', 'description': '初始化数据', 'created_time': '2026-05-28 13:54:50', 'updated_time': '2026-05-28 13:54:50', 'is_deleted': False, 'deleted_time': None, 'config_name': '帮助文档', 'config_key': 'sys_help_doc', 'config_value': 'https://service.fastapiadmin.com', 'config_type': True}, {'id': 9, 'uuid': '6f210f47-7c9d-4544-b33c-1f8a3b3ec68c', 'status': '0', 'description': '初始化数据', 'created_time': '2026-05-28 13:54:50', 'updated_time': '2026-05-28 13:54:50', 'is_deleted': False, 'deleted_time': None, 'config_name': '隐私政策', 'config_key': 'sys_web_privacy', 'config_value': 'https://github.com/fastapiadmin/FastapiAdmin/blob/master/LICENSE', 'config_type': True}, {'id': 3, 'uuid': 'fbed94cd-159f-485a-befb-86039b2280a6', 'status': '0', 'description': '初始化数据', 'created_time': '2026-05-28 13:54:50', 'updated_time': '2026-05-28 13:54:50', 'is_deleted': False, 'deleted_time': None, 'config_name': '网页图标', 'config_key': 'sys_web_favicon', 'config_value': '/api/v1/static/image/favicon.png', 'config_type': True}, {'id': 6, 'uuid': 'ed22bf5f-4d2d-4c3c-a368-2901c51836dc', 'status': '0', 'description': '初始化数据', 'created_time': '2026-05-28 13:54:50', 'updated_time': '2026-05-28 13:54:50', 'is_deleted': False, 'deleted_time': None, 'config_name': '版权信息', 'config_key': 'sys_web_copyright', 'config_value': 'Copyright © 2025-2026 service.fastapiadmin.com 版权所有', 'config_type': True}, {'id': 17, 'uuid': '74e27d3b-5cff-48da-a9e5-126385c4bbfc', 'status': '0', 'description': None, 'created_time': '2026-05-28 15:10:40', 'updated_time': '2026-05-28 15:10:40', 'is_deleted': False, 'deleted_time': None, 'config_name': '调度器状态', 'config_key': 'scheduler_status', 'config_value': 'stopped', 'config_type': True}, {'id': 15, 'uuid': 'a0831a35-52ac-4449-9620-93c03b8c85d8', 'status': '0', 'description': '初始化数据', 'created_time': '2026-05-28 13:54:50', 'updated_time': '2026-05-28 13:54:50', 'is_deleted': False, 'deleted_time': None, 'config_name': '接口白名单', 'config_key': 'white_api_list_path', 'config_value': '["/api/v1/system/auth/login", "/api/v1/system/auth/token/refresh", "/api/v1/system/auth/captcha/get", "/api/v1/system/auth/logout", "/api/v1/system/config/info", "/api/v1/system/user/current/info", "/api/v1/system/notice/available", "/api/v1/system/auth/auto-login/users", "/api/v1/system/auth/auto-login/token", "/api/v1/system/auth/auto-login"]', 'config_type': True}]
2026-06-01 09:27:04.575 | INFO     | app.core.middlewares:dispatch:197 - 响应状态: 200, 响应内容长度: 1511, 处理时间: 3.51ms
2026-06-01 09:27:04.795 | INFO     | app.core.middlewares:dispatch:109 - 请求来源: 127.0.0.1,请求方法: GET,请求路径: /api/v1/system/auth/captcha/get
2026-06-01 09:27:04.795 | INFO     | app.core.middlewares:dispatch:109 - 请求来源: 127.0.0.1,请求方法: GET,请求路径: /api/v1/system/auth/auto-login/users
2026-06-01 09:27:04.814 | INFO     | app.api.v1.module_system.auth.service:get_captcha_service:361 - 生成验证码成功,验证码:4
2026-06-01 09:27:04.815 | INFO     | app.api.v1.module_system.auth.controller:get_captcha_for_login_controller:127 - 获取验证码成功
2026-06-01 09:27:04.815 | INFO     | app.core.middlewares:dispatch:197 - 响应状态: 200, 响应内容长度: 2179, 处理时间: 20.02ms
2026-06-01 09:27:04.824 | INFO     | app.core.middlewares:dispatch:197 - 响应状态: 200, 响应内容长度: 687, 处理时间: 29.15ms
2026-06-01 09:27:08.333 | INFO     | app.core.middlewares:dispatch:109 - 请求来源: 127.0.0.1,请求方法: POST,请求路径: /api/v1/system/auth/login
2026-06-01 09:27:08.337 | INFO     | app.api.v1.module_system.auth.service:check_captcha_service:404 - 验证码校验成功,key:6e2bf0c510d94179bc0fd65f45417fbf
2026-06-01 09:27:08.654 | INFO     | app.api.v1.module_system.auth.service:create_token_service:160 - 用户ID: 2, 用户名: cuizhangli_jiaqi 正在生成JWT令牌
2026-06-01 09:27:08.655 | INFO     | app.api.v1.module_system.auth.controller:login_for_access_token_controller:59 - 用户cuizhangli_jiaqi登录成功
2026-06-01 09:27:08.658 | INFO     | app.core.middlewares:dispatch:197 - 响应状态: 200, 响应内容长度: 604, 处理时间: 324.66ms
2026-06-01 09:27:08.694 | INFO     | app.core.middlewares:dispatch:109 - 请求来源: 127.0.0.1,请求方法: GET,请求路径: /api/v1/system/user/current/info
2026-06-01 09:27:08.728 | INFO     | app.api.v1.module_system.user.controller:get_current_user_info_controller:52 - 获取当前用户信息成功
2026-06-01 09:27:08.731 | INFO     | app.core.middlewares:dispatch:197 - 响应状态: 200, 响应内容长度: 3707, 处理时间: 37.71ms
2026-06-01 09:27:08.894 | INFO     | app.core.middlewares:dispatch:109 - 请求来源: 127.0.0.1,请求方法: GET,请求路径: /api/v1/system/notice/available
2026-06-01 09:27:08.895 | INFO     | app.core.middlewares:dispatch:109 - 请求来源: 127.0.0.1,请求方法: GET,请求路径: /api/v1/system/param/info
2026-06-01 09:27:08.896 | INFO     | app.api.v1.module_system.params.controller:get_init_obj_controller:286 - 获取初始化缓存参数成功 [{'id': 13, 'uuid': '67da0f23-d1cd-4df2-8314-26ba1d427d0a', 'status': '0', 'description': '初始化数据', 'created_time': '2026-05-28 13:54:50', 'updated_time': '2026-05-28 13:54:50', 'is_deleted': False, 'deleted_time': None, 'config_name': '演示模式启用', 'config_key': 'demo_enable', 'config_value': 'false', 'config_type': True}, {'id': 11, 'uuid': 'd65e0ca0-9a9c-437d-8fc2-b50bd548d088', 'status': '0', 'description': '初始化数据', 'created_time': '2026-05-28 13:54:50', 'updated_time': '2026-05-28 13:54:50', 'is_deleted': False, 'deleted_time': None, 'config_name': '源码代码', 'config_key': 'sys_git_code', 'config_value': 'https://github.com/fastapiadmin/FastapiAdmin.git', 'config_type': True}, {'id': 2, 'uuid': '34a2d16c-5121-4e17-9ac6-0373d6f42372', 'status': '0', 'description': '初始化数据', 'created_time': '2026-05-28 13:54:50', 'updated_time': '2026-05-28 13:54:50', 'is_deleted': False, 'deleted_time': None, 'config_name': '网站描述', 'config_key': 'sys_web_description', 'config_value': '嘉期新媒体科技CRM管理系统', 'config_type': True}, {'id': 12, 'uuid': '0ea7cd7e-b931-4ff8-96b9-ab7be4334099', 'status': '0', 'description': '初始化数据', 'created_time': '2026-05-28 13:54:50', 'updated_time': '2026-05-28 13:54:50', 'is_deleted': False, 'deleted_time': None, 'config_name': '项目版本', 'config_key': 'sys_web_version', 'config_value': '2.0.0', 'config_type': True}, {'id': 10, 'uuid': 'ef0c96df-11d2-42c1-95ea-6544ce3ff21a', 'status': '0', 'description': '初始化数据', 'created_time': '2026-05-28 13:54:50', 'updated_time': '2026-05-28 13:54:50', 'is_deleted': False, 'deleted_time': None, 'config_name': '用户协议', 'config_key': 'sys_web_clause', 'config_value': 'https://github.com/fastapiadmin/FastapiAdmin/blob/master/LICENSE', 'config_type': True}, {'id': 7, 'uuid': '874a8241-64a4-4118-b227-c440f7d065e1', 'status': '0', 'description': '初始化数据', 'created_time': '2026-05-28 13:54:50', 'updated_time': '2026-05-28 13:54:50', 'is_deleted': False, 'deleted_time': None, 'config_name': '备案信息', 'config_key': 'sys_keep_record', 'config_value': '陕ICP备2025069493号-1', 'config_type': True}, {'id': 1, 'uuid': '7703e8ce-bc19-4c6a-9d95-0e0b94bb1bbc', 'status': '0', 'description': '初始化数据', 'created_time': '2026-05-28 13:54:50', 'updated_time': '2026-05-28 13:54:50', 'is_deleted': False, 'deleted_time': None, 'config_name': '网站名称', 'config_key': 'sys_web_title', 'config_value': '嘉期新媒体科技CRM', 'config_type': True}, {'id': 4, 'uuid': '5d670058-6674-47ce-911b-5ed1ded0c7cb', 'status': '0', 'description': '初始化数据', 'created_time': '2026-05-28 13:54:50', 'updated_time': '2026-05-28 13:54:50', 'is_deleted': False, 'deleted_time': None, 'config_name': '网站Logo', 'config_key': 'sys_web_logo', 'config_value': '/api/v1/static/image/logo.png', 'config_type': True}, {'id': 16, 'uuid': '7a2bbbe6-30c6-40b9-8a0a-2a387fc17ccf', 'status': '0', 'description': '初始化数据', 'created_time': '2026-05-28 13:54:50', 'updated_time': '2026-05-28 13:54:50', 'is_deleted': False, 'deleted_time': None, 'config_name': '访问IP黑名单', 'config_key': 'ip_black_list', 'config_value': '[]', 'config_type': True}, {'id': 5, 'uuid': '64363cd6-75cc-40f2-a8b6-1e98112bdcd3', 'status': '0', 'description': '初始化数据', 'created_time': '2026-05-28 13:54:50', 'updated_time': '2026-05-28 13:54:50', 'is_deleted': False, 'deleted_time': None, 'config_name': '登录背景', 'config_key': 'sys_login_background', 'config_value': 'https://service.fastapiadmin.com/api/v1/static/image/background.svg', 'config_type': True}, {'id': 14, 'uuid': 'ff4574d4-c611-4637-88b0-92ed76347995', 'status': '0', 'description': '初始化数据', 'created_time': '2026-05-28 13:54:50', 'updated_time': '2026-05-28 13:54:50', 'is_deleted': False, 'deleted_time': None, 'config_name': '演示访问IP白名单', 'config_key': 'ip_white_list', 'config_value': '["127.0.0.1"]', 'config_type': True}, {'id': 8, 'uuid': 'f8aef1af-405e-400f-8610-ae0b25ed6e38', 'status': '0', 'description': '初始化数据', 'created_time': '2026-05-28 13:54:50', 'updated_time': '2026-05-28 13:54:50', 'is_deleted': False, 'deleted_time': None, 'config_name': '帮助文档', 'config_key': 'sys_help_doc', 'config_value': 'https://service.fastapiadmin.com', 'config_type': True}, {'id': 9, 'uuid': '6f210f47-7c9d-4544-b33c-1f8a3b3ec68c', 'status': '0', 'description': '初始化数据', 'created_time': '2026-05-28 13:54:50', 'updated_time': '2026-05-28 13:54:50', 'is_deleted': False, 'deleted_time': None, 'config_name': '隐私政策', 'config_key': 'sys_web_privacy', 'config_value': 'https://github.com/fastapiadmin/FastapiAdmin/blob/master/LICENSE', 'config_type': True}, {'id': 3, 'uuid': 'fbed94cd-159f-485a-befb-86039b2280a6', 'status': '0', 'description': '初始化数据', 'created_time': '2026-05-28 13:54:50', 'updated_time': '2026-05-28 13:54:50', 'is_deleted': False, 'deleted_time': None, 'config_name': '网页图标', 'config_key': 'sys_web_favicon', 'config_value': '/api/v1/static/image/favicon.png', 'config_type': True}, {'id': 6, 'uuid': 'ed22bf5f-4d2d-4c3c-a368-2901c51836dc', 'status': '0', 'description': '初始化数据', 'created_time': '2026-05-28 13:54:50', 'updated_time': '2026-05-28 13:54:50', 'is_deleted': False, 'deleted_time': None, 'config_name': '版权信息', 'config_key': 'sys_web_copyright', 'config_value': 'Copyright © 2025-2026 service.fastapiadmin.com 版权所有', 'config_type': True}, {'id': 17, 'uuid': '74e27d3b-5cff-48da-a9e5-126385c4bbfc', 'status': '0', 'description': None, 'created_time': '2026-05-28 15:10:40', 'updated_time': '2026-05-28 15:10:40', 'is_deleted': False, 'deleted_time': None, 'config_name': '调度器状态', 'config_key': 'scheduler_status', 'config_value': 'stopped', 'config_type': True}, {'id': 15, 'uuid': 'a0831a35-52ac-4449-9620-93c03b8c85d8', 'status': '0', 'description': '初始化数据', 'created_time': '2026-05-28 13:54:50', 'updated_time': '2026-05-28 13:54:50', 'is_deleted': False, 'deleted_time': None, 'config_name': '接口白名单', 'config_key': 'white_api_list_path', 'config_value': '["/api/v1/system/auth/login", "/api/v1/system/auth/token/refresh", "/api/v1/system/auth/captcha/get", "/api/v1/system/auth/logout", "/api/v1/system/config/info", "/api/v1/system/user/current/info", "/api/v1/system/notice/available", "/api/v1/system/auth/auto-login/users", "/api/v1/system/auth/auto-login/token", "/api/v1/system/auth/auto-login"]', 'config_type': True}]
2026-06-01 09:27:08.897 | INFO     | app.core.middlewares:dispatch:197 - 响应状态: 200, 响应内容长度: 1511, 处理时间: 2.38ms
2026-06-01 09:27:08.911 | INFO     | app.api.v1.module_system.notice.controller:get_obj_list_available_controller:231 - 查询已启用公告列表成功
2026-06-01 09:27:08.912 | INFO     | app.core.middlewares:dispatch:197 - 响应状态: 200, 响应内容长度: 159, 处理时间: 17.81ms
2026-06-01 09:27:31.861 | INFO     | app.core.middlewares:dispatch:109 - 请求来源: 127.0.0.1,请求方法: GET,请求路径: /api/v1/salesmanagement/marketing_resources/list
2026-06-01 09:27:31.873 | INFO     | app.core.middlewares:dispatch:109 - 请求来源: 127.0.0.1,请求方法: GET,请求路径: /api/v1/system/dict/data/info/crm_marketing_resources_importance
2026-06-01 09:27:31.876 | INFO     | app.api.v1.module_system.dict.controller:get_init_dict_data_controller:526 - 获取初始化字典数据成功：[{'id': 35, 'uuid': '9beace41-c470-4a92-b0bb-4cce9c51df78', 'status': '0', 'description': None, 'created_time': '2026-06-01 09:15:48', 'updated_time': '2026-06-01 09:15:48', 'is_deleted': False, 'deleted_time': None, 'dict_sort': 1, 'dict_label': '普通', 'dict_value': 'normal', 'dict_type': 'crm_marketing_resources_importance', 'dict_type_id': 11, 'css_class': None, 'list_class': None, 'is_default': True}, {'id': 36, 'uuid': 'b125da0a-0c07-40de-8af4-3c4f8db74cca', 'status': '0', 'description': None, 'created_time': '2026-06-01 09:15:48', 'updated_time': '2026-06-01 09:15:48', 'is_deleted': False, 'deleted_time': None, 'dict_sort': 2, 'dict_label': '紧急', 'dict_value': 'urgent', 'dict_type': 'crm_marketing_resources_importance', 'dict_type_id': 11, 'css_class': None, 'list_class': None, 'is_default': False}]
2026-06-01 09:27:31.876 | INFO     | app.core.middlewares:dispatch:197 - 响应状态: 200, 响应内容长度: 853, 处理时间: 3.03ms
2026-06-01 09:27:31.894 | INFO     | app.plugin.module_salesmanagement.marketing_resources.controller:get_marketing_resource_list_controller:66 - 查询营销资源列表成功
2026-06-01 09:27:31.896 | INFO     | app.core.middlewares:dispatch:197 - 响应状态: 200, 响应内容长度: 1558, 处理时间: 35.46ms
2026-06-01 09:27:31.906 | INFO     | app.core.middlewares:dispatch:109 - 请求来源: 127.0.0.1,请求方法: GET,请求路径: /api/v1/salesmanagement/marketing_resources/list
2026-06-01 09:27:31.935 | INFO     | app.plugin.module_salesmanagement.marketing_resources.controller:get_marketing_resource_list_controller:66 - 查询营销资源列表成功
2026-06-01 09:27:31.937 | INFO     | app.core.middlewares:dispatch:197 - 响应状态: 200, 响应内容长度: 1558, 处理时间: 31.42ms
2026-06-01 09:29:00.981 | INFO     | app.core.middlewares:dispatch:109 - 请求来源: 127.0.0.1,请求方法: GET,请求路径: /api/v1/salesmanagement/marketing_resources/list
2026-06-01 09:29:01.028 | INFO     | app.plugin.module_salesmanagement.marketing_resources.controller:get_marketing_resource_list_controller:66 - 查询营销资源列表成功
2026-06-01 09:29:01.031 | INFO     | app.core.middlewares:dispatch:197 - 响应状态: 200, 响应内容长度: 1558, 处理时间: 51.15ms
2026-06-01 09:29:02.010 | INFO     | app.core.middlewares:dispatch:109 - 请求来源: 127.0.0.1,请求方法: GET,请求路径: /api/v1/salesmanagement/marketing_resources/list
2026-06-01 09:29:02.040 | INFO     | app.plugin.module_salesmanagement.marketing_resources.controller:get_marketing_resource_list_controller:66 - 查询营销资源列表成功
2026-06-01 09:29:02.042 | INFO     | app.core.middlewares:dispatch:197 - 响应状态: 200, 响应内容长度: 1558, 处理时间: 31.56ms
2026-06-01 09:29:02.976 | INFO     | app.core.middlewares:dispatch:109 - 请求来源: 127.0.0.1,请求方法: GET,请求路径: /api/v1/salesmanagement/marketing_resources/list
2026-06-01 09:29:03.025 | INFO     | app.plugin.module_salesmanagement.marketing_resources.controller:get_marketing_resource_list_controller:66 - 查询营销资源列表成功
2026-06-01 09:29:03.027 | INFO     | app.core.middlewares:dispatch:197 - 响应状态: 200, 响应内容长度: 1558, 处理时间: 51.61ms
2026-06-01 09:29:08.090 | INFO     | app.core.middlewares:dispatch:109 - 请求来源: 127.0.0.1,请求方法: POST,请求路径: /api/v1/system/user/create
2026-06-01 09:29:08.440 | INFO     | app.api.v1.module_system.user.controller:create_obj_controller:288 - 创建用户成功: {'tenant': {'id': 1, 'name': '系统租户'}, 'created_id': 1, 'created_by': {'id': 1, 'name': '超级管理员'}, 'updated_id': 1, 'updated_by': {'id': 1, 'name': '超级管理员'}, 'deleted_id': None, 'deleted_by': None, 'id': 9, 'uuid': 'fd0ed972-7102-46a4-8944-062793129dfc', 'status': '0', 'description': None, 'created_time': datetime.datetime(2026, 6, 1, 9, 29, 8, 401686), 'updated_time': datetime.datetime(2026, 6, 1, 9, 29, 8, 401690), 'is_deleted': False, 'deleted_time': None, 'name': '龚睿凝', 'mobile': None, 'email': None, 'gender': '1', 'avatar': None, 'username': 'gongrunning', 'password': '$2b$12$ywQYi2Qv7f5q7qfkp0hDFeZjr.Qon2vlbfTzDEJ5OnQtdCd60TxCS', 'is_superuser': False, 'dept_id': None, 'role_ids': [], 'position_ids': [], 'last_login': None, 'gitee_login': None, 'github_login': None, 'wx_login': None, 'qq_login': None, 'dept_name': None, 'dept': None, 'positions': [{'id': 5, 'name': '流量专员'}], 'roles': [{'id': 5, 'uuid': '8af873f2-9a70-4578-9348-5b792165c132', 'status': '0', 'description': None, 'created_time': datetime.datetime(2026, 5, 29, 10, 53, 16, 232986), 'updated_time': datetime.datetime(2026, 5, 29, 15, 3, 39, 778626), 'is_deleted': False, 'deleted_time': None, 'name': '流量01', 'code': 'Flow_01', 'order': 1, 'data_scope': 4, 'menus': [{'id': 1, 'uuid': '4be58d8b-2bdd-43a3-9ebc-a0016e1e4e1f', 'status': '0', 'description': '初始化数据', 'created_time': datetime.datetime(2026, 5, 28, 13, 54, 50, 22590), 'updated_time': datetime.datetime(2026, 5, 29, 14, 27, 56, 209987), 'is_deleted': False, 'deleted_time': None, 'name': '仪表盘', 'type': 1, 'order': 1, 'permission': '', 'icon': 'client', 'route_name': 'Dashboard', 'route_path': '/dashboard', 'component_path': None, 'redirect': '/dashboard/workplace', 'hidden': False, 'keep_alive': True, 'always_show': True, 'title': '仪表盘', 'params': None, 'affix': False, 'parent_id': None, 'parent_name': None}, {'id': 189, 'uuid': '11f8d437-39af-46d5-8ac1-6a195ddec72d', 'status': '0', 'description': None, 'created_time': datetime.datetime(2026, 5, 28, 15, 42, 25, 339258), 'updated_time': datetime.datetime(2026, 5, 29, 14, 27, 56, 209987), 'is_deleted': False, 'deleted_time': None, 'name': '销售管理', 'type': 1, 'order': 1, 'permission': None, 'icon': 'el-icon-Goods', 'route_name': 'SalesManagement', 'route_path': '/salesmanagement', 'component_path': None, 'redirect': '/salesmanagement', 'hidden': False, 'keep_alive': False, 'always_show': False, 'title': '销售管理', 'params': [], 'affix': False, 'parent_id': 1, 'parent_name': None}, {'id': 190, 'uuid': '33a8524f-c5ab-4cc3-8f66-74fcc306e47c', 'status': '0', 'description': None, 'created_time': datetime.datetime(2026, 5, 28, 15, 55, 19, 907703), 'updated_time': datetime.datetime(2026, 5, 29, 14, 27, 56, 209987), 'is_deleted': False, 'deleted_time': None, 'name': '销售管理列表', 'type': 2, 'order': 1, 'permission': 'module_salesmanagement:marketing_resources:query', 'icon': None, 'route_name': 'SalesManagementList', 'route_path': '/salesmanagement/list', 'component_path': 'salesmanagement/list/index', 'redirect': None, 'hidden': False, 'keep_alive': False, 'always_show': False, 'title': '销售管理列表', 'params': [], 'affix': False, 'parent_id': 189, 'parent_name': None}, {'id': 191, 'uuid': '34e0b841-a24f-4dd2-8d68-812eaf571dca', 'status': '0', 'description': None, 'created_time': datetime.datetime(2026, 5, 29, 14, 22, 51, 328347), 'updated_time': datetime.datetime(2026, 5, 29, 14, 27, 56, 209987), 'is_deleted': False, 'deleted_time': None, 'name': '创建', 'type': 3, 'order': 2, 'permission': 'module_salesmanagement:marketing_resources:create', 'icon': None, 'route_name': None, 'route_path': None, 'component_path': None, 'redirect': None, 'hidden': False, 'keep_alive': False, 'always_show': False, 'title': '创建销售资源', 'params': [], 'affix': False, 'parent_id': 190, 'parent_name': None}], 'depts': []}], 'menus': []}
2026-06-01 09:29:08.447 | INFO     | app.core.middlewares:dispatch:197 - 响应状态: 200, 响应内容长度: 1154, 处理时间: 356.84ms
2026-06-01 09:29:08.475 | INFO     | app.core.middlewares:dispatch:109 - 请求来源: 127.0.0.1,请求方法: GET,请求路径: /api/v1/system/user/list
2026-06-01 09:29:08.546 | INFO     | app.api.v1.module_system.user.controller:get_obj_list_controller:234 - 查询用户成功
2026-06-01 09:29:08.558 | INFO     | app.core.middlewares:dispatch:197 - 响应状态: 200, 响应内容长度: 8082, 处理时间: 82.61ms
2026-06-01 09:29:09.980 | INFO     | app.core.middlewares:dispatch:109 - 请求来源: 127.0.0.1,请求方法: GET,请求路径: /api/v1/system/user/list
2026-06-01 09:29:10.015 | INFO     | app.api.v1.module_system.user.controller:get_obj_list_controller:234 - 查询用户成功
2026-06-01 09:29:10.020 | INFO     | app.core.middlewares:dispatch:197 - 响应状态: 200, 响应内容长度: 4199, 处理时间: 40.25ms
2026-06-01 09:29:13.285 | INFO     | app.core.middlewares:dispatch:109 - 请求来源: 127.0.0.1,请求方法: GET,请求路径: /api/v1/system/user/detail/9
2026-06-01 09:29:13.304 | INFO     | app.api.v1.module_system.user.controller:get_obj_detail_controller:259 - 获取用户详情成功 9
2026-06-01 09:29:13.305 | INFO     | app.core.middlewares:dispatch:197 - 响应状态: 200, 响应内容长度: 1165, 处理时间: 20.46ms
2026-06-01 09:29:13.345 | INFO     | app.core.middlewares:dispatch:109 - 请求来源: 127.0.0.1,请求方法: GET,请求路径: /api/v1/system/dept/tree
2026-06-01 09:29:13.401 | INFO     | app.api.v1.module_system.dept.controller:get_dept_tree_controller:46 - 查询部门树成功
2026-06-01 09:29:13.402 | INFO     | app.core.middlewares:dispatch:197 - 响应状态: 200, 响应内容长度: 566, 处理时间: 56.46ms
2026-06-01 09:29:13.410 | INFO     | app.core.middlewares:dispatch:109 - 请求来源: 127.0.0.1,请求方法: GET,请求路径: /api/v1/system/role/list
2026-06-01 09:29:13.421 | INFO     | app.api.v1.module_system.role.controller:get_obj_list_controller:59 - 查询角色成功
2026-06-01 09:29:13.426 | INFO     | app.core.middlewares:dispatch:197 - 响应状态: 200, 响应内容长度: 3520, 处理时间: 16.07ms
2026-06-01 09:29:13.431 | INFO     | app.core.middlewares:dispatch:109 - 请求来源: 127.0.0.1,请求方法: GET,请求路径: /api/v1/system/position/list
2026-06-01 09:29:13.451 | INFO     | app.api.v1.module_system.position.controller:get_obj_list_controller:58 - 查询岗位列表成功
2026-06-01 09:29:13.452 | INFO     | app.core.middlewares:dispatch:197 - 响应状态: 200, 响应内容长度: 557, 处理时间: 21.22ms
2026-06-01 09:29:20.367 | INFO     | app.core.middlewares:dispatch:109 - 请求来源: 127.0.0.1,请求方法: PUT,请求路径: /api/v1/system/user/update/9
2026-06-01 09:29:20.513 | INFO     | app.api.v1.module_system.user.controller:update_obj_controller:315 - 修改用户成功: {'tenant': {'id': 1, 'name': '系统租户'}, 'created_id': 1, 'created_by': {'id': 1, 'name': '超级管理员'}, 'updated_id': 1, 'updated_by': {'id': 1, 'name': '超级管理员'}, 'deleted_id': None, 'deleted_by': None, 'id': 9, 'uuid': 'fd0ed972-7102-46a4-8944-062793129dfc', 'status': '0', 'description': None, 'created_time': datetime.datetime(2026, 6, 1, 9, 29, 8, 401686), 'updated_time': datetime.datetime(2026, 6, 1, 9, 29, 20, 448980), 'is_deleted': False, 'deleted_time': None, 'name': '龚睿凝', 'mobile': None, 'email': None, 'gender': '1', 'avatar': None, 'username': 'gongrunning', 'password': '$2b$12$ywQYi2Qv7f5q7qfkp0hDFeZjr.Qon2vlbfTzDEJ5OnQtdCd60TxCS', 'is_superuser': False, 'dept_id': 3, 'role_ids': [], 'position_ids': [], 'last_login': None, 'gitee_login': None, 'github_login': None, 'wx_login': None, 'qq_login': None, 'dept_name': None, 'dept': {'id': 3, 'name': '流量部'}, 'positions': [{'id': 5, 'name': '流量专员'}], 'roles': [{'id': 5, 'uuid': '8af873f2-9a70-4578-9348-5b792165c132', 'status': '0', 'description': None, 'created_time': datetime.datetime(2026, 5, 29, 10, 53, 16, 232986), 'updated_time': datetime.datetime(2026, 5, 29, 15, 3, 39, 778626), 'is_deleted': False, 'deleted_time': None, 'name': '流量01', 'code': 'Flow_01', 'order': 1, 'data_scope': 4, 'menus': [{'id': 1, 'uuid': '4be58d8b-2bdd-43a3-9ebc-a0016e1e4e1f', 'status': '0', 'description': '初始化数据', 'created_time': datetime.datetime(2026, 5, 28, 13, 54, 50, 22590), 'updated_time': datetime.datetime(2026, 5, 29, 14, 27, 56, 209987), 'is_deleted': False, 'deleted_time': None, 'name': '仪表盘', 'type': 1, 'order': 1, 'permission': '', 'icon': 'client', 'route_name': 'Dashboard', 'route_path': '/dashboard', 'component_path': None, 'redirect': '/dashboard/workplace', 'hidden': False, 'keep_alive': True, 'always_show': True, 'title': '仪表盘', 'params': None, 'affix': False, 'parent_id': None, 'parent_name': None}, {'id': 189, 'uuid': '11f8d437-39af-46d5-8ac1-6a195ddec72d', 'status': '0', 'description': None, 'created_time': datetime.datetime(2026, 5, 28, 15, 42, 25, 339258), 'updated_time': datetime.datetime(2026, 5, 29, 14, 27, 56, 209987), 'is_deleted': False, 'deleted_time': None, 'name': '销售管理', 'type': 1, 'order': 1, 'permission': None, 'icon': 'el-icon-Goods', 'route_name': 'SalesManagement', 'route_path': '/salesmanagement', 'component_path': None, 'redirect': '/salesmanagement', 'hidden': False, 'keep_alive': False, 'always_show': False, 'title': '销售管理', 'params': [], 'affix': False, 'parent_id': 1, 'parent_name': None}, {'id': 190, 'uuid': '33a8524f-c5ab-4cc3-8f66-74fcc306e47c', 'status': '0', 'description': None, 'created_time': datetime.datetime(2026, 5, 28, 15, 55, 19, 907703), 'updated_time': datetime.datetime(2026, 5, 29, 14, 27, 56, 209987), 'is_deleted': False, 'deleted_time': None, 'name': '销售管理列表', 'type': 2, 'order': 1, 'permission': 'module_salesmanagement:marketing_resources:query', 'icon': None, 'route_name': 'SalesManagementList', 'route_path': '/salesmanagement/list', 'component_path': 'salesmanagement/list/index', 'redirect': None, 'hidden': False, 'keep_alive': False, 'always_show': False, 'title': '销售管理列表', 'params': [], 'affix': False, 'parent_id': 189, 'parent_name': None}, {'id': 191, 'uuid': '34e0b841-a24f-4dd2-8d68-812eaf571dca', 'status': '0', 'description': None, 'created_time': datetime.datetime(2026, 5, 29, 14, 22, 51, 328347), 'updated_time': datetime.datetime(2026, 5, 29, 14, 27, 56, 209987), 'is_deleted': False, 'deleted_time': None, 'name': '创建', 'type': 3, 'order': 2, 'permission': 'module_salesmanagement:marketing_resources:create', 'icon': None, 'route_name': None, 'route_path': None, 'component_path': None, 'redirect': None, 'hidden': False, 'keep_alive': False, 'always_show': False, 'title': '创建销售资源', 'params': [], 'affix': False, 'parent_id': 190, 'parent_name': None}], 'depts': []}], 'menus': []}
2026-06-01 09:29:20.523 | INFO     | app.core.middlewares:dispatch:197 - 响应状态: 200, 响应内容长度: 1170, 处理时间: 180.73ms
2026-06-01 09:29:20.574 | INFO     | app.core.middlewares:dispatch:109 - 请求来源: 127.0.0.1,请求方法: GET,请求路径: /api/v1/system/user/list
2026-06-01 09:29:20.620 | INFO     | app.api.v1.module_system.user.controller:get_obj_list_controller:234 - 查询用户成功
2026-06-01 09:29:20.633 | INFO     | app.core.middlewares:dispatch:197 - 响应状态: 200, 响应内容长度: 8088, 处理时间: 58.86ms
2026-06-01 09:29:36.414 | INFO     | app.core.middlewares:dispatch:109 - 请求来源: 127.0.0.1,请求方法: GET,请求路径: /api/v1/system/dept/tree
2026-06-01 09:29:36.453 | INFO     | app.api.v1.module_system.dept.controller:get_dept_tree_controller:46 - 查询部门树成功
2026-06-01 09:29:36.455 | INFO     | app.core.middlewares:dispatch:197 - 响应状态: 200, 响应内容长度: 566, 处理时间: 40.8ms
2026-06-01 09:29:36.465 | INFO     | app.core.middlewares:dispatch:109 - 请求来源: 127.0.0.1,请求方法: GET,请求路径: /api/v1/system/role/list
2026-06-01 09:29:36.486 | INFO     | app.api.v1.module_system.role.controller:get_obj_list_controller:59 - 查询角色成功
2026-06-01 09:29:36.492 | INFO     | app.core.middlewares:dispatch:197 - 响应状态: 200, 响应内容长度: 3520, 处理时间: 26.93ms
2026-06-01 09:29:36.503 | INFO     | app.core.middlewares:dispatch:109 - 请求来源: 127.0.0.1,请求方法: GET,请求路径: /api/v1/system/position/list
2026-06-01 09:29:36.526 | INFO     | app.api.v1.module_system.position.controller:get_obj_list_controller:58 - 查询岗位列表成功
2026-06-01 09:29:36.527 | INFO     | app.core.middlewares:dispatch:197 - 响应状态: 200, 响应内容长度: 557, 处理时间: 24.41ms
2026-06-01 09:29:57.808 | INFO     | app.core.middlewares:dispatch:109 - 请求来源: 127.0.0.1,请求方法: GET,请求路径: /api/v1/salesmanagement/marketing_resources/detail/2032
2026-06-01 09:29:57.860 | INFO     | app.plugin.module_salesmanagement.marketing_resources.controller:get_marketing_resource_detail_controller:42 - 获取营销资源详情成功 2032
2026-06-01 09:29:57.862 | INFO     | app.core.middlewares:dispatch:197 - 响应状态: 200, 响应内容长度: 640, 处理时间: 54.67ms
2026-06-01 09:30:35.208 | INFO     | app.core.middlewares:dispatch:109 - 请求来源: 127.0.0.1,请求方法: POST,请求路径: /api/v1/system/user/create
2026-06-01 09:30:35.594 | INFO     | app.api.v1.module_system.user.controller:create_obj_controller:288 - 创建用户成功: {'tenant': {'id': 1, 'name': '系统租户'}, 'created_id': 1, 'created_by': {'id': 1, 'name': '超级管理员'}, 'updated_id': 1, 'updated_by': {'id': 1, 'name': '超级管理员'}, 'deleted_id': None, 'deleted_by': None, 'id': 10, 'uuid': '8c339d30-0994-4563-a500-e04c72463191', 'status': '0', 'description': None, 'created_time': datetime.datetime(2026, 6, 1, 9, 30, 35, 547082), 'updated_time': datetime.datetime(2026, 6, 1, 9, 30, 35, 547087), 'is_deleted': False, 'deleted_time': None, 'name': '杨帆', 'mobile': None, 'email': None, 'gender': '0', 'avatar': None, 'username': 'yangfan_jiaqi', 'password': '$2b$12$.5SwE79eFJNpvvH6C43G7.yoBtTm38rHdLWIr3cvVxbQNygq/VROq', 'is_superuser': False, 'dept_id': 3, 'role_ids': [], 'position_ids': [], 'last_login': None, 'gitee_login': None, 'github_login': None, 'wx_login': None, 'qq_login': None, 'dept_name': None, 'dept': {'id': 3, 'name': '流量部'}, 'positions': [{'id': 5, 'name': '流量专员'}], 'roles': [{'id': 5, 'uuid': '8af873f2-9a70-4578-9348-5b792165c132', 'status': '0', 'description': None, 'created_time': datetime.datetime(2026, 5, 29, 10, 53, 16, 232986), 'updated_time': datetime.datetime(2026, 5, 29, 15, 3, 39, 778626), 'is_deleted': False, 'deleted_time': None, 'name': '流量01', 'code': 'Flow_01', 'order': 1, 'data_scope': 4, 'menus': [{'id': 1, 'uuid': '4be58d8b-2bdd-43a3-9ebc-a0016e1e4e1f', 'status': '0', 'description': '初始化数据', 'created_time': datetime.datetime(2026, 5, 28, 13, 54, 50, 22590), 'updated_time': datetime.datetime(2026, 5, 29, 14, 27, 56, 209987), 'is_deleted': False, 'deleted_time': None, 'name': '仪表盘', 'type': 1, 'order': 1, 'permission': '', 'icon': 'client', 'route_name': 'Dashboard', 'route_path': '/dashboard', 'component_path': None, 'redirect': '/dashboard/workplace', 'hidden': False, 'keep_alive': True, 'always_show': True, 'title': '仪表盘', 'params': None, 'affix': False, 'parent_id': None, 'parent_name': None}, {'id': 189, 'uuid': '11f8d437-39af-46d5-8ac1-6a195ddec72d', 'status': '0', 'description': None, 'created_time': datetime.datetime(2026, 5, 28, 15, 42, 25, 339258), 'updated_time': datetime.datetime(2026, 5, 29, 14, 27, 56, 209987), 'is_deleted': False, 'deleted_time': None, 'name': '销售管理', 'type': 1, 'order': 1, 'permission': None, 'icon': 'el-icon-Goods', 'route_name': 'SalesManagement', 'route_path': '/salesmanagement', 'component_path': None, 'redirect': '/salesmanagement', 'hidden': False, 'keep_alive': False, 'always_show': False, 'title': '销售管理', 'params': [], 'affix': False, 'parent_id': 1, 'parent_name': None}, {'id': 190, 'uuid': '33a8524f-c5ab-4cc3-8f66-74fcc306e47c', 'status': '0', 'description': None, 'created_time': datetime.datetime(2026, 5, 28, 15, 55, 19, 907703), 'updated_time': datetime.datetime(2026, 5, 29, 14, 27, 56, 209987), 'is_deleted': False, 'deleted_time': None, 'name': '销售管理列表', 'type': 2, 'order': 1, 'permission': 'module_salesmanagement:marketing_resources:query', 'icon': None, 'route_name': 'SalesManagementList', 'route_path': '/salesmanagement/list', 'component_path': 'salesmanagement/list/index', 'redirect': None, 'hidden': False, 'keep_alive': False, 'always_show': False, 'title': '销售管理列表', 'params': [], 'affix': False, 'parent_id': 189, 'parent_name': None}, {'id': 191, 'uuid': '34e0b841-a24f-4dd2-8d68-812eaf571dca', 'status': '0', 'description': None, 'created_time': datetime.datetime(2026, 5, 29, 14, 22, 51, 328347), 'updated_time': datetime.datetime(2026, 5, 29, 14, 27, 56, 209987), 'is_deleted': False, 'deleted_time': None, 'name': '创建', 'type': 3, 'order': 2, 'permission': 'module_salesmanagement:marketing_resources:create', 'icon': None, 'route_name': None, 'route_path': None, 'component_path': None, 'redirect': None, 'hidden': False, 'keep_alive': False, 'always_show': False, 'title': '创建销售资源', 'params': [], 'affix': False, 'parent_id': 190, 'parent_name': None}], 'depts': []}], 'menus': []}
2026-06-01 09:30:35.602 | INFO     | app.core.middlewares:dispatch:197 - 响应状态: 200, 响应内容长度: 1164, 处理时间: 413.19ms
2026-06-01 09:30:35.635 | INFO     | app.core.middlewares:dispatch:109 - 请求来源: 127.0.0.1,请求方法: GET,请求路径: /api/v1/system/user/list
2026-06-01 09:30:35.672 | INFO     | app.api.v1.module_system.user.controller:get_obj_list_controller:234 - 查询用户成功
2026-06-01 09:30:35.685 | INFO     | app.core.middlewares:dispatch:197 - 响应状态: 200, 响应内容长度: 8224, 处理时间: 50.28ms
2026-06-01 09:30:37.770 | INFO     | app.core.middlewares:dispatch:109 - 请求来源: 127.0.0.1,请求方法: GET,请求路径: /api/v1/system/user/detail/9
2026-06-01 09:30:37.814 | INFO     | app.api.v1.module_system.user.controller:get_obj_detail_controller:259 - 获取用户详情成功 9
2026-06-01 09:30:37.816 | INFO     | app.core.middlewares:dispatch:197 - 响应状态: 200, 响应内容长度: 1180, 处理时间: 46.42ms
2026-06-01 09:30:37.868 | INFO     | app.core.middlewares:dispatch:109 - 请求来源: 127.0.0.1,请求方法: GET,请求路径: /api/v1/system/dept/tree
2026-06-01 09:30:37.892 | INFO     | app.api.v1.module_system.dept.controller:get_dept_tree_controller:46 - 查询部门树成功
2026-06-01 09:30:37.894 | INFO     | app.core.middlewares:dispatch:197 - 响应状态: 200, 响应内容长度: 566, 处理时间: 26.43ms
2026-06-01 09:30:37.903 | INFO     | app.core.middlewares:dispatch:109 - 请求来源: 127.0.0.1,请求方法: GET,请求路径: /api/v1/system/role/list
2026-06-01 09:30:37.918 | INFO     | app.api.v1.module_system.role.controller:get_obj_list_controller:59 - 查询角色成功
2026-06-01 09:30:37.926 | INFO     | app.core.middlewares:dispatch:197 - 响应状态: 200, 响应内容长度: 3520, 处理时间: 22.97ms
2026-06-01 09:30:37.932 | INFO     | app.core.middlewares:dispatch:109 - 请求来源: 127.0.0.1,请求方法: GET,请求路径: /api/v1/system/position/list
2026-06-01 09:30:37.956 | INFO     | app.api.v1.module_system.position.controller:get_obj_list_controller:58 - 查询岗位列表成功
2026-06-01 09:30:37.960 | INFO     | app.core.middlewares:dispatch:197 - 响应状态: 200, 响应内容长度: 557, 处理时间: 28.33ms
2026-06-01 09:30:46.600 | INFO     | app.core.middlewares:dispatch:109 - 请求来源: 127.0.0.1,请求方法: DELETE,请求路径: /api/v1/system/user/delete
2026-06-01 09:30:46.618 | ERROR    | app.core.exceptions:CustomExceptionHandler:80 - [自定义异常] DELETE /api/v1/system/user/delete | 错误码: -1 | 错误信息: 用户已启用,不能删除 | 详情: None
2026-06-01 09:30:46.619 | INFO     | app.core.middlewares:dispatch:197 - 响应状态: 500, 响应内容长度: 94, 处理时间: 19.11ms
2026-06-01 09:30:50.168 | INFO     | app.core.middlewares:dispatch:109 - 请求来源: 127.0.0.1,请求方法: GET,请求路径: /api/v1/system/user/detail/9
2026-06-01 09:30:50.193 | INFO     | app.api.v1.module_system.user.controller:get_obj_detail_controller:259 - 获取用户详情成功 9
2026-06-01 09:30:50.195 | INFO     | app.core.middlewares:dispatch:197 - 响应状态: 200, 响应内容长度: 1180, 处理时间: 26.71ms
2026-06-01 09:30:50.238 | INFO     | app.core.middlewares:dispatch:109 - 请求来源: 127.0.0.1,请求方法: GET,请求路径: /api/v1/system/dept/tree
2026-06-01 09:30:50.260 | INFO     | app.api.v1.module_system.dept.controller:get_dept_tree_controller:46 - 查询部门树成功
2026-06-01 09:30:50.262 | INFO     | app.core.middlewares:dispatch:197 - 响应状态: 200, 响应内容长度: 566, 处理时间: 24.11ms
2026-06-01 09:30:50.269 | INFO     | app.core.middlewares:dispatch:109 - 请求来源: 127.0.0.1,请求方法: GET,请求路径: /api/v1/system/role/list
2026-06-01 09:30:50.283 | INFO     | app.api.v1.module_system.role.controller:get_obj_list_controller:59 - 查询角色成功
2026-06-01 09:30:50.287 | INFO     | app.core.middlewares:dispatch:197 - 响应状态: 200, 响应内容长度: 3520, 处理时间: 18.5ms
2026-06-01 09:30:50.295 | INFO     | app.core.middlewares:dispatch:109 - 请求来源: 127.0.0.1,请求方法: GET,请求路径: /api/v1/system/position/list
2026-06-01 09:30:50.318 | INFO     | app.api.v1.module_system.position.controller:get_obj_list_controller:58 - 查询岗位列表成功
2026-06-01 09:30:50.320 | INFO     | app.core.middlewares:dispatch:197 - 响应状态: 200, 响应内容长度: 557, 处理时间: 24.36ms
2026-06-01 09:30:52.220 | INFO     | app.core.middlewares:dispatch:109 - 请求来源: 127.0.0.1,请求方法: PUT,请求路径: /api/v1/system/user/update/9
2026-06-01 09:30:52.321 | INFO     | app.api.v1.module_system.user.controller:update_obj_controller:315 - 修改用户成功: {'tenant': {'id': 1, 'name': '系统租户'}, 'created_id': 1, 'created_by': {'id': 1, 'name': '超级管理员'}, 'updated_id': 1, 'updated_by': {'id': 1, 'name': '超级管理员'}, 'deleted_id': None, 'deleted_by': None, 'id': 9, 'uuid': 'fd0ed972-7102-46a4-8944-062793129dfc', 'status': '1', 'description': None, 'created_time': datetime.datetime(2026, 6, 1, 9, 29, 8, 401686), 'updated_time': datetime.datetime(2026, 6, 1, 9, 30, 52, 262792), 'is_deleted': False, 'deleted_time': None, 'name': '龚睿凝', 'mobile': None, 'email': None, 'gender': '1', 'avatar': None, 'username': 'gongrunning', 'password': '$2b$12$ywQYi2Qv7f5q7qfkp0hDFeZjr.Qon2vlbfTzDEJ5OnQtdCd60TxCS', 'is_superuser': False, 'dept_id': 3, 'role_ids': [], 'position_ids': [], 'last_login': None, 'gitee_login': None, 'github_login': None, 'wx_login': None, 'qq_login': None, 'dept_name': None, 'dept': {'id': 3, 'name': '流量部'}, 'positions': [{'id': 5, 'name': '流量专员'}], 'roles': [{'id': 5, 'uuid': '8af873f2-9a70-4578-9348-5b792165c132', 'status': '0', 'description': None, 'created_time': datetime.datetime(2026, 5, 29, 10, 53, 16, 232986), 'updated_time': datetime.datetime(2026, 5, 29, 15, 3, 39, 778626), 'is_deleted': False, 'deleted_time': None, 'name': '流量01', 'code': 'Flow_01', 'order': 1, 'data_scope': 4, 'menus': [{'id': 1, 'uuid': '4be58d8b-2bdd-43a3-9ebc-a0016e1e4e1f', 'status': '0', 'description': '初始化数据', 'created_time': datetime.datetime(2026, 5, 28, 13, 54, 50, 22590), 'updated_time': datetime.datetime(2026, 5, 29, 14, 27, 56, 209987), 'is_deleted': False, 'deleted_time': None, 'name': '仪表盘', 'type': 1, 'order': 1, 'permission': '', 'icon': 'client', 'route_name': 'Dashboard', 'route_path': '/dashboard', 'component_path': None, 'redirect': '/dashboard/workplace', 'hidden': False, 'keep_alive': True, 'always_show': True, 'title': '仪表盘', 'params': None, 'affix': False, 'parent_id': None, 'parent_name': None}, {'id': 189, 'uuid': '11f8d437-39af-46d5-8ac1-6a195ddec72d', 'status': '0', 'description': None, 'created_time': datetime.datetime(2026, 5, 28, 15, 42, 25, 339258), 'updated_time': datetime.datetime(2026, 5, 29, 14, 27, 56, 209987), 'is_deleted': False, 'deleted_time': None, 'name': '销售管理', 'type': 1, 'order': 1, 'permission': None, 'icon': 'el-icon-Goods', 'route_name': 'SalesManagement', 'route_path': '/salesmanagement', 'component_path': None, 'redirect': '/salesmanagement', 'hidden': False, 'keep_alive': False, 'always_show': False, 'title': '销售管理', 'params': [], 'affix': False, 'parent_id': 1, 'parent_name': None}, {'id': 190, 'uuid': '33a8524f-c5ab-4cc3-8f66-74fcc306e47c', 'status': '0', 'description': None, 'created_time': datetime.datetime(2026, 5, 28, 15, 55, 19, 907703), 'updated_time': datetime.datetime(2026, 5, 29, 14, 27, 56, 209987), 'is_deleted': False, 'deleted_time': None, 'name': '销售管理列表', 'type': 2, 'order': 1, 'permission': 'module_salesmanagement:marketing_resources:query', 'icon': None, 'route_name': 'SalesManagementList', 'route_path': '/salesmanagement/list', 'component_path': 'salesmanagement/list/index', 'redirect': None, 'hidden': False, 'keep_alive': False, 'always_show': False, 'title': '销售管理列表', 'params': [], 'affix': False, 'parent_id': 189, 'parent_name': None}, {'id': 191, 'uuid': '34e0b841-a24f-4dd2-8d68-812eaf571dca', 'status': '0', 'description': None, 'created_time': datetime.datetime(2026, 5, 29, 14, 22, 51, 328347), 'updated_time': datetime.datetime(2026, 5, 29, 14, 27, 56, 209987), 'is_deleted': False, 'deleted_time': None, 'name': '创建', 'type': 3, 'order': 2, 'permission': 'module_salesmanagement:marketing_resources:create', 'icon': None, 'route_name': None, 'route_path': None, 'component_path': None, 'redirect': None, 'hidden': False, 'keep_alive': False, 'always_show': False, 'title': '创建销售资源', 'params': [], 'affix': False, 'parent_id': 190, 'parent_name': None}], 'depts': []}], 'menus': []}
2026-06-01 09:30:52.329 | INFO     | app.core.middlewares:dispatch:197 - 响应状态: 200, 响应内容长度: 1173, 处理时间: 109.62ms
2026-06-01 09:30:52.361 | INFO     | app.core.middlewares:dispatch:109 - 请求来源: 127.0.0.1,请求方法: GET,请求路径: /api/v1/system/user/list
2026-06-01 09:30:52.392 | INFO     | app.api.v1.module_system.user.controller:get_obj_list_controller:234 - 查询用户成功
2026-06-01 09:30:52.404 | INFO     | app.core.middlewares:dispatch:197 - 响应状态: 200, 响应内容长度: 8232, 处理时间: 42.82ms
2026-06-01 09:30:56.097 | INFO     | app.core.middlewares:dispatch:109 - 请求来源: 127.0.0.1,请求方法: DELETE,请求路径: /api/v1/system/user/delete
2026-06-01 09:30:56.147 | INFO     | app.api.v1.module_system.user.controller:delete_obj_controller:340 - 删除用户成功: [9]
2026-06-01 09:30:56.153 | INFO     | app.core.middlewares:dispatch:197 - 响应状态: 200, 响应内容长度: 82, 处理时间: 55.55ms
2026-06-01 09:30:56.165 | INFO     | app.core.middlewares:dispatch:109 - 请求来源: 127.0.0.1,请求方法: GET,请求路径: /api/v1/system/user/list
2026-06-01 09:30:56.214 | INFO     | app.api.v1.module_system.user.controller:get_obj_list_controller:234 - 查询用户成功
2026-06-01 09:30:56.226 | INFO     | app.core.middlewares:dispatch:197 - 响应状态: 200, 响应内容长度: 8098, 处理时间: 60.74ms
2026-06-01 09:30:58.376 | INFO     | app.core.middlewares:dispatch:109 - 请求来源: 127.0.0.1,请求方法: GET,请求路径: /api/v1/system/dept/tree
2026-06-01 09:30:58.400 | INFO     | app.api.v1.module_system.dept.controller:get_dept_tree_controller:46 - 查询部门树成功
2026-06-01 09:30:58.402 | INFO     | app.core.middlewares:dispatch:197 - 响应状态: 200, 响应内容长度: 566, 处理时间: 25.41ms
2026-06-01 09:30:58.409 | INFO     | app.core.middlewares:dispatch:109 - 请求来源: 127.0.0.1,请求方法: GET,请求路径: /api/v1/system/role/list
2026-06-01 09:30:58.428 | INFO     | app.api.v1.module_system.role.controller:get_obj_list_controller:59 - 查询角色成功
2026-06-01 09:30:58.432 | INFO     | app.core.middlewares:dispatch:197 - 响应状态: 200, 响应内容长度: 3520, 处理时间: 23.11ms
2026-06-01 09:30:58.438 | INFO     | app.core.middlewares:dispatch:109 - 请求来源: 127.0.0.1,请求方法: GET,请求路径: /api/v1/system/position/list
2026-06-01 09:30:58.470 | INFO     | app.api.v1.module_system.position.controller:get_obj_list_controller:58 - 查询岗位列表成功
2026-06-01 09:30:58.471 | INFO     | app.core.middlewares:dispatch:197 - 响应状态: 200, 响应内容长度: 557, 处理时间: 33.21ms
2026-06-01 09:31:34.216 | INFO     | app.core.middlewares:dispatch:109 - 请求来源: 127.0.0.1,请求方法: POST,请求路径: /api/v1/system/user/create
2026-06-01 09:31:34.577 | INFO     | app.api.v1.module_system.user.controller:create_obj_controller:288 - 创建用户成功: {'tenant': {'id': 1, 'name': '系统租户'}, 'created_id': 1, 'created_by': {'id': 1, 'name': '超级管理员'}, 'updated_id': 1, 'updated_by': {'id': 1, 'name': '超级管理员'}, 'deleted_id': None, 'deleted_by': None, 'id': 11, 'uuid': '1dc38d48-5fd7-4f0a-a641-2f98ab06dcdf', 'status': '0', 'description': None, 'created_time': datetime.datetime(2026, 6, 1, 9, 31, 34, 535177), 'updated_time': datetime.datetime(2026, 6, 1, 9, 31, 34, 535182), 'is_deleted': False, 'deleted_time': None, 'name': '龚睿凝', 'mobile': None, 'email': None, 'gender': '0', 'avatar': None, 'username': 'gongruining_jiaqi', 'password': '$2b$12$FRqILwmBIxJ8qe6ERNzD/O9VxXgcCAOqdNg7O2p27ak3XBjG27nO.', 'is_superuser': False, 'dept_id': 3, 'role_ids': [], 'position_ids': [], 'last_login': None, 'gitee_login': None, 'github_login': None, 'wx_login': None, 'qq_login': None, 'dept_name': None, 'dept': {'id': 3, 'name': '流量部'}, 'positions': [{'id': 5, 'name': '流量专员'}], 'roles': [{'id': 5, 'uuid': '8af873f2-9a70-4578-9348-5b792165c132', 'status': '0', 'description': None, 'created_time': datetime.datetime(2026, 5, 29, 10, 53, 16, 232986), 'updated_time': datetime.datetime(2026, 5, 29, 15, 3, 39, 778626), 'is_deleted': False, 'deleted_time': None, 'name': '流量01', 'code': 'Flow_01', 'order': 1, 'data_scope': 4, 'menus': [{'id': 1, 'uuid': '4be58d8b-2bdd-43a3-9ebc-a0016e1e4e1f', 'status': '0', 'description': '初始化数据', 'created_time': datetime.datetime(2026, 5, 28, 13, 54, 50, 22590), 'updated_time': datetime.datetime(2026, 5, 29, 14, 27, 56, 209987), 'is_deleted': False, 'deleted_time': None, 'name': '仪表盘', 'type': 1, 'order': 1, 'permission': '', 'icon': 'client', 'route_name': 'Dashboard', 'route_path': '/dashboard', 'component_path': None, 'redirect': '/dashboard/workplace', 'hidden': False, 'keep_alive': True, 'always_show': True, 'title': '仪表盘', 'params': None, 'affix': False, 'parent_id': None, 'parent_name': None}, {'id': 189, 'uuid': '11f8d437-39af-46d5-8ac1-6a195ddec72d', 'status': '0', 'description': None, 'created_time': datetime.datetime(2026, 5, 28, 15, 42, 25, 339258), 'updated_time': datetime.datetime(2026, 5, 29, 14, 27, 56, 209987), 'is_deleted': False, 'deleted_time': None, 'name': '销售管理', 'type': 1, 'order': 1, 'permission': None, 'icon': 'el-icon-Goods', 'route_name': 'SalesManagement', 'route_path': '/salesmanagement', 'component_path': None, 'redirect': '/salesmanagement', 'hidden': False, 'keep_alive': False, 'always_show': False, 'title': '销售管理', 'params': [], 'affix': False, 'parent_id': 1, 'parent_name': None}, {'id': 190, 'uuid': '33a8524f-c5ab-4cc3-8f66-74fcc306e47c', 'status': '0', 'description': None, 'created_time': datetime.datetime(2026, 5, 28, 15, 55, 19, 907703), 'updated_time': datetime.datetime(2026, 5, 29, 14, 27, 56, 209987), 'is_deleted': False, 'deleted_time': None, 'name': '销售管理列表', 'type': 2, 'order': 1, 'permission': 'module_salesmanagement:marketing_resources:query', 'icon': None, 'route_name': 'SalesManagementList', 'route_path': '/salesmanagement/list', 'component_path': 'salesmanagement/list/index', 'redirect': None, 'hidden': False, 'keep_alive': False, 'always_show': False, 'title': '销售管理列表', 'params': [], 'affix': False, 'parent_id': 189, 'parent_name': None}, {'id': 191, 'uuid': '34e0b841-a24f-4dd2-8d68-812eaf571dca', 'status': '0', 'description': None, 'created_time': datetime.datetime(2026, 5, 29, 14, 22, 51, 328347), 'updated_time': datetime.datetime(2026, 5, 29, 14, 27, 56, 209987), 'is_deleted': False, 'deleted_time': None, 'name': '创建', 'type': 3, 'order': 2, 'permission': 'module_salesmanagement:marketing_resources:create', 'icon': None, 'route_name': None, 'route_path': None, 'component_path': None, 'redirect': None, 'hidden': False, 'keep_alive': False, 'always_show': False, 'title': '创建销售资源', 'params': [], 'affix': False, 'parent_id': 190, 'parent_name': None}], 'depts': []}], 'menus': []}
2026-06-01 09:31:34.586 | INFO     | app.core.middlewares:dispatch:197 - 响应状态: 200, 响应内容长度: 1173, 处理时间: 370.32ms
2026-06-01 09:31:34.612 | INFO     | app.core.middlewares:dispatch:109 - 请求来源: 127.0.0.1,请求方法: GET,请求路径: /api/v1/system/user/list
2026-06-01 09:31:34.650 | INFO     | app.api.v1.module_system.user.controller:get_obj_list_controller:234 - 查询用户成功
2026-06-01 09:31:34.669 | INFO     | app.core.middlewares:dispatch:197 - 响应状态: 200, 响应内容长度: 8241, 处理时间: 56.26ms
2026-06-01 09:31:38.224 | INFO     | app.core.middlewares:dispatch:109 - 请求来源: 127.0.0.1,请求方法: GET,请求路径: /api/v1/system/user/detail/11
2026-06-01 09:31:38.281 | INFO     | app.api.v1.module_system.user.controller:get_obj_detail_controller:259 - 获取用户详情成功 11
2026-06-01 09:31:38.284 | INFO     | app.core.middlewares:dispatch:197 - 响应状态: 200, 响应内容长度: 1184, 处理时间: 60.47ms
2026-06-01 09:31:38.330 | INFO     | app.core.middlewares:dispatch:109 - 请求来源: 127.0.0.1,请求方法: GET,请求路径: /api/v1/system/dept/tree
2026-06-01 09:31:38.359 | INFO     | app.api.v1.module_system.dept.controller:get_dept_tree_controller:46 - 查询部门树成功
2026-06-01 09:31:38.362 | INFO     | app.core.middlewares:dispatch:197 - 响应状态: 200, 响应内容长度: 566, 处理时间: 32.28ms
2026-06-01 09:31:38.368 | INFO     | app.core.middlewares:dispatch:109 - 请求来源: 127.0.0.1,请求方法: GET,请求路径: /api/v1/system/role/list
2026-06-01 09:31:38.388 | INFO     | app.api.v1.module_system.role.controller:get_obj_list_controller:59 - 查询角色成功
2026-06-01 09:31:38.393 | INFO     | app.core.middlewares:dispatch:197 - 响应状态: 200, 响应内容长度: 3520, 处理时间: 24.76ms
2026-06-01 09:31:38.397 | INFO     | app.core.middlewares:dispatch:109 - 请求来源: 127.0.0.1,请求方法: GET,请求路径: /api/v1/system/position/list
2026-06-01 09:31:38.421 | INFO     | app.api.v1.module_system.position.controller:get_obj_list_controller:58 - 查询岗位列表成功
2026-06-01 09:31:38.422 | INFO     | app.core.middlewares:dispatch:197 - 响应状态: 200, 响应内容长度: 557, 处理时间: 25.17ms
2026-06-01 09:31:41.290 | INFO     | app.core.middlewares:dispatch:109 - 请求来源: 127.0.0.1,请求方法: PUT,请求路径: /api/v1/system/user/update/11
2026-06-01 09:31:41.405 | INFO     | app.api.v1.module_system.user.controller:update_obj_controller:315 - 修改用户成功: {'tenant': {'id': 1, 'name': '系统租户'}, 'created_id': 1, 'created_by': {'id': 1, 'name': '超级管理员'}, 'updated_id': 1, 'updated_by': {'id': 1, 'name': '超级管理员'}, 'deleted_id': None, 'deleted_by': None, 'id': 11, 'uuid': '1dc38d48-5fd7-4f0a-a641-2f98ab06dcdf', 'status': '0', 'description': None, 'created_time': datetime.datetime(2026, 6, 1, 9, 31, 34, 535177), 'updated_time': datetime.datetime(2026, 6, 1, 9, 31, 41, 339648), 'is_deleted': False, 'deleted_time': None, 'name': '龚睿凝', 'mobile': None, 'email': None, 'gender': '1', 'avatar': None, 'username': 'gongruining_jiaqi', 'password': '$2b$12$FRqILwmBIxJ8qe6ERNzD/O9VxXgcCAOqdNg7O2p27ak3XBjG27nO.', 'is_superuser': False, 'dept_id': 3, 'role_ids': [], 'position_ids': [], 'last_login': None, 'gitee_login': None, 'github_login': None, 'wx_login': None, 'qq_login': None, 'dept_name': None, 'dept': {'id': 3, 'name': '流量部'}, 'positions': [{'id': 5, 'name': '流量专员'}], 'roles': [{'id': 5, 'uuid': '8af873f2-9a70-4578-9348-5b792165c132', 'status': '0', 'description': None, 'created_time': datetime.datetime(2026, 5, 29, 10, 53, 16, 232986), 'updated_time': datetime.datetime(2026, 5, 29, 15, 3, 39, 778626), 'is_deleted': False, 'deleted_time': None, 'name': '流量01', 'code': 'Flow_01', 'order': 1, 'data_scope': 4, 'menus': [{'id': 1, 'uuid': '4be58d8b-2bdd-43a3-9ebc-a0016e1e4e1f', 'status': '0', 'description': '初始化数据', 'created_time': datetime.datetime(2026, 5, 28, 13, 54, 50, 22590), 'updated_time': datetime.datetime(2026, 5, 29, 14, 27, 56, 209987), 'is_deleted': False, 'deleted_time': None, 'name': '仪表盘', 'type': 1, 'order': 1, 'permission': '', 'icon': 'client', 'route_name': 'Dashboard', 'route_path': '/dashboard', 'component_path': None, 'redirect': '/dashboard/workplace', 'hidden': False, 'keep_alive': True, 'always_show': True, 'title': '仪表盘', 'params': None, 'affix': False, 'parent_id': None, 'parent_name': None}, {'id': 189, 'uuid': '11f8d437-39af-46d5-8ac1-6a195ddec72d', 'status': '0', 'description': None, 'created_time': datetime.datetime(2026, 5, 28, 15, 42, 25, 339258), 'updated_time': datetime.datetime(2026, 5, 29, 14, 27, 56, 209987), 'is_deleted': False, 'deleted_time': None, 'name': '销售管理', 'type': 1, 'order': 1, 'permission': None, 'icon': 'el-icon-Goods', 'route_name': 'SalesManagement', 'route_path': '/salesmanagement', 'component_path': None, 'redirect': '/salesmanagement', 'hidden': False, 'keep_alive': False, 'always_show': False, 'title': '销售管理', 'params': [], 'affix': False, 'parent_id': 1, 'parent_name': None}, {'id': 190, 'uuid': '33a8524f-c5ab-4cc3-8f66-74fcc306e47c', 'status': '0', 'description': None, 'created_time': datetime.datetime(2026, 5, 28, 15, 55, 19, 907703), 'updated_time': datetime.datetime(2026, 5, 29, 14, 27, 56, 209987), 'is_deleted': False, 'deleted_time': None, 'name': '销售管理列表', 'type': 2, 'order': 1, 'permission': 'module_salesmanagement:marketing_resources:query', 'icon': None, 'route_name': 'SalesManagementList', 'route_path': '/salesmanagement/list', 'component_path': 'salesmanagement/list/index', 'redirect': None, 'hidden': False, 'keep_alive': False, 'always_show': False, 'title': '销售管理列表', 'params': [], 'affix': False, 'parent_id': 189, 'parent_name': None}, {'id': 191, 'uuid': '34e0b841-a24f-4dd2-8d68-812eaf571dca', 'status': '0', 'description': None, 'created_time': datetime.datetime(2026, 5, 29, 14, 22, 51, 328347), 'updated_time': datetime.datetime(2026, 5, 29, 14, 27, 56, 209987), 'is_deleted': False, 'deleted_time': None, 'name': '创建', 'type': 3, 'order': 2, 'permission': 'module_salesmanagement:marketing_resources:create', 'icon': None, 'route_name': None, 'route_path': None, 'component_path': None, 'redirect': None, 'hidden': False, 'keep_alive': False, 'always_show': False, 'title': '创建销售资源', 'params': [], 'affix': False, 'parent_id': 190, 'parent_name': None}], 'depts': []}], 'menus': []}
2026-06-01 09:31:41.414 | INFO     | app.core.middlewares:dispatch:197 - 响应状态: 200, 响应内容长度: 1180, 处理时间: 124.64ms
2026-06-01 09:31:41.446 | INFO     | app.core.middlewares:dispatch:109 - 请求来源: 127.0.0.1,请求方法: GET,请求路径: /api/v1/system/user/list
2026-06-01 09:31:41.525 | INFO     | app.api.v1.module_system.user.controller:get_obj_list_controller:234 - 查询用户成功
2026-06-01 09:31:41.538 | INFO     | app.core.middlewares:dispatch:197 - 响应状态: 200, 响应内容长度: 8245, 处理时间: 92.76ms
2026-06-01 09:32:25.452 | INFO     | app.core.middlewares:dispatch:109 - 请求来源: 127.0.0.1,请求方法: GET,请求路径: /api/v1/system/param/info
2026-06-01 09:32:25.475 | INFO     | app.api.v1.module_system.params.controller:get_init_obj_controller:286 - 获取初始化缓存参数成功 [{'id': 13, 'uuid': '67da0f23-d1cd-4df2-8314-26ba1d427d0a', 'status': '0', 'description': '初始化数据', 'created_time': '2026-05-28 13:54:50', 'updated_time': '2026-05-28 13:54:50', 'is_deleted': False, 'deleted_time': None, 'config_name': '演示模式启用', 'config_key': 'demo_enable', 'config_value': 'false', 'config_type': True}, {'id': 11, 'uuid': 'd65e0ca0-9a9c-437d-8fc2-b50bd548d088', 'status': '0', 'description': '初始化数据', 'created_time': '2026-05-28 13:54:50', 'updated_time': '2026-05-28 13:54:50', 'is_deleted': False, 'deleted_time': None, 'config_name': '源码代码', 'config_key': 'sys_git_code', 'config_value': 'https://github.com/fastapiadmin/FastapiAdmin.git', 'config_type': True}, {'id': 2, 'uuid': '34a2d16c-5121-4e17-9ac6-0373d6f42372', 'status': '0', 'description': '初始化数据', 'created_time': '2026-05-28 13:54:50', 'updated_time': '2026-05-28 13:54:50', 'is_deleted': False, 'deleted_time': None, 'config_name': '网站描述', 'config_key': 'sys_web_description', 'config_value': '嘉期新媒体科技CRM管理系统', 'config_type': True}, {'id': 12, 'uuid': '0ea7cd7e-b931-4ff8-96b9-ab7be4334099', 'status': '0', 'description': '初始化数据', 'created_time': '2026-05-28 13:54:50', 'updated_time': '2026-05-28 13:54:50', 'is_deleted': False, 'deleted_time': None, 'config_name': '项目版本', 'config_key': 'sys_web_version', 'config_value': '2.0.0', 'config_type': True}, {'id': 10, 'uuid': 'ef0c96df-11d2-42c1-95ea-6544ce3ff21a', 'status': '0', 'description': '初始化数据', 'created_time': '2026-05-28 13:54:50', 'updated_time': '2026-05-28 13:54:50', 'is_deleted': False, 'deleted_time': None, 'config_name': '用户协议', 'config_key': 'sys_web_clause', 'config_value': 'https://github.com/fastapiadmin/FastapiAdmin/blob/master/LICENSE', 'config_type': True}, {'id': 7, 'uuid': '874a8241-64a4-4118-b227-c440f7d065e1', 'status': '0', 'description': '初始化数据', 'created_time': '2026-05-28 13:54:50', 'updated_time': '2026-05-28 13:54:50', 'is_deleted': False, 'deleted_time': None, 'config_name': '备案信息', 'config_key': 'sys_keep_record', 'config_value': '陕ICP备2025069493号-1', 'config_type': True}, {'id': 1, 'uuid': '7703e8ce-bc19-4c6a-9d95-0e0b94bb1bbc', 'status': '0', 'description': '初始化数据', 'created_time': '2026-05-28 13:54:50', 'updated_time': '2026-05-28 13:54:50', 'is_deleted': False, 'deleted_time': None, 'config_name': '网站名称', 'config_key': 'sys_web_title', 'config_value': '嘉期新媒体科技CRM', 'config_type': True}, {'id': 4, 'uuid': '5d670058-6674-47ce-911b-5ed1ded0c7cb', 'status': '0', 'description': '初始化数据', 'created_time': '2026-05-28 13:54:50', 'updated_time': '2026-05-28 13:54:50', 'is_deleted': False, 'deleted_time': None, 'config_name': '网站Logo', 'config_key': 'sys_web_logo', 'config_value': '/api/v1/static/image/logo.png', 'config_type': True}, {'id': 16, 'uuid': '7a2bbbe6-30c6-40b9-8a0a-2a387fc17ccf', 'status': '0', 'description': '初始化数据', 'created_time': '2026-05-28 13:54:50', 'updated_time': '2026-05-28 13:54:50', 'is_deleted': False, 'deleted_time': None, 'config_name': '访问IP黑名单', 'config_key': 'ip_black_list', 'config_value': '[]', 'config_type': True}, {'id': 5, 'uuid': '64363cd6-75cc-40f2-a8b6-1e98112bdcd3', 'status': '0', 'description': '初始化数据', 'created_time': '2026-05-28 13:54:50', 'updated_time': '2026-05-28 13:54:50', 'is_deleted': False, 'deleted_time': None, 'config_name': '登录背景', 'config_key': 'sys_login_background', 'config_value': 'https://service.fastapiadmin.com/api/v1/static/image/background.svg', 'config_type': True}, {'id': 14, 'uuid': 'ff4574d4-c611-4637-88b0-92ed76347995', 'status': '0', 'description': '初始化数据', 'created_time': '2026-05-28 13:54:50', 'updated_time': '2026-05-28 13:54:50', 'is_deleted': False, 'deleted_time': None, 'config_name': '演示访问IP白名单', 'config_key': 'ip_white_list', 'config_value': '["127.0.0.1"]', 'config_type': True}, {'id': 8, 'uuid': 'f8aef1af-405e-400f-8610-ae0b25ed6e38', 'status': '0', 'description': '初始化数据', 'created_time': '2026-05-28 13:54:50', 'updated_time': '2026-05-28 13:54:50', 'is_deleted': False, 'deleted_time': None, 'config_name': '帮助文档', 'config_key': 'sys_help_doc', 'config_value': 'https://service.fastapiadmin.com', 'config_type': True}, {'id': 9, 'uuid': '6f210f47-7c9d-4544-b33c-1f8a3b3ec68c', 'status': '0', 'description': '初始化数据', 'created_time': '2026-05-28 13:54:50', 'updated_time': '2026-05-28 13:54:50', 'is_deleted': False, 'deleted_time': None, 'config_name': '隐私政策', 'config_key': 'sys_web_privacy', 'config_value': 'https://github.com/fastapiadmin/FastapiAdmin/blob/master/LICENSE', 'config_type': True}, {'id': 3, 'uuid': 'fbed94cd-159f-485a-befb-86039b2280a6', 'status': '0', 'description': '初始化数据', 'created_time': '2026-05-28 13:54:50', 'updated_time': '2026-05-28 13:54:50', 'is_deleted': False, 'deleted_time': None, 'config_name': '网页图标', 'config_key': 'sys_web_favicon', 'config_value': '/api/v1/static/image/favicon.png', 'config_type': True}, {'id': 6, 'uuid': 'ed22bf5f-4d2d-4c3c-a368-2901c51836dc', 'status': '0', 'description': '初始化数据', 'created_time': '2026-05-28 13:54:50', 'updated_time': '2026-05-28 13:54:50', 'is_deleted': False, 'deleted_time': None, 'config_name': '版权信息', 'config_key': 'sys_web_copyright', 'config_value': 'Copyright © 2025-2026 service.fastapiadmin.com 版权所有', 'config_type': True}, {'id': 17, 'uuid': '74e27d3b-5cff-48da-a9e5-126385c4bbfc', 'status': '0', 'description': None, 'created_time': '2026-05-28 15:10:40', 'updated_time': '2026-05-28 15:10:40', 'is_deleted': False, 'deleted_time': None, 'config_name': '调度器状态', 'config_key': 'scheduler_status', 'config_value': 'stopped', 'config_type': True}, {'id': 15, 'uuid': 'a0831a35-52ac-4449-9620-93c03b8c85d8', 'status': '0', 'description': '初始化数据', 'created_time': '2026-05-28 13:54:50', 'updated_time': '2026-05-28 13:54:50', 'is_deleted': False, 'deleted_time': None, 'config_name': '接口白名单', 'config_key': 'white_api_list_path', 'config_value': '["/api/v1/system/auth/login", "/api/v1/system/auth/token/refresh", "/api/v1/system/auth/captcha/get", "/api/v1/system/auth/logout", "/api/v1/system/config/info", "/api/v1/system/user/current/info", "/api/v1/system/notice/available", "/api/v1/system/auth/auto-login/users", "/api/v1/system/auth/auto-login/token", "/api/v1/system/auth/auto-login"]', 'config_type': True}]
2026-06-01 09:32:25.476 | INFO     | app.core.middlewares:dispatch:197 - 响应状态: 200, 响应内容长度: 1511, 处理时间: 24.11ms
2026-06-01 09:32:25.563 | INFO     | app.core.middlewares:dispatch:109 - 请求来源: 127.0.0.1,请求方法: GET,请求路径: /api/v1/static/image/logo.png
2026-06-01 09:32:25.565 | INFO     | app.core.middlewares:dispatch:197 - 响应状态: 304, 响应内容长度: 0, 处理时间: 1.74ms
2026-06-01 09:32:25.631 | INFO     | app.core.middlewares:dispatch:109 - 请求来源: 127.0.0.1,请求方法: GET,请求路径: /api/v1/system/auth/captcha/get
2026-06-01 09:32:25.631 | INFO     | app.core.middlewares:dispatch:109 - 请求来源: 127.0.0.1,请求方法: GET,请求路径: /api/v1/system/auth/auto-login/users
2026-06-01 09:32:25.638 | INFO     | app.api.v1.module_system.auth.service:get_captcha_service:361 - 生成验证码成功,验证码:18
2026-06-01 09:32:25.639 | INFO     | app.api.v1.module_system.auth.controller:get_captcha_for_login_controller:127 - 获取验证码成功
2026-06-01 09:32:25.639 | INFO     | app.core.middlewares:dispatch:197 - 响应状态: 200, 响应内容长度: 1458, 处理时间: 7.98ms
2026-06-01 09:32:25.670 | INFO     | app.core.middlewares:dispatch:197 - 响应状态: 200, 响应内容长度: 828, 处理时间: 38.25ms
2026-06-01 09:32:38.878 | INFO     | app.core.middlewares:dispatch:109 - 请求来源: 127.0.0.1,请求方法: POST,请求路径: /api/v1/system/auth/logout
2026-06-01 09:32:38.888 | INFO     | app.api.v1.module_system.auth.service:logout_service:324 - 用户退出登录成功,会话编号:4ed582e5-26fd-4942-9320-54f6468a4eac
2026-06-01 09:32:38.888 | INFO     | app.api.v1.module_system.auth.controller:logout_controller:155 - 退出成功
2026-06-01 09:32:38.900 | INFO     | app.core.middlewares:dispatch:197 - 响应状态: 200, 响应内容长度: 76, 处理时间: 22.6ms
2026-06-01 09:32:38.910 | INFO     | app.core.middlewares:dispatch:109 - 请求来源: 127.0.0.1,请求方法: GET,请求路径: /api/v1/static/upload/2026/04/26/logo_20260426134735A387.png
2026-06-01 09:32:38.911 | ERROR    | app.core.exceptions:HttpExceptionHandler:102 - [HTTP异常] GET /api/v1/static/upload/2026/04/26/logo_20260426134735A387.png | 状态码: 404 | 错误信息: Not Found
2026-06-01 09:32:38.912 | INFO     | app.core.middlewares:dispatch:197 - 响应状态: 404, 响应内容长度: 74, 处理时间: 1.67ms
2026-06-01 09:32:39.024 | INFO     | app.core.middlewares:dispatch:109 - 请求来源: 127.0.0.1,请求方法: GET,请求路径: /api/v1/system/auth/auto-login/users
2026-06-01 09:32:39.026 | INFO     | app.core.middlewares:dispatch:109 - 请求来源: 127.0.0.1,请求方法: GET,请求路径: /api/v1/system/auth/captcha/get
2026-06-01 09:32:39.061 | INFO     | app.api.v1.module_system.auth.service:get_captcha_service:361 - 生成验证码成功,验证码:2
2026-06-01 09:32:39.062 | INFO     | app.api.v1.module_system.auth.controller:get_captcha_for_login_controller:127 - 获取验证码成功
2026-06-01 09:32:39.062 | INFO     | app.core.middlewares:dispatch:197 - 响应状态: 200, 响应内容长度: 1916, 处理时间: 36.01ms
2026-06-01 09:32:39.076 | INFO     | app.core.middlewares:dispatch:197 - 响应状态: 200, 响应内容长度: 828, 处理时间: 51.7ms
2026-06-01 09:32:41.539 | INFO     | app.core.middlewares:dispatch:109 - 请求来源: 127.0.0.1,请求方法: GET,请求路径: /api/v1/system/param/info
2026-06-01 09:32:41.540 | INFO     | app.api.v1.module_system.params.controller:get_init_obj_controller:286 - 获取初始化缓存参数成功 [{'id': 13, 'uuid': '67da0f23-d1cd-4df2-8314-26ba1d427d0a', 'status': '0', 'description': '初始化数据', 'created_time': '2026-05-28 13:54:50', 'updated_time': '2026-05-28 13:54:50', 'is_deleted': False, 'deleted_time': None, 'config_name': '演示模式启用', 'config_key': 'demo_enable', 'config_value': 'false', 'config_type': True}, {'id': 11, 'uuid': 'd65e0ca0-9a9c-437d-8fc2-b50bd548d088', 'status': '0', 'description': '初始化数据', 'created_time': '2026-05-28 13:54:50', 'updated_time': '2026-05-28 13:54:50', 'is_deleted': False, 'deleted_time': None, 'config_name': '源码代码', 'config_key': 'sys_git_code', 'config_value': 'https://github.com/fastapiadmin/FastapiAdmin.git', 'config_type': True}, {'id': 2, 'uuid': '34a2d16c-5121-4e17-9ac6-0373d6f42372', 'status': '0', 'description': '初始化数据', 'created_time': '2026-05-28 13:54:50', 'updated_time': '2026-05-28 13:54:50', 'is_deleted': False, 'deleted_time': None, 'config_name': '网站描述', 'config_key': 'sys_web_description', 'config_value': '嘉期新媒体科技CRM管理系统', 'config_type': True}, {'id': 12, 'uuid': '0ea7cd7e-b931-4ff8-96b9-ab7be4334099', 'status': '0', 'description': '初始化数据', 'created_time': '2026-05-28 13:54:50', 'updated_time': '2026-05-28 13:54:50', 'is_deleted': False, 'deleted_time': None, 'config_name': '项目版本', 'config_key': 'sys_web_version', 'config_value': '2.0.0', 'config_type': True}, {'id': 10, 'uuid': 'ef0c96df-11d2-42c1-95ea-6544ce3ff21a', 'status': '0', 'description': '初始化数据', 'created_time': '2026-05-28 13:54:50', 'updated_time': '2026-05-28 13:54:50', 'is_deleted': False, 'deleted_time': None, 'config_name': '用户协议', 'config_key': 'sys_web_clause', 'config_value': 'https://github.com/fastapiadmin/FastapiAdmin/blob/master/LICENSE', 'config_type': True}, {'id': 7, 'uuid': '874a8241-64a4-4118-b227-c440f7d065e1', 'status': '0', 'description': '初始化数据', 'created_time': '2026-05-28 13:54:50', 'updated_time': '2026-05-28 13:54:50', 'is_deleted': False, 'deleted_time': None, 'config_name': '备案信息', 'config_key': 'sys_keep_record', 'config_value': '陕ICP备2025069493号-1', 'config_type': True}, {'id': 1, 'uuid': '7703e8ce-bc19-4c6a-9d95-0e0b94bb1bbc', 'status': '0', 'description': '初始化数据', 'created_time': '2026-05-28 13:54:50', 'updated_time': '2026-05-28 13:54:50', 'is_deleted': False, 'deleted_time': None, 'config_name': '网站名称', 'config_key': 'sys_web_title', 'config_value': '嘉期新媒体科技CRM', 'config_type': True}, {'id': 4, 'uuid': '5d670058-6674-47ce-911b-5ed1ded0c7cb', 'status': '0', 'description': '初始化数据', 'created_time': '2026-05-28 13:54:50', 'updated_time': '2026-05-28 13:54:50', 'is_deleted': False, 'deleted_time': None, 'config_name': '网站Logo', 'config_key': 'sys_web_logo', 'config_value': '/api/v1/static/image/logo.png', 'config_type': True}, {'id': 16, 'uuid': '7a2bbbe6-30c6-40b9-8a0a-2a387fc17ccf', 'status': '0', 'description': '初始化数据', 'created_time': '2026-05-28 13:54:50', 'updated_time': '2026-05-28 13:54:50', 'is_deleted': False, 'deleted_time': None, 'config_name': '访问IP黑名单', 'config_key': 'ip_black_list', 'config_value': '[]', 'config_type': True}, {'id': 5, 'uuid': '64363cd6-75cc-40f2-a8b6-1e98112bdcd3', 'status': '0', 'description': '初始化数据', 'created_time': '2026-05-28 13:54:50', 'updated_time': '2026-05-28 13:54:50', 'is_deleted': False, 'deleted_time': None, 'config_name': '登录背景', 'config_key': 'sys_login_background', 'config_value': 'https://service.fastapiadmin.com/api/v1/static/image/background.svg', 'config_type': True}, {'id': 14, 'uuid': 'ff4574d4-c611-4637-88b0-92ed76347995', 'status': '0', 'description': '初始化数据', 'created_time': '2026-05-28 13:54:50', 'updated_time': '2026-05-28 13:54:50', 'is_deleted': False, 'deleted_time': None, 'config_name': '演示访问IP白名单', 'config_key': 'ip_white_list', 'config_value': '["127.0.0.1"]', 'config_type': True}, {'id': 8, 'uuid': 'f8aef1af-405e-400f-8610-ae0b25ed6e38', 'status': '0', 'description': '初始化数据', 'created_time': '2026-05-28 13:54:50', 'updated_time': '2026-05-28 13:54:50', 'is_deleted': False, 'deleted_time': None, 'config_name': '帮助文档', 'config_key': 'sys_help_doc', 'config_value': 'https://service.fastapiadmin.com', 'config_type': True}, {'id': 9, 'uuid': '6f210f47-7c9d-4544-b33c-1f8a3b3ec68c', 'status': '0', 'description': '初始化数据', 'created_time': '2026-05-28 13:54:50', 'updated_time': '2026-05-28 13:54:50', 'is_deleted': False, 'deleted_time': None, 'config_name': '隐私政策', 'config_key': 'sys_web_privacy', 'config_value': 'https://github.com/fastapiadmin/FastapiAdmin/blob/master/LICENSE', 'config_type': True}, {'id': 3, 'uuid': 'fbed94cd-159f-485a-befb-86039b2280a6', 'status': '0', 'description': '初始化数据', 'created_time': '2026-05-28 13:54:50', 'updated_time': '2026-05-28 13:54:50', 'is_deleted': False, 'deleted_time': None, 'config_name': '网页图标', 'config_key': 'sys_web_favicon', 'config_value': '/api/v1/static/image/favicon.png', 'config_type': True}, {'id': 6, 'uuid': 'ed22bf5f-4d2d-4c3c-a368-2901c51836dc', 'status': '0', 'description': '初始化数据', 'created_time': '2026-05-28 13:54:50', 'updated_time': '2026-05-28 13:54:50', 'is_deleted': False, 'deleted_time': None, 'config_name': '版权信息', 'config_key': 'sys_web_copyright', 'config_value': 'Copyright © 2025-2026 service.fastapiadmin.com 版权所有', 'config_type': True}, {'id': 17, 'uuid': '74e27d3b-5cff-48da-a9e5-126385c4bbfc', 'status': '0', 'description': None, 'created_time': '2026-05-28 15:10:40', 'updated_time': '2026-05-28 15:10:40', 'is_deleted': False, 'deleted_time': None, 'config_name': '调度器状态', 'config_key': 'scheduler_status', 'config_value': 'stopped', 'config_type': True}, {'id': 15, 'uuid': 'a0831a35-52ac-4449-9620-93c03b8c85d8', 'status': '0', 'description': '初始化数据', 'created_time': '2026-05-28 13:54:50', 'updated_time': '2026-05-28 13:54:50', 'is_deleted': False, 'deleted_time': None, 'config_name': '接口白名单', 'config_key': 'white_api_list_path', 'config_value': '["/api/v1/system/auth/login", "/api/v1/system/auth/token/refresh", "/api/v1/system/auth/captcha/get", "/api/v1/system/auth/logout", "/api/v1/system/config/info", "/api/v1/system/user/current/info", "/api/v1/system/notice/available", "/api/v1/system/auth/auto-login/users", "/api/v1/system/auth/auto-login/token", "/api/v1/system/auth/auto-login"]', 'config_type': True}]
2026-06-01 09:32:41.541 | INFO     | app.core.middlewares:dispatch:197 - 响应状态: 200, 响应内容长度: 1511, 处理时间: 2.19ms
2026-06-01 09:32:41.566 | INFO     | app.core.middlewares:dispatch:109 - 请求来源: 127.0.0.1,请求方法: GET,请求路径: /api/v1/static/image/favicon.png
2026-06-01 09:32:41.568 | INFO     | app.core.middlewares:dispatch:197 - 响应状态: 200, 响应内容长度: 2340, 处理时间: 2.29ms
2026-06-01 09:32:41.682 | INFO     | app.core.middlewares:dispatch:109 - 请求来源: 127.0.0.1,请求方法: GET,请求路径: /api/v1/static/image/logo.png
2026-06-01 09:32:41.684 | INFO     | app.core.middlewares:dispatch:197 - 响应状态: 200, 响应内容长度: 19278, 处理时间: 2.56ms
2026-06-01 09:32:41.776 | INFO     | app.core.middlewares:dispatch:109 - 请求来源: 127.0.0.1,请求方法: GET,请求路径: /api/v1/system/auth/captcha/get
2026-06-01 09:32:41.776 | INFO     | app.core.middlewares:dispatch:109 - 请求来源: 127.0.0.1,请求方法: GET,请求路径: /api/v1/system/auth/auto-login/users
2026-06-01 09:32:41.781 | INFO     | app.api.v1.module_system.auth.service:get_captcha_service:361 - 生成验证码成功,验证码:5
2026-06-01 09:32:41.781 | INFO     | app.api.v1.module_system.auth.controller:get_captcha_for_login_controller:127 - 获取验证码成功
2026-06-01 09:32:41.782 | INFO     | app.core.middlewares:dispatch:197 - 响应状态: 200, 响应内容长度: 2075, 处理时间: 5.5ms
2026-06-01 09:32:41.788 | INFO     | app.core.middlewares:dispatch:197 - 响应状态: 200, 响应内容长度: 828, 处理时间: 11.39ms
2026-06-01 09:32:44.448 | INFO     | app.core.middlewares:dispatch:109 - 请求来源: 127.0.0.1,请求方法: POST,请求路径: /api/v1/system/auth/auto-login/token
2026-06-01 09:32:44.454 | INFO     | app.api.v1.module_system.auth.service:create_auto_login_token_service:498 - 创建免登录Token成功,用户:yangfan_jiaqi
2026-06-01 09:32:44.456 | INFO     | app.core.middlewares:dispatch:197 - 响应状态: 200, 响应内容长度: 194, 处理时间: 8.27ms
2026-06-01 09:32:44.464 | INFO     | app.core.middlewares:dispatch:109 - 请求来源: 127.0.0.1,请求方法: POST,请求路径: /api/v1/system/auth/auto-login
2026-06-01 09:32:44.470 | INFO     | app.api.v1.module_system.auth.service:create_token_service:160 - 用户ID: 10, 用户名: yangfan_jiaqi 正在生成JWT令牌
2026-06-01 09:32:44.471 | INFO     | app.api.v1.module_system.auth.service:auto_login_service:562 - 用户yangfan_jiaqi免登录成功
2026-06-01 09:32:44.471 | INFO     | app.api.v1.module_system.auth.controller:auto_login_controller:237 - 用户免登录成功
2026-06-01 09:32:44.475 | INFO     | app.core.middlewares:dispatch:197 - 响应状态: 200, 响应内容长度: 580, 处理时间: 10.37ms
2026-06-01 09:32:44.483 | INFO     | app.core.middlewares:dispatch:109 - 请求来源: 127.0.0.1,请求方法: GET,请求路径: /api/v1/system/user/current/info
2026-06-01 09:32:44.529 | INFO     | app.api.v1.module_system.user.controller:get_current_user_info_controller:52 - 获取当前用户信息成功
2026-06-01 09:32:44.530 | INFO     | app.core.middlewares:dispatch:197 - 响应状态: 200, 响应内容长度: 1223, 处理时间: 47.49ms
2026-06-01 09:32:44.590 | INFO     | app.core.middlewares:dispatch:109 - 请求来源: 127.0.0.1,请求方法: GET,请求路径: /api/v1/static/upload/2026/04/26/logo_20260426134735A387.png
2026-06-01 09:32:44.591 | ERROR    | app.core.exceptions:HttpExceptionHandler:102 - [HTTP异常] GET /api/v1/static/upload/2026/04/26/logo_20260426134735A387.png | 状态码: 404 | 错误信息: Not Found
2026-06-01 09:32:44.591 | INFO     | app.core.middlewares:dispatch:197 - 响应状态: 404, 响应内容长度: 74, 处理时间: 1.64ms
2026-06-01 09:32:44.639 | INFO     | app.core.middlewares:dispatch:109 - 请求来源: 127.0.0.1,请求方法: GET,请求路径: /api/v1/system/param/info
2026-06-01 09:32:44.643 | INFO     | app.core.middlewares:dispatch:109 - 请求来源: 127.0.0.1,请求方法: GET,请求路径: /api/v1/system/notice/available
2026-06-01 09:32:44.650 | INFO     | app.api.v1.module_system.params.controller:get_init_obj_controller:286 - 获取初始化缓存参数成功 [{'id': 13, 'uuid': '67da0f23-d1cd-4df2-8314-26ba1d427d0a', 'status': '0', 'description': '初始化数据', 'created_time': '2026-05-28 13:54:50', 'updated_time': '2026-05-28 13:54:50', 'is_deleted': False, 'deleted_time': None, 'config_name': '演示模式启用', 'config_key': 'demo_enable', 'config_value': 'false', 'config_type': True}, {'id': 11, 'uuid': 'd65e0ca0-9a9c-437d-8fc2-b50bd548d088', 'status': '0', 'description': '初始化数据', 'created_time': '2026-05-28 13:54:50', 'updated_time': '2026-05-28 13:54:50', 'is_deleted': False, 'deleted_time': None, 'config_name': '源码代码', 'config_key': 'sys_git_code', 'config_value': 'https://github.com/fastapiadmin/FastapiAdmin.git', 'config_type': True}, {'id': 2, 'uuid': '34a2d16c-5121-4e17-9ac6-0373d6f42372', 'status': '0', 'description': '初始化数据', 'created_time': '2026-05-28 13:54:50', 'updated_time': '2026-05-28 13:54:50', 'is_deleted': False, 'deleted_time': None, 'config_name': '网站描述', 'config_key': 'sys_web_description', 'config_value': '嘉期新媒体科技CRM管理系统', 'config_type': True}, {'id': 12, 'uuid': '0ea7cd7e-b931-4ff8-96b9-ab7be4334099', 'status': '0', 'description': '初始化数据', 'created_time': '2026-05-28 13:54:50', 'updated_time': '2026-05-28 13:54:50', 'is_deleted': False, 'deleted_time': None, 'config_name': '项目版本', 'config_key': 'sys_web_version', 'config_value': '2.0.0', 'config_type': True}, {'id': 10, 'uuid': 'ef0c96df-11d2-42c1-95ea-6544ce3ff21a', 'status': '0', 'description': '初始化数据', 'created_time': '2026-05-28 13:54:50', 'updated_time': '2026-05-28 13:54:50', 'is_deleted': False, 'deleted_time': None, 'config_name': '用户协议', 'config_key': 'sys_web_clause', 'config_value': 'https://github.com/fastapiadmin/FastapiAdmin/blob/master/LICENSE', 'config_type': True}, {'id': 7, 'uuid': '874a8241-64a4-4118-b227-c440f7d065e1', 'status': '0', 'description': '初始化数据', 'created_time': '2026-05-28 13:54:50', 'updated_time': '2026-05-28 13:54:50', 'is_deleted': False, 'deleted_time': None, 'config_name': '备案信息', 'config_key': 'sys_keep_record', 'config_value': '陕ICP备2025069493号-1', 'config_type': True}, {'id': 1, 'uuid': '7703e8ce-bc19-4c6a-9d95-0e0b94bb1bbc', 'status': '0', 'description': '初始化数据', 'created_time': '2026-05-28 13:54:50', 'updated_time': '2026-05-28 13:54:50', 'is_deleted': False, 'deleted_time': None, 'config_name': '网站名称', 'config_key': 'sys_web_title', 'config_value': '嘉期新媒体科技CRM', 'config_type': True}, {'id': 4, 'uuid': '5d670058-6674-47ce-911b-5ed1ded0c7cb', 'status': '0', 'description': '初始化数据', 'created_time': '2026-05-28 13:54:50', 'updated_time': '2026-05-28 13:54:50', 'is_deleted': False, 'deleted_time': None, 'config_name': '网站Logo', 'config_key': 'sys_web_logo', 'config_value': '/api/v1/static/image/logo.png', 'config_type': True}, {'id': 16, 'uuid': '7a2bbbe6-30c6-40b9-8a0a-2a387fc17ccf', 'status': '0', 'description': '初始化数据', 'created_time': '2026-05-28 13:54:50', 'updated_time': '2026-05-28 13:54:50', 'is_deleted': False, 'deleted_time': None, 'config_name': '访问IP黑名单', 'config_key': 'ip_black_list', 'config_value': '[]', 'config_type': True}, {'id': 5, 'uuid': '64363cd6-75cc-40f2-a8b6-1e98112bdcd3', 'status': '0', 'description': '初始化数据', 'created_time': '2026-05-28 13:54:50', 'updated_time': '2026-05-28 13:54:50', 'is_deleted': False, 'deleted_time': None, 'config_name': '登录背景', 'config_key': 'sys_login_background', 'config_value': 'https://service.fastapiadmin.com/api/v1/static/image/background.svg', 'config_type': True}, {'id': 14, 'uuid': 'ff4574d4-c611-4637-88b0-92ed76347995', 'status': '0', 'description': '初始化数据', 'created_time': '2026-05-28 13:54:50', 'updated_time': '2026-05-28 13:54:50', 'is_deleted': False, 'deleted_time': None, 'config_name': '演示访问IP白名单', 'config_key': 'ip_white_list', 'config_value': '["127.0.0.1"]', 'config_type': True}, {'id': 8, 'uuid': 'f8aef1af-405e-400f-8610-ae0b25ed6e38', 'status': '0', 'description': '初始化数据', 'created_time': '2026-05-28 13:54:50', 'updated_time': '2026-05-28 13:54:50', 'is_deleted': False, 'deleted_time': None, 'config_name': '帮助文档', 'config_key': 'sys_help_doc', 'config_value': 'https://service.fastapiadmin.com', 'config_type': True}, {'id': 9, 'uuid': '6f210f47-7c9d-4544-b33c-1f8a3b3ec68c', 'status': '0', 'description': '初始化数据', 'created_time': '2026-05-28 13:54:50', 'updated_time': '2026-05-28 13:54:50', 'is_deleted': False, 'deleted_time': None, 'config_name': '隐私政策', 'config_key': 'sys_web_privacy', 'config_value': 'https://github.com/fastapiadmin/FastapiAdmin/blob/master/LICENSE', 'config_type': True}, {'id': 3, 'uuid': 'fbed94cd-159f-485a-befb-86039b2280a6', 'status': '0', 'description': '初始化数据', 'created_time': '2026-05-28 13:54:50', 'updated_time': '2026-05-28 13:54:50', 'is_deleted': False, 'deleted_time': None, 'config_name': '网页图标', 'config_key': 'sys_web_favicon', 'config_value': '/api/v1/static/image/favicon.png', 'config_type': True}, {'id': 6, 'uuid': 'ed22bf5f-4d2d-4c3c-a368-2901c51836dc', 'status': '0', 'description': '初始化数据', 'created_time': '2026-05-28 13:54:50', 'updated_time': '2026-05-28 13:54:50', 'is_deleted': False, 'deleted_time': None, 'config_name': '版权信息', 'config_key': 'sys_web_copyright', 'config_value': 'Copyright © 2025-2026 service.fastapiadmin.com 版权所有', 'config_type': True}, {'id': 17, 'uuid': '74e27d3b-5cff-48da-a9e5-126385c4bbfc', 'status': '0', 'description': None, 'created_time': '2026-05-28 15:10:40', 'updated_time': '2026-05-28 15:10:40', 'is_deleted': False, 'deleted_time': None, 'config_name': '调度器状态', 'config_key': 'scheduler_status', 'config_value': 'stopped', 'config_type': True}, {'id': 15, 'uuid': 'a0831a35-52ac-4449-9620-93c03b8c85d8', 'status': '0', 'description': '初始化数据', 'created_time': '2026-05-28 13:54:50', 'updated_time': '2026-05-28 13:54:50', 'is_deleted': False, 'deleted_time': None, 'config_name': '接口白名单', 'config_key': 'white_api_list_path', 'config_value': '["/api/v1/system/auth/login", "/api/v1/system/auth/token/refresh", "/api/v1/system/auth/captcha/get", "/api/v1/system/auth/logout", "/api/v1/system/config/info", "/api/v1/system/user/current/info", "/api/v1/system/notice/available", "/api/v1/system/auth/auto-login/users", "/api/v1/system/auth/auto-login/token", "/api/v1/system/auth/auto-login"]', 'config_type': True}]
2026-06-01 09:32:44.651 | INFO     | app.core.middlewares:dispatch:197 - 响应状态: 200, 响应内容长度: 1511, 处理时间: 13.25ms
2026-06-01 09:32:44.672 | INFO     | app.api.v1.module_system.notice.controller:get_obj_list_available_controller:231 - 查询已启用公告列表成功
2026-06-01 09:32:44.676 | INFO     | app.core.middlewares:dispatch:197 - 响应状态: 200, 响应内容长度: 159, 处理时间: 35.59ms
2026-06-01 09:32:47.775 | INFO     | app.core.middlewares:dispatch:109 - 请求来源: 127.0.0.1,请求方法: GET,请求路径: /api/v1/salesmanagement/marketing_resources/list
2026-06-01 09:32:47.778 | INFO     | app.core.middlewares:dispatch:109 - 请求来源: 127.0.0.1,请求方法: GET,请求路径: /api/v1/system/dict/data/info/crm_marketing_resources_importance
2026-06-01 09:32:47.782 | INFO     | app.api.v1.module_system.dict.controller:get_init_dict_data_controller:526 - 获取初始化字典数据成功：[{'id': 35, 'uuid': '9beace41-c470-4a92-b0bb-4cce9c51df78', 'status': '0', 'description': None, 'created_time': '2026-06-01 09:15:48', 'updated_time': '2026-06-01 09:15:48', 'is_deleted': False, 'deleted_time': None, 'dict_sort': 1, 'dict_label': '普通', 'dict_value': 'normal', 'dict_type': 'crm_marketing_resources_importance', 'dict_type_id': 11, 'css_class': None, 'list_class': None, 'is_default': True}, {'id': 36, 'uuid': 'b125da0a-0c07-40de-8af4-3c4f8db74cca', 'status': '0', 'description': None, 'created_time': '2026-06-01 09:15:48', 'updated_time': '2026-06-01 09:15:48', 'is_deleted': False, 'deleted_time': None, 'dict_sort': 2, 'dict_label': '紧急', 'dict_value': 'urgent', 'dict_type': 'crm_marketing_resources_importance', 'dict_type_id': 11, 'css_class': None, 'list_class': None, 'is_default': False}]
2026-06-01 09:32:47.782 | INFO     | app.core.middlewares:dispatch:197 - 响应状态: 200, 响应内容长度: 853, 处理时间: 4.01ms
2026-06-01 09:32:47.839 | INFO     | app.plugin.module_salesmanagement.marketing_resources.controller:get_marketing_resource_list_controller:66 - 查询营销资源列表成功
2026-06-01 09:32:47.855 | INFO     | app.core.middlewares:dispatch:197 - 响应状态: 200, 响应内容长度: 1558, 处理时间: 80.17ms
2026-06-01 09:32:47.862 | INFO     | app.core.middlewares:dispatch:109 - 请求来源: 127.0.0.1,请求方法: GET,请求路径: /api/v1/salesmanagement/marketing_resources/list
2026-06-01 09:32:47.915 | INFO     | app.plugin.module_salesmanagement.marketing_resources.controller:get_marketing_resource_list_controller:66 - 查询营销资源列表成功
2026-06-01 09:32:47.917 | INFO     | app.core.middlewares:dispatch:197 - 响应状态: 200, 响应内容长度: 1558, 处理时间: 55.49ms
2026-06-01 09:32:55.375 | INFO     | app.core.middlewares:dispatch:109 - 请求来源: 127.0.0.1,请求方法: POST,请求路径: /api/v1/system/auth/logout
2026-06-01 09:32:55.390 | INFO     | app.api.v1.module_system.auth.service:logout_service:324 - 用户退出登录成功,会话编号:2bae4bd1-dfb1-4499-a3dc-a6a76c466df4
2026-06-01 09:32:55.390 | INFO     | app.api.v1.module_system.auth.controller:logout_controller:155 - 退出成功
2026-06-01 09:32:55.399 | INFO     | app.core.middlewares:dispatch:197 - 响应状态: 200, 响应内容长度: 76, 处理时间: 23.91ms
2026-06-01 09:32:55.464 | INFO     | app.core.middlewares:dispatch:109 - 请求来源: 127.0.0.1,请求方法: GET,请求路径: /api/v1/system/auth/auto-login/users
2026-06-01 09:32:55.465 | INFO     | app.core.middlewares:dispatch:109 - 请求来源: 127.0.0.1,请求方法: GET,请求路径: /api/v1/system/auth/captcha/get
2026-06-01 09:32:55.474 | INFO     | app.api.v1.module_system.auth.service:get_captcha_service:361 - 生成验证码成功,验证码:2
2026-06-01 09:32:55.474 | INFO     | app.api.v1.module_system.auth.controller:get_captcha_for_login_controller:127 - 获取验证码成功
2026-06-01 09:32:55.475 | INFO     | app.core.middlewares:dispatch:197 - 响应状态: 200, 响应内容长度: 2362, 处理时间: 10.0ms
2026-06-01 09:32:55.485 | INFO     | app.core.middlewares:dispatch:197 - 响应状态: 200, 响应内容长度: 828, 处理时间: 20.74ms
2026-06-01 09:33:03.266 | INFO     | app.core.middlewares:dispatch:109 - 请求来源: 127.0.0.1,请求方法: POST,请求路径: /api/v1/system/auth/login
2026-06-01 09:33:03.271 | INFO     | app.api.v1.module_system.auth.service:check_captcha_service:404 - 验证码校验成功,key:05fdc20e38984d28bc1d1116e242e323
2026-06-01 09:33:03.560 | INFO     | app.api.v1.module_system.auth.service:create_token_service:160 - 用户ID: 11, 用户名: gongruining_jiaqi 正在生成JWT令牌
2026-06-01 09:33:03.561 | INFO     | app.api.v1.module_system.auth.controller:login_for_access_token_controller:59 - 用户gongruining_jiaqi登录成功
2026-06-01 09:33:03.564 | INFO     | app.core.middlewares:dispatch:197 - 响应状态: 200, 响应内容长度: 593, 处理时间: 298.59ms
2026-06-01 09:33:03.594 | INFO     | app.core.middlewares:dispatch:109 - 请求来源: 127.0.0.1,请求方法: GET,请求路径: /api/v1/system/user/current/info
2026-06-01 09:33:03.626 | INFO     | app.api.v1.module_system.user.controller:get_current_user_info_controller:52 - 获取当前用户信息成功
2026-06-01 09:33:03.627 | INFO     | app.core.middlewares:dispatch:197 - 响应状态: 200, 响应内容长度: 1243, 处理时间: 32.79ms
2026-06-01 09:33:04.153 | INFO     | app.core.middlewares:dispatch:109 - 请求来源: 127.0.0.1,请求方法: GET,请求路径: /api/v1/system/param/info
2026-06-01 09:33:04.155 | INFO     | app.core.middlewares:dispatch:109 - 请求来源: 127.0.0.1,请求方法: GET,请求路径: /api/v1/system/notice/available
2026-06-01 09:33:04.160 | INFO     | app.api.v1.module_system.params.controller:get_init_obj_controller:286 - 获取初始化缓存参数成功 [{'id': 13, 'uuid': '67da0f23-d1cd-4df2-8314-26ba1d427d0a', 'status': '0', 'description': '初始化数据', 'created_time': '2026-05-28 13:54:50', 'updated_time': '2026-05-28 13:54:50', 'is_deleted': False, 'deleted_time': None, 'config_name': '演示模式启用', 'config_key': 'demo_enable', 'config_value': 'false', 'config_type': True}, {'id': 11, 'uuid': 'd65e0ca0-9a9c-437d-8fc2-b50bd548d088', 'status': '0', 'description': '初始化数据', 'created_time': '2026-05-28 13:54:50', 'updated_time': '2026-05-28 13:54:50', 'is_deleted': False, 'deleted_time': None, 'config_name': '源码代码', 'config_key': 'sys_git_code', 'config_value': 'https://github.com/fastapiadmin/FastapiAdmin.git', 'config_type': True}, {'id': 2, 'uuid': '34a2d16c-5121-4e17-9ac6-0373d6f42372', 'status': '0', 'description': '初始化数据', 'created_time': '2026-05-28 13:54:50', 'updated_time': '2026-05-28 13:54:50', 'is_deleted': False, 'deleted_time': None, 'config_name': '网站描述', 'config_key': 'sys_web_description', 'config_value': '嘉期新媒体科技CRM管理系统', 'config_type': True}, {'id': 12, 'uuid': '0ea7cd7e-b931-4ff8-96b9-ab7be4334099', 'status': '0', 'description': '初始化数据', 'created_time': '2026-05-28 13:54:50', 'updated_time': '2026-05-28 13:54:50', 'is_deleted': False, 'deleted_time': None, 'config_name': '项目版本', 'config_key': 'sys_web_version', 'config_value': '2.0.0', 'config_type': True}, {'id': 10, 'uuid': 'ef0c96df-11d2-42c1-95ea-6544ce3ff21a', 'status': '0', 'description': '初始化数据', 'created_time': '2026-05-28 13:54:50', 'updated_time': '2026-05-28 13:54:50', 'is_deleted': False, 'deleted_time': None, 'config_name': '用户协议', 'config_key': 'sys_web_clause', 'config_value': 'https://github.com/fastapiadmin/FastapiAdmin/blob/master/LICENSE', 'config_type': True}, {'id': 7, 'uuid': '874a8241-64a4-4118-b227-c440f7d065e1', 'status': '0', 'description': '初始化数据', 'created_time': '2026-05-28 13:54:50', 'updated_time': '2026-05-28 13:54:50', 'is_deleted': False, 'deleted_time': None, 'config_name': '备案信息', 'config_key': 'sys_keep_record', 'config_value': '陕ICP备2025069493号-1', 'config_type': True}, {'id': 1, 'uuid': '7703e8ce-bc19-4c6a-9d95-0e0b94bb1bbc', 'status': '0', 'description': '初始化数据', 'created_time': '2026-05-28 13:54:50', 'updated_time': '2026-05-28 13:54:50', 'is_deleted': False, 'deleted_time': None, 'config_name': '网站名称', 'config_key': 'sys_web_title', 'config_value': '嘉期新媒体科技CRM', 'config_type': True}, {'id': 4, 'uuid': '5d670058-6674-47ce-911b-5ed1ded0c7cb', 'status': '0', 'description': '初始化数据', 'created_time': '2026-05-28 13:54:50', 'updated_time': '2026-05-28 13:54:50', 'is_deleted': False, 'deleted_time': None, 'config_name': '网站Logo', 'config_key': 'sys_web_logo', 'config_value': '/api/v1/static/image/logo.png', 'config_type': True}, {'id': 16, 'uuid': '7a2bbbe6-30c6-40b9-8a0a-2a387fc17ccf', 'status': '0', 'description': '初始化数据', 'created_time': '2026-05-28 13:54:50', 'updated_time': '2026-05-28 13:54:50', 'is_deleted': False, 'deleted_time': None, 'config_name': '访问IP黑名单', 'config_key': 'ip_black_list', 'config_value': '[]', 'config_type': True}, {'id': 5, 'uuid': '64363cd6-75cc-40f2-a8b6-1e98112bdcd3', 'status': '0', 'description': '初始化数据', 'created_time': '2026-05-28 13:54:50', 'updated_time': '2026-05-28 13:54:50', 'is_deleted': False, 'deleted_time': None, 'config_name': '登录背景', 'config_key': 'sys_login_background', 'config_value': 'https://service.fastapiadmin.com/api/v1/static/image/background.svg', 'config_type': True}, {'id': 14, 'uuid': 'ff4574d4-c611-4637-88b0-92ed76347995', 'status': '0', 'description': '初始化数据', 'created_time': '2026-05-28 13:54:50', 'updated_time': '2026-05-28 13:54:50', 'is_deleted': False, 'deleted_time': None, 'config_name': '演示访问IP白名单', 'config_key': 'ip_white_list', 'config_value': '["127.0.0.1"]', 'config_type': True}, {'id': 8, 'uuid': 'f8aef1af-405e-400f-8610-ae0b25ed6e38', 'status': '0', 'description': '初始化数据', 'created_time': '2026-05-28 13:54:50', 'updated_time': '2026-05-28 13:54:50', 'is_deleted': False, 'deleted_time': None, 'config_name': '帮助文档', 'config_key': 'sys_help_doc', 'config_value': 'https://service.fastapiadmin.com', 'config_type': True}, {'id': 9, 'uuid': '6f210f47-7c9d-4544-b33c-1f8a3b3ec68c', 'status': '0', 'description': '初始化数据', 'created_time': '2026-05-28 13:54:50', 'updated_time': '2026-05-28 13:54:50', 'is_deleted': False, 'deleted_time': None, 'config_name': '隐私政策', 'config_key': 'sys_web_privacy', 'config_value': 'https://github.com/fastapiadmin/FastapiAdmin/blob/master/LICENSE', 'config_type': True}, {'id': 3, 'uuid': 'fbed94cd-159f-485a-befb-86039b2280a6', 'status': '0', 'description': '初始化数据', 'created_time': '2026-05-28 13:54:50', 'updated_time': '2026-05-28 13:54:50', 'is_deleted': False, 'deleted_time': None, 'config_name': '网页图标', 'config_key': 'sys_web_favicon', 'config_value': '/api/v1/static/image/favicon.png', 'config_type': True}, {'id': 6, 'uuid': 'ed22bf5f-4d2d-4c3c-a368-2901c51836dc', 'status': '0', 'description': '初始化数据', 'created_time': '2026-05-28 13:54:50', 'updated_time': '2026-05-28 13:54:50', 'is_deleted': False, 'deleted_time': None, 'config_name': '版权信息', 'config_key': 'sys_web_copyright', 'config_value': 'Copyright © 2025-2026 service.fastapiadmin.com 版权所有', 'config_type': True}, {'id': 17, 'uuid': '74e27d3b-5cff-48da-a9e5-126385c4bbfc', 'status': '0', 'description': None, 'created_time': '2026-05-28 15:10:40', 'updated_time': '2026-05-28 15:10:40', 'is_deleted': False, 'deleted_time': None, 'config_name': '调度器状态', 'config_key': 'scheduler_status', 'config_value': 'stopped', 'config_type': True}, {'id': 15, 'uuid': 'a0831a35-52ac-4449-9620-93c03b8c85d8', 'status': '0', 'description': '初始化数据', 'created_time': '2026-05-28 13:54:50', 'updated_time': '2026-05-28 13:54:50', 'is_deleted': False, 'deleted_time': None, 'config_name': '接口白名单', 'config_key': 'white_api_list_path', 'config_value': '["/api/v1/system/auth/login", "/api/v1/system/auth/token/refresh", "/api/v1/system/auth/captcha/get", "/api/v1/system/auth/logout", "/api/v1/system/config/info", "/api/v1/system/user/current/info", "/api/v1/system/notice/available", "/api/v1/system/auth/auto-login/users", "/api/v1/system/auth/auto-login/token", "/api/v1/system/auth/auto-login"]', 'config_type': True}]
2026-06-01 09:33:04.161 | INFO     | app.core.middlewares:dispatch:197 - 响应状态: 200, 响应内容长度: 1511, 处理时间: 8.03ms
2026-06-01 09:33:04.191 | INFO     | app.api.v1.module_system.notice.controller:get_obj_list_available_controller:231 - 查询已启用公告列表成功
2026-06-01 09:33:04.192 | INFO     | app.core.middlewares:dispatch:197 - 响应状态: 200, 响应内容长度: 159, 处理时间: 37.6ms
2026-06-01 09:33:16.301 | INFO     | app.core.middlewares:dispatch:109 - 请求来源: 127.0.0.1,请求方法: POST,请求路径: /api/v1/system/auth/login
2026-06-01 09:33:16.312 | INFO     | app.api.v1.module_system.auth.service:check_captcha_service:404 - 验证码校验成功,key:4eb34370df9e48199468bca1fadf3de3
2026-06-01 09:33:16.616 | INFO     | app.api.v1.module_system.auth.service:create_token_service:160 - 用户ID: 10, 用户名: yangfan_jiaqi 正在生成JWT令牌
2026-06-01 09:33:16.617 | INFO     | app.api.v1.module_system.auth.controller:login_for_access_token_controller:59 - 用户yangfan_jiaqi登录成功
2026-06-01 09:33:16.622 | INFO     | app.core.middlewares:dispatch:197 - 响应状态: 200, 响应内容长度: 586, 处理时间: 322.07ms
2026-06-01 09:33:16.661 | INFO     | app.core.middlewares:dispatch:109 - 请求来源: 127.0.0.1,请求方法: GET,请求路径: /api/v1/system/user/current/info
2026-06-01 09:33:16.698 | INFO     | app.api.v1.module_system.user.controller:get_current_user_info_controller:52 - 获取当前用户信息成功
2026-06-01 09:33:16.699 | INFO     | app.core.middlewares:dispatch:197 - 响应状态: 200, 响应内容长度: 1233, 处理时间: 38.52ms
2026-06-01 09:33:19.675 | INFO     | app.core.middlewares:dispatch:109 - 请求来源: 127.0.0.1,请求方法: GET,请求路径: /api/v1/salesmanagement/marketing_resources/list
2026-06-01 09:33:19.684 | INFO     | app.core.middlewares:dispatch:109 - 请求来源: 127.0.0.1,请求方法: GET,请求路径: /api/v1/system/dict/data/info/crm_marketing_resources_importance
2026-06-01 09:33:19.686 | INFO     | app.api.v1.module_system.dict.controller:get_init_dict_data_controller:526 - 获取初始化字典数据成功：[{'id': 35, 'uuid': '9beace41-c470-4a92-b0bb-4cce9c51df78', 'status': '0', 'description': None, 'created_time': '2026-06-01 09:15:48', 'updated_time': '2026-06-01 09:15:48', 'is_deleted': False, 'deleted_time': None, 'dict_sort': 1, 'dict_label': '普通', 'dict_value': 'normal', 'dict_type': 'crm_marketing_resources_importance', 'dict_type_id': 11, 'css_class': None, 'list_class': None, 'is_default': True}, {'id': 36, 'uuid': 'b125da0a-0c07-40de-8af4-3c4f8db74cca', 'status': '0', 'description': None, 'created_time': '2026-06-01 09:15:48', 'updated_time': '2026-06-01 09:15:48', 'is_deleted': False, 'deleted_time': None, 'dict_sort': 2, 'dict_label': '紧急', 'dict_value': 'urgent', 'dict_type': 'crm_marketing_resources_importance', 'dict_type_id': 11, 'css_class': None, 'list_class': None, 'is_default': False}]
2026-06-01 09:33:19.686 | INFO     | app.core.middlewares:dispatch:197 - 响应状态: 200, 响应内容长度: 853, 处理时间: 2.36ms
2026-06-01 09:33:19.706 | INFO     | app.plugin.module_salesmanagement.marketing_resources.controller:get_marketing_resource_list_controller:66 - 查询营销资源列表成功
2026-06-01 09:33:19.710 | INFO     | app.core.middlewares:dispatch:197 - 响应状态: 200, 响应内容长度: 1558, 处理时间: 34.57ms
2026-06-01 09:33:19.720 | INFO     | app.core.middlewares:dispatch:109 - 请求来源: 127.0.0.1,请求方法: GET,请求路径: /api/v1/salesmanagement/marketing_resources/list
2026-06-01 09:33:19.747 | INFO     | app.plugin.module_salesmanagement.marketing_resources.controller:get_marketing_resource_list_controller:66 - 查询营销资源列表成功
2026-06-01 09:33:19.749 | INFO     | app.core.middlewares:dispatch:197 - 响应状态: 200, 响应内容长度: 1558, 处理时间: 29.21ms
2026-06-01 09:35:20.535 | INFO     | app.core.middlewares:dispatch:109 - 请求来源: 127.0.0.1,请求方法: POST,请求路径: /api/v1/system/auth/auto-login/token
2026-06-01 09:35:20.555 | INFO     | app.api.v1.module_system.auth.service:create_auto_login_token_service:498 - 创建免登录Token成功,用户:admin
2026-06-01 09:35:20.562 | INFO     | app.core.middlewares:dispatch:197 - 响应状态: 200, 响应内容长度: 242, 处理时间: 26.95ms
2026-06-01 09:35:20.569 | INFO     | app.core.middlewares:dispatch:109 - 请求来源: 127.0.0.1,请求方法: POST,请求路径: /api/v1/system/auth/auto-login
2026-06-01 09:35:20.574 | INFO     | app.api.v1.module_system.auth.service:create_token_service:160 - 用户ID: 1, 用户名: admin 正在生成JWT令牌
2026-06-01 09:35:20.577 | INFO     | app.api.v1.module_system.auth.service:auto_login_service:562 - 用户admin免登录成功
2026-06-01 09:35:20.578 | INFO     | app.api.v1.module_system.auth.controller:auto_login_controller:237 - 用户免登录成功
2026-06-01 09:35:20.581 | INFO     | app.core.middlewares:dispatch:197 - 响应状态: 200, 响应内容长度: 601, 处理时间: 12.41ms
2026-06-01 09:35:20.589 | INFO     | app.core.middlewares:dispatch:109 - 请求来源: 127.0.0.1,请求方法: GET,请求路径: /api/v1/system/user/current/info
2026-06-01 09:35:20.623 | INFO     | app.api.v1.module_system.user.controller:get_current_user_info_controller:52 - 获取当前用户信息成功
2026-06-01 09:35:20.628 | INFO     | app.core.middlewares:dispatch:197 - 响应状态: 200, 响应内容长度: 4324, 处理时间: 38.94ms
2026-06-01 09:35:20.774 | INFO     | app.core.middlewares:dispatch:109 - 请求来源: 127.0.0.1,请求方法: GET,请求路径: /api/v1/system/notice/available
2026-06-01 09:35:20.774 | INFO     | app.core.middlewares:dispatch:109 - 请求来源: 127.0.0.1,请求方法: GET,请求路径: /api/v1/system/param/info
2026-06-01 09:35:20.782 | INFO     | app.api.v1.module_system.params.controller:get_init_obj_controller:286 - 获取初始化缓存参数成功 [{'id': 13, 'uuid': '67da0f23-d1cd-4df2-8314-26ba1d427d0a', 'status': '0', 'description': '初始化数据', 'created_time': '2026-05-28 13:54:50', 'updated_time': '2026-05-28 13:54:50', 'is_deleted': False, 'deleted_time': None, 'config_name': '演示模式启用', 'config_key': 'demo_enable', 'config_value': 'false', 'config_type': True}, {'id': 11, 'uuid': 'd65e0ca0-9a9c-437d-8fc2-b50bd548d088', 'status': '0', 'description': '初始化数据', 'created_time': '2026-05-28 13:54:50', 'updated_time': '2026-05-28 13:54:50', 'is_deleted': False, 'deleted_time': None, 'config_name': '源码代码', 'config_key': 'sys_git_code', 'config_value': 'https://github.com/fastapiadmin/FastapiAdmin.git', 'config_type': True}, {'id': 2, 'uuid': '34a2d16c-5121-4e17-9ac6-0373d6f42372', 'status': '0', 'description': '初始化数据', 'created_time': '2026-05-28 13:54:50', 'updated_time': '2026-05-28 13:54:50', 'is_deleted': False, 'deleted_time': None, 'config_name': '网站描述', 'config_key': 'sys_web_description', 'config_value': '嘉期新媒体科技CRM管理系统', 'config_type': True}, {'id': 12, 'uuid': '0ea7cd7e-b931-4ff8-96b9-ab7be4334099', 'status': '0', 'description': '初始化数据', 'created_time': '2026-05-28 13:54:50', 'updated_time': '2026-05-28 13:54:50', 'is_deleted': False, 'deleted_time': None, 'config_name': '项目版本', 'config_key': 'sys_web_version', 'config_value': '2.0.0', 'config_type': True}, {'id': 10, 'uuid': 'ef0c96df-11d2-42c1-95ea-6544ce3ff21a', 'status': '0', 'description': '初始化数据', 'created_time': '2026-05-28 13:54:50', 'updated_time': '2026-05-28 13:54:50', 'is_deleted': False, 'deleted_time': None, 'config_name': '用户协议', 'config_key': 'sys_web_clause', 'config_value': 'https://github.com/fastapiadmin/FastapiAdmin/blob/master/LICENSE', 'config_type': True}, {'id': 7, 'uuid': '874a8241-64a4-4118-b227-c440f7d065e1', 'status': '0', 'description': '初始化数据', 'created_time': '2026-05-28 13:54:50', 'updated_time': '2026-05-28 13:54:50', 'is_deleted': False, 'deleted_time': None, 'config_name': '备案信息', 'config_key': 'sys_keep_record', 'config_value': '陕ICP备2025069493号-1', 'config_type': True}, {'id': 1, 'uuid': '7703e8ce-bc19-4c6a-9d95-0e0b94bb1bbc', 'status': '0', 'description': '初始化数据', 'created_time': '2026-05-28 13:54:50', 'updated_time': '2026-05-28 13:54:50', 'is_deleted': False, 'deleted_time': None, 'config_name': '网站名称', 'config_key': 'sys_web_title', 'config_value': '嘉期新媒体科技CRM', 'config_type': True}, {'id': 4, 'uuid': '5d670058-6674-47ce-911b-5ed1ded0c7cb', 'status': '0', 'description': '初始化数据', 'created_time': '2026-05-28 13:54:50', 'updated_time': '2026-05-28 13:54:50', 'is_deleted': False, 'deleted_time': None, 'config_name': '网站Logo', 'config_key': 'sys_web_logo', 'config_value': '/api/v1/static/image/logo.png', 'config_type': True}, {'id': 16, 'uuid': '7a2bbbe6-30c6-40b9-8a0a-2a387fc17ccf', 'status': '0', 'description': '初始化数据', 'created_time': '2026-05-28 13:54:50', 'updated_time': '2026-05-28 13:54:50', 'is_deleted': False, 'deleted_time': None, 'config_name': '访问IP黑名单', 'config_key': 'ip_black_list', 'config_value': '[]', 'config_type': True}, {'id': 5, 'uuid': '64363cd6-75cc-40f2-a8b6-1e98112bdcd3', 'status': '0', 'description': '初始化数据', 'created_time': '2026-05-28 13:54:50', 'updated_time': '2026-05-28 13:54:50', 'is_deleted': False, 'deleted_time': None, 'config_name': '登录背景', 'config_key': 'sys_login_background', 'config_value': 'https://service.fastapiadmin.com/api/v1/static/image/background.svg', 'config_type': True}, {'id': 14, 'uuid': 'ff4574d4-c611-4637-88b0-92ed76347995', 'status': '0', 'description': '初始化数据', 'created_time': '2026-05-28 13:54:50', 'updated_time': '2026-05-28 13:54:50', 'is_deleted': False, 'deleted_time': None, 'config_name': '演示访问IP白名单', 'config_key': 'ip_white_list', 'config_value': '["127.0.0.1"]', 'config_type': True}, {'id': 8, 'uuid': 'f8aef1af-405e-400f-8610-ae0b25ed6e38', 'status': '0', 'description': '初始化数据', 'created_time': '2026-05-28 13:54:50', 'updated_time': '2026-05-28 13:54:50', 'is_deleted': False, 'deleted_time': None, 'config_name': '帮助文档', 'config_key': 'sys_help_doc', 'config_value': 'https://service.fastapiadmin.com', 'config_type': True}, {'id': 9, 'uuid': '6f210f47-7c9d-4544-b33c-1f8a3b3ec68c', 'status': '0', 'description': '初始化数据', 'created_time': '2026-05-28 13:54:50', 'updated_time': '2026-05-28 13:54:50', 'is_deleted': False, 'deleted_time': None, 'config_name': '隐私政策', 'config_key': 'sys_web_privacy', 'config_value': 'https://github.com/fastapiadmin/FastapiAdmin/blob/master/LICENSE', 'config_type': True}, {'id': 3, 'uuid': 'fbed94cd-159f-485a-befb-86039b2280a6', 'status': '0', 'description': '初始化数据', 'created_time': '2026-05-28 13:54:50', 'updated_time': '2026-05-28 13:54:50', 'is_deleted': False, 'deleted_time': None, 'config_name': '网页图标', 'config_key': 'sys_web_favicon', 'config_value': '/api/v1/static/image/favicon.png', 'config_type': True}, {'id': 6, 'uuid': 'ed22bf5f-4d2d-4c3c-a368-2901c51836dc', 'status': '0', 'description': '初始化数据', 'created_time': '2026-05-28 13:54:50', 'updated_time': '2026-05-28 13:54:50', 'is_deleted': False, 'deleted_time': None, 'config_name': '版权信息', 'config_key': 'sys_web_copyright', 'config_value': 'Copyright © 2025-2026 service.fastapiadmin.com 版权所有', 'config_type': True}, {'id': 17, 'uuid': '74e27d3b-5cff-48da-a9e5-126385c4bbfc', 'status': '0', 'description': None, 'created_time': '2026-05-28 15:10:40', 'updated_time': '2026-05-28 15:10:40', 'is_deleted': False, 'deleted_time': None, 'config_name': '调度器状态', 'config_key': 'scheduler_status', 'config_value': 'stopped', 'config_type': True}, {'id': 15, 'uuid': 'a0831a35-52ac-4449-9620-93c03b8c85d8', 'status': '0', 'description': '初始化数据', 'created_time': '2026-05-28 13:54:50', 'updated_time': '2026-05-28 13:54:50', 'is_deleted': False, 'deleted_time': None, 'config_name': '接口白名单', 'config_key': 'white_api_list_path', 'config_value': '["/api/v1/system/auth/login", "/api/v1/system/auth/token/refresh", "/api/v1/system/auth/captcha/get", "/api/v1/system/auth/logout", "/api/v1/system/config/info", "/api/v1/system/user/current/info", "/api/v1/system/notice/available", "/api/v1/system/auth/auto-login/users", "/api/v1/system/auth/auto-login/token", "/api/v1/system/auth/auto-login"]', 'config_type': True}]
2026-06-01 09:35:20.784 | INFO     | app.core.middlewares:dispatch:197 - 响应状态: 200, 响应内容长度: 1511, 处理时间: 9.44ms
2026-06-01 09:35:20.813 | INFO     | app.api.v1.module_system.notice.controller:get_obj_list_available_controller:231 - 查询已启用公告列表成功
2026-06-01 09:35:20.814 | INFO     | app.core.middlewares:dispatch:197 - 响应状态: 200, 响应内容长度: 159, 处理时间: 40.8ms
2026-06-01 09:35:26.720 | INFO     | app.core.middlewares:dispatch:109 - 请求来源: 127.0.0.1,请求方法: GET,请求路径: /api/v1/salesmanagement/marketing_resources/list
2026-06-01 09:35:26.723 | INFO     | app.core.middlewares:dispatch:109 - 请求来源: 127.0.0.1,请求方法: GET,请求路径: /api/v1/system/dict/data/info/crm_marketing_resources_importance
2026-06-01 09:35:26.725 | INFO     | app.api.v1.module_system.dict.controller:get_init_dict_data_controller:526 - 获取初始化字典数据成功：[{'id': 35, 'uuid': '9beace41-c470-4a92-b0bb-4cce9c51df78', 'status': '0', 'description': None, 'created_time': '2026-06-01 09:15:48', 'updated_time': '2026-06-01 09:15:48', 'is_deleted': False, 'deleted_time': None, 'dict_sort': 1, 'dict_label': '普通', 'dict_value': 'normal', 'dict_type': 'crm_marketing_resources_importance', 'dict_type_id': 11, 'css_class': None, 'list_class': None, 'is_default': True}, {'id': 36, 'uuid': 'b125da0a-0c07-40de-8af4-3c4f8db74cca', 'status': '0', 'description': None, 'created_time': '2026-06-01 09:15:48', 'updated_time': '2026-06-01 09:15:48', 'is_deleted': False, 'deleted_time': None, 'dict_sort': 2, 'dict_label': '紧急', 'dict_value': 'urgent', 'dict_type': 'crm_marketing_resources_importance', 'dict_type_id': 11, 'css_class': None, 'list_class': None, 'is_default': False}]
2026-06-01 09:35:26.726 | INFO     | app.core.middlewares:dispatch:197 - 响应状态: 200, 响应内容长度: 853, 处理时间: 2.08ms
2026-06-01 09:35:26.804 | INFO     | app.plugin.module_salesmanagement.marketing_resources.controller:get_marketing_resource_list_controller:66 - 查询营销资源列表成功
2026-06-01 09:35:26.806 | INFO     | app.core.middlewares:dispatch:197 - 响应状态: 200, 响应内容长度: 1558, 处理时间: 86.11ms
2026-06-01 09:35:26.811 | INFO     | app.core.middlewares:dispatch:109 - 请求来源: 127.0.0.1,请求方法: GET,请求路径: /api/v1/salesmanagement/marketing_resources/list
2026-06-01 09:35:26.842 | INFO     | app.plugin.module_salesmanagement.marketing_resources.controller:get_marketing_resource_list_controller:66 - 查询营销资源列表成功
2026-06-01 09:35:26.847 | INFO     | app.core.middlewares:dispatch:197 - 响应状态: 200, 响应内容长度: 1558, 处理时间: 35.97ms
2026-06-01 09:35:31.739 | INFO     | app.core.middlewares:dispatch:109 - 请求来源: 127.0.0.1,请求方法: POST,请求路径: /api/v1/salesmanagement/marketing_resources/import/feishu
2026-06-01 09:35:31.874 | ERROR    | app.core.exceptions:CustomExceptionHandler:80 - [自定义异常] POST /api/v1/salesmanagement/marketing_resources/import/feishu | 错误码: -1 | 错误信息: 未配置飞书应用凭证，请在 env 中设置 FEISHU_APP_ID / FEISHU_APP_SECRET | 详情: None
2026-06-01 09:35:31.875 | INFO     | app.core.middlewares:dispatch:197 - 响应状态: 500, 响应内容长度: 150, 处理时间: 136.18ms
2026-06-01 09:36:52.859 | INFO     | app.core.middlewares:dispatch:109 - 请求来源: 127.0.0.1,请求方法: GET,请求路径: /api/v1/salesmanagement/marketing_resources/list
2026-06-01 09:36:52.908 | INFO     | app.plugin.module_salesmanagement.marketing_resources.controller:get_marketing_resource_list_controller:66 - 查询营销资源列表成功
2026-06-01 09:36:52.912 | INFO     | app.core.middlewares:dispatch:197 - 响应状态: 200, 响应内容长度: 1558, 处理时间: 58.23ms
2026-06-01 09:52:10.025 | INFO     | app.core.middlewares:dispatch:109 - 请求来源: 127.0.0.1,请求方法: GET,请求路径: /api/v1/salesmanagement/marketing_resources/detail/2032
2026-06-01 09:52:10.116 | INFO     | app.plugin.module_salesmanagement.marketing_resources.controller:get_marketing_resource_detail_controller:42 - 获取营销资源详情成功 2032
2026-06-01 09:52:10.121 | INFO     | app.core.middlewares:dispatch:197 - 响应状态: 200, 响应内容长度: 640, 处理时间: 96.9ms
2026-06-01 09:52:13.414 | INFO     | app.core.middlewares:dispatch:109 - 请求来源: 127.0.0.1,请求方法: GET,请求路径: /api/v1/system/user/list
2026-06-01 09:52:13.452 | INFO     | app.api.v1.module_system.user.controller:get_obj_list_controller:234 - 查询用户成功
2026-06-01 09:52:13.457 | INFO     | app.core.middlewares:dispatch:197 - 响应状态: 200, 响应内容长度: 4207, 处理时间: 43.41ms
2026-06-01 09:52:25.335 | INFO     | app.core.middlewares:dispatch:109 - 请求来源: 127.0.0.1,请求方法: POST,请求路径: /api/v1/system/auth/logout
2026-06-01 09:52:25.346 | INFO     | app.api.v1.module_system.auth.service:logout_service:324 - 用户退出登录成功,会话编号:2c996c72-990e-4525-bba7-54a94c193c51
2026-06-01 09:52:25.346 | INFO     | app.api.v1.module_system.auth.controller:logout_controller:155 - 退出成功
2026-06-01 09:52:25.355 | INFO     | app.core.middlewares:dispatch:197 - 响应状态: 200, 响应内容长度: 76, 处理时间: 20.42ms
2026-06-01 09:52:25.369 | INFO     | app.core.middlewares:dispatch:109 - 请求来源: 127.0.0.1,请求方法: GET,请求路径: /api/v1/static/upload/2026/04/26/logo_20260426134735A387.png
2026-06-01 09:52:25.370 | ERROR    | app.core.exceptions:HttpExceptionHandler:102 - [HTTP异常] GET /api/v1/static/upload/2026/04/26/logo_20260426134735A387.png | 状态码: 404 | 错误信息: Not Found
2026-06-01 09:52:25.370 | INFO     | app.core.middlewares:dispatch:197 - 响应状态: 404, 响应内容长度: 74, 处理时间: 1.47ms
2026-06-01 09:52:25.487 | INFO     | app.core.middlewares:dispatch:109 - 请求来源: 127.0.0.1,请求方法: GET,请求路径: /api/v1/system/auth/auto-login/users
2026-06-01 09:52:25.487 | INFO     | app.core.middlewares:dispatch:109 - 请求来源: 127.0.0.1,请求方法: GET,请求路径: /api/v1/system/auth/captcha/get
2026-06-01 09:52:25.504 | INFO     | app.api.v1.module_system.auth.service:get_captcha_service:361 - 生成验证码成功,验证码:5
2026-06-01 09:52:25.505 | INFO     | app.api.v1.module_system.auth.controller:get_captcha_for_login_controller:127 - 获取验证码成功
2026-06-01 09:52:25.505 | INFO     | app.core.middlewares:dispatch:197 - 响应状态: 200, 响应内容长度: 1790, 处理时间: 17.91ms
2026-06-01 09:52:25.515 | INFO     | app.core.middlewares:dispatch:197 - 响应状态: 200, 响应内容长度: 828, 处理时间: 28.75ms
2026-06-01 09:52:28.262 | INFO     | app.core.middlewares:dispatch:109 - 请求来源: 127.0.0.1,请求方法: POST,请求路径: /api/v1/system/auth/auto-login/token
2026-06-01 09:52:28.269 | INFO     | app.api.v1.module_system.auth.service:create_auto_login_token_service:498 - 创建免登录Token成功,用户:wangxue_jiaqi
2026-06-01 09:52:28.273 | INFO     | app.core.middlewares:dispatch:197 - 响应状态: 200, 响应内容长度: 193, 处理时间: 10.69ms
2026-06-01 09:52:28.279 | INFO     | app.core.middlewares:dispatch:109 - 请求来源: 127.0.0.1,请求方法: POST,请求路径: /api/v1/system/auth/auto-login
2026-06-01 09:52:28.285 | INFO     | app.api.v1.module_system.auth.service:create_token_service:160 - 用户ID: 3, 用户名: wangxue_jiaqi 正在生成JWT令牌
2026-06-01 09:52:28.286 | INFO     | app.api.v1.module_system.auth.service:auto_login_service:562 - 用户wangxue_jiaqi免登录成功
2026-06-01 09:52:28.286 | INFO     | app.api.v1.module_system.auth.controller:auto_login_controller:237 - 用户免登录成功
2026-06-01 09:52:28.288 | INFO     | app.core.middlewares:dispatch:197 - 响应状态: 200, 响应内容长度: 601, 处理时间: 9.67ms
2026-06-01 09:52:28.294 | INFO     | app.core.middlewares:dispatch:109 - 请求来源: 127.0.0.1,请求方法: GET,请求路径: /api/v1/system/user/current/info
2026-06-01 09:52:28.337 | INFO     | app.api.v1.module_system.user.controller:get_current_user_info_controller:52 - 获取当前用户信息成功
2026-06-01 09:52:28.339 | INFO     | app.core.middlewares:dispatch:197 - 响应状态: 200, 响应内容长度: 1289, 处理时间: 45.4ms
2026-06-01 09:52:28.400 | INFO     | app.core.middlewares:dispatch:109 - 请求来源: 127.0.0.1,请求方法: GET,请求路径: /api/v1/static/upload/2026/04/26/logo_20260426134735A387.png
2026-06-01 09:52:28.401 | ERROR    | app.core.exceptions:HttpExceptionHandler:102 - [HTTP异常] GET /api/v1/static/upload/2026/04/26/logo_20260426134735A387.png | 状态码: 404 | 错误信息: Not Found
2026-06-01 09:52:28.402 | INFO     | app.core.middlewares:dispatch:197 - 响应状态: 404, 响应内容长度: 74, 处理时间: 1.15ms
2026-06-01 09:52:28.419 | INFO     | app.core.middlewares:dispatch:109 - 请求来源: 127.0.0.1,请求方法: GET,请求路径: /api/v1/system/notice/available
2026-06-01 09:52:28.420 | INFO     | app.core.middlewares:dispatch:109 - 请求来源: 127.0.0.1,请求方法: GET,请求路径: /api/v1/system/param/info
2026-06-01 09:52:28.422 | INFO     | app.api.v1.module_system.params.controller:get_init_obj_controller:286 - 获取初始化缓存参数成功 [{'id': 13, 'uuid': '67da0f23-d1cd-4df2-8314-26ba1d427d0a', 'status': '0', 'description': '初始化数据', 'created_time': '2026-05-28 13:54:50', 'updated_time': '2026-05-28 13:54:50', 'is_deleted': False, 'deleted_time': None, 'config_name': '演示模式启用', 'config_key': 'demo_enable', 'config_value': 'false', 'config_type': True}, {'id': 11, 'uuid': 'd65e0ca0-9a9c-437d-8fc2-b50bd548d088', 'status': '0', 'description': '初始化数据', 'created_time': '2026-05-28 13:54:50', 'updated_time': '2026-05-28 13:54:50', 'is_deleted': False, 'deleted_time': None, 'config_name': '源码代码', 'config_key': 'sys_git_code', 'config_value': 'https://github.com/fastapiadmin/FastapiAdmin.git', 'config_type': True}, {'id': 2, 'uuid': '34a2d16c-5121-4e17-9ac6-0373d6f42372', 'status': '0', 'description': '初始化数据', 'created_time': '2026-05-28 13:54:50', 'updated_time': '2026-05-28 13:54:50', 'is_deleted': False, 'deleted_time': None, 'config_name': '网站描述', 'config_key': 'sys_web_description', 'config_value': '嘉期新媒体科技CRM管理系统', 'config_type': True}, {'id': 12, 'uuid': '0ea7cd7e-b931-4ff8-96b9-ab7be4334099', 'status': '0', 'description': '初始化数据', 'created_time': '2026-05-28 13:54:50', 'updated_time': '2026-05-28 13:54:50', 'is_deleted': False, 'deleted_time': None, 'config_name': '项目版本', 'config_key': 'sys_web_version', 'config_value': '2.0.0', 'config_type': True}, {'id': 10, 'uuid': 'ef0c96df-11d2-42c1-95ea-6544ce3ff21a', 'status': '0', 'description': '初始化数据', 'created_time': '2026-05-28 13:54:50', 'updated_time': '2026-05-28 13:54:50', 'is_deleted': False, 'deleted_time': None, 'config_name': '用户协议', 'config_key': 'sys_web_clause', 'config_value': 'https://github.com/fastapiadmin/FastapiAdmin/blob/master/LICENSE', 'config_type': True}, {'id': 7, 'uuid': '874a8241-64a4-4118-b227-c440f7d065e1', 'status': '0', 'description': '初始化数据', 'created_time': '2026-05-28 13:54:50', 'updated_time': '2026-05-28 13:54:50', 'is_deleted': False, 'deleted_time': None, 'config_name': '备案信息', 'config_key': 'sys_keep_record', 'config_value': '陕ICP备2025069493号-1', 'config_type': True}, {'id': 1, 'uuid': '7703e8ce-bc19-4c6a-9d95-0e0b94bb1bbc', 'status': '0', 'description': '初始化数据', 'created_time': '2026-05-28 13:54:50', 'updated_time': '2026-05-28 13:54:50', 'is_deleted': False, 'deleted_time': None, 'config_name': '网站名称', 'config_key': 'sys_web_title', 'config_value': '嘉期新媒体科技CRM', 'config_type': True}, {'id': 4, 'uuid': '5d670058-6674-47ce-911b-5ed1ded0c7cb', 'status': '0', 'description': '初始化数据', 'created_time': '2026-05-28 13:54:50', 'updated_time': '2026-05-28 13:54:50', 'is_deleted': False, 'deleted_time': None, 'config_name': '网站Logo', 'config_key': 'sys_web_logo', 'config_value': '/api/v1/static/image/logo.png', 'config_type': True}, {'id': 16, 'uuid': '7a2bbbe6-30c6-40b9-8a0a-2a387fc17ccf', 'status': '0', 'description': '初始化数据', 'created_time': '2026-05-28 13:54:50', 'updated_time': '2026-05-28 13:54:50', 'is_deleted': False, 'deleted_time': None, 'config_name': '访问IP黑名单', 'config_key': 'ip_black_list', 'config_value': '[]', 'config_type': True}, {'id': 5, 'uuid': '64363cd6-75cc-40f2-a8b6-1e98112bdcd3', 'status': '0', 'description': '初始化数据', 'created_time': '2026-05-28 13:54:50', 'updated_time': '2026-05-28 13:54:50', 'is_deleted': False, 'deleted_time': None, 'config_name': '登录背景', 'config_key': 'sys_login_background', 'config_value': 'https://service.fastapiadmin.com/api/v1/static/image/background.svg', 'config_type': True}, {'id': 14, 'uuid': 'ff4574d4-c611-4637-88b0-92ed76347995', 'status': '0', 'description': '初始化数据', 'created_time': '2026-05-28 13:54:50', 'updated_time': '2026-05-28 13:54:50', 'is_deleted': False, 'deleted_time': None, 'config_name': '演示访问IP白名单', 'config_key': 'ip_white_list', 'config_value': '["127.0.0.1"]', 'config_type': True}, {'id': 8, 'uuid': 'f8aef1af-405e-400f-8610-ae0b25ed6e38', 'status': '0', 'description': '初始化数据', 'created_time': '2026-05-28 13:54:50', 'updated_time': '2026-05-28 13:54:50', 'is_deleted': False, 'deleted_time': None, 'config_name': '帮助文档', 'config_key': 'sys_help_doc', 'config_value': 'https://service.fastapiadmin.com', 'config_type': True}, {'id': 9, 'uuid': '6f210f47-7c9d-4544-b33c-1f8a3b3ec68c', 'status': '0', 'description': '初始化数据', 'created_time': '2026-05-28 13:54:50', 'updated_time': '2026-05-28 13:54:50', 'is_deleted': False, 'deleted_time': None, 'config_name': '隐私政策', 'config_key': 'sys_web_privacy', 'config_value': 'https://github.com/fastapiadmin/FastapiAdmin/blob/master/LICENSE', 'config_type': True}, {'id': 3, 'uuid': 'fbed94cd-159f-485a-befb-86039b2280a6', 'status': '0', 'description': '初始化数据', 'created_time': '2026-05-28 13:54:50', 'updated_time': '2026-05-28 13:54:50', 'is_deleted': False, 'deleted_time': None, 'config_name': '网页图标', 'config_key': 'sys_web_favicon', 'config_value': '/api/v1/static/image/favicon.png', 'config_type': True}, {'id': 6, 'uuid': 'ed22bf5f-4d2d-4c3c-a368-2901c51836dc', 'status': '0', 'description': '初始化数据', 'created_time': '2026-05-28 13:54:50', 'updated_time': '2026-05-28 13:54:50', 'is_deleted': False, 'deleted_time': None, 'config_name': '版权信息', 'config_key': 'sys_web_copyright', 'config_value': 'Copyright © 2025-2026 service.fastapiadmin.com 版权所有', 'config_type': True}, {'id': 17, 'uuid': '74e27d3b-5cff-48da-a9e5-126385c4bbfc', 'status': '0', 'description': None, 'created_time': '2026-05-28 15:10:40', 'updated_time': '2026-05-28 15:10:40', 'is_deleted': False, 'deleted_time': None, 'config_name': '调度器状态', 'config_key': 'scheduler_status', 'config_value': 'stopped', 'config_type': True}, {'id': 15, 'uuid': 'a0831a35-52ac-4449-9620-93c03b8c85d8', 'status': '0', 'description': '初始化数据', 'created_time': '2026-05-28 13:54:50', 'updated_time': '2026-05-28 13:54:50', 'is_deleted': False, 'deleted_time': None, 'config_name': '接口白名单', 'config_key': 'white_api_list_path', 'config_value': '["/api/v1/system/auth/login", "/api/v1/system/auth/token/refresh", "/api/v1/system/auth/captcha/get", "/api/v1/system/auth/logout", "/api/v1/system/config/info", "/api/v1/system/user/current/info", "/api/v1/system/notice/available", "/api/v1/system/auth/auto-login/users", "/api/v1/system/auth/auto-login/token", "/api/v1/system/auth/auto-login"]', 'config_type': True}]
2026-06-01 09:52:28.424 | INFO     | app.core.middlewares:dispatch:197 - 响应状态: 200, 响应内容长度: 1511, 处理时间: 4.11ms
2026-06-01 09:52:28.494 | INFO     | app.api.v1.module_system.notice.controller:get_obj_list_available_controller:231 - 查询已启用公告列表成功
2026-06-01 09:52:28.497 | INFO     | app.core.middlewares:dispatch:197 - 响应状态: 200, 响应内容长度: 159, 处理时间: 77.31ms
2026-06-01 09:52:31.451 | INFO     | app.core.middlewares:dispatch:109 - 请求来源: 127.0.0.1,请求方法: GET,请求路径: /api/v1/salesmanagement/marketing_resources/list
2026-06-01 09:52:31.461 | INFO     | app.core.middlewares:dispatch:109 - 请求来源: 127.0.0.1,请求方法: GET,请求路径: /api/v1/system/dict/data/info/crm_marketing_resources_importance
2026-06-01 09:52:31.464 | INFO     | app.api.v1.module_system.dict.controller:get_init_dict_data_controller:526 - 获取初始化字典数据成功：[{'id': 35, 'uuid': '9beace41-c470-4a92-b0bb-4cce9c51df78', 'status': '0', 'description': None, 'created_time': '2026-06-01 09:15:48', 'updated_time': '2026-06-01 09:15:48', 'is_deleted': False, 'deleted_time': None, 'dict_sort': 1, 'dict_label': '普通', 'dict_value': 'normal', 'dict_type': 'crm_marketing_resources_importance', 'dict_type_id': 11, 'css_class': None, 'list_class': None, 'is_default': True}, {'id': 36, 'uuid': 'b125da0a-0c07-40de-8af4-3c4f8db74cca', 'status': '0', 'description': None, 'created_time': '2026-06-01 09:15:48', 'updated_time': '2026-06-01 09:15:48', 'is_deleted': False, 'deleted_time': None, 'dict_sort': 2, 'dict_label': '紧急', 'dict_value': 'urgent', 'dict_type': 'crm_marketing_resources_importance', 'dict_type_id': 11, 'css_class': None, 'list_class': None, 'is_default': False}]
2026-06-01 09:52:31.465 | INFO     | app.core.middlewares:dispatch:197 - 响应状态: 200, 响应内容长度: 853, 处理时间: 4.14ms
2026-06-01 09:52:31.549 | INFO     | app.plugin.module_salesmanagement.marketing_resources.controller:get_marketing_resource_list_controller:66 - 查询营销资源列表成功
2026-06-01 09:52:31.553 | INFO     | app.core.middlewares:dispatch:197 - 响应状态: 200, 响应内容长度: 1472, 处理时间: 102.87ms
2026-06-01 09:52:31.558 | INFO     | app.core.middlewares:dispatch:109 - 请求来源: 127.0.0.1,请求方法: GET,请求路径: /api/v1/salesmanagement/marketing_resources/list
2026-06-01 09:52:31.589 | INFO     | app.plugin.module_salesmanagement.marketing_resources.controller:get_marketing_resource_list_controller:66 - 查询营销资源列表成功
2026-06-01 09:52:31.601 | INFO     | app.core.middlewares:dispatch:197 - 响应状态: 200, 响应内容长度: 1472, 处理时间: 43.06ms
2026-06-01 09:52:39.963 | INFO     | app.core.middlewares:dispatch:109 - 请求来源: 127.0.0.1,请求方法: POST,请求路径: /api/v1/system/auth/logout
2026-06-01 09:52:40.220 | INFO     | app.api.v1.module_system.auth.service:logout_service:324 - 用户退出登录成功,会话编号:d7f904ef-08dc-4c2c-a417-faf5c2490de3
2026-06-01 09:52:40.220 | INFO     | app.api.v1.module_system.auth.controller:logout_controller:155 - 退出成功
2026-06-01 09:52:40.228 | INFO     | app.core.middlewares:dispatch:197 - 响应状态: 200, 响应内容长度: 76, 处理时间: 265.15ms
2026-06-01 09:52:40.278 | INFO     | app.core.middlewares:dispatch:109 - 请求来源: 127.0.0.1,请求方法: GET,请求路径: /api/v1/system/auth/auto-login/users
2026-06-01 09:52:40.278 | INFO     | app.core.middlewares:dispatch:109 - 请求来源: 127.0.0.1,请求方法: GET,请求路径: /api/v1/system/auth/captcha/get
2026-06-01 09:52:40.285 | INFO     | app.api.v1.module_system.auth.service:get_captcha_service:361 - 生成验证码成功,验证码:1
2026-06-01 09:52:40.285 | INFO     | app.api.v1.module_system.auth.controller:get_captcha_for_login_controller:127 - 获取验证码成功
2026-06-01 09:52:40.286 | INFO     | app.core.middlewares:dispatch:197 - 响应状态: 200, 响应内容长度: 2155, 处理时间: 7.11ms
2026-06-01 09:52:40.297 | INFO     | app.core.middlewares:dispatch:197 - 响应状态: 200, 响应内容长度: 828, 处理时间: 18.65ms
